,file,file_id,asu_id,BATCH,CCpred
0,./thermolysin_dw/thl_1p8A_grid_predictions_0.mtz,0,0,1,0.8579531
1,./thermolysin_dw/thl_1p8A_grid_predictions_0.mtz,0,0,2,0.91388774
2,./thermolysin_dw/thl_1p8A_grid_predictions_0.mtz,0,0,3,0.9583731
3,./thermolysin_dw/thl_1p8A_grid_predictions_0.mtz,0,0,4,0.97603774
4,./thermolysin_dw/thl_1p8A_grid_predictions_0.mtz,0,0,5,0.9097132
5,./thermolysin_dw/thl_1p8A_grid_predictions_0.mtz,0,0,6,0.89113384
6,./thermolysin_dw/thl_1p8A_grid_predictions_0.mtz,0,0,7,0.9226467
7,./thermolysin_dw/thl_1p8A_grid_predictions_0.mtz,0,0,8,0.91558
8,./thermolysin_dw/thl_1p8A_grid_predictions_0.mtz,0,0,9,0.92536074
9,./thermolysin_dw/thl_1p8A_grid_predictions_0.mtz,0,0,10,0.9066252
10,./thermolysin_dw/thl_1p8A_grid_predictions_0.mtz,0,0,11,0.92567134
11,./thermolysin_dw/thl_1p8A_grid_predictions_0.mtz,0,0,12,0.96473575
12,./thermolysin_dw/thl_1p8A_grid_predictions_0.mtz,0,0,13,0.9222372
13,./thermolysin_dw/thl_1p8A_grid_predictions_0.mtz,0,0,14,0.51914227
14,./thermolysin_dw/thl_1p8A_grid_predictions_0.mtz,0,0,15,0.94925094
15,./thermolysin_dw/thl_1p8A_grid_predictions_0.mtz,0,0,16,0.8398219
16,./thermolysin_dw/thl_1p8A_grid_predictions_0.mtz,0,0,17,0.9165282
17,./thermolysin_dw/thl_1p8A_grid_predictions_0.mtz,0,0,18,0.8937461
18,./thermolysin_dw/thl_1p8A_grid_predictions_0.mtz,0,0,19,0.8756489
19,./thermolysin_dw/thl_1p8A_grid_predictions_0.mtz,0,0,20,0.6732271
20,./thermolysin_dw/thl_1p8A_grid_predictions_0.mtz,0,0,21,0.93823934
21,./thermolysin_dw/thl_1p8A_grid_predictions_0.mtz,0,0,22,0.9216231
22,./thermolysin_dw/thl_1p8A_grid_predictions_0.mtz,0,0,23,0.96484786
23,./thermolysin_dw/thl_1p8A_grid_predictions_0.mtz,0,0,24,0.88534886
24,./thermolysin_dw/thl_1p8A_grid_predictions_0.mtz,0,0,25,0.95066017
25,./thermolysin_dw/thl_1p8A_grid_predictions_0.mtz,0,0,26,0.9500418
26,./thermolysin_dw/thl_1p8A_grid_predictions_0.mtz,0,0,27,0.9367022
27,./thermolysin_dw/thl_1p8A_grid_predictions_0.mtz,0,0,28,0.8178939
28,./thermolysin_dw/thl_1p8A_grid_predictions_0.mtz,0,0,29,0.91213816
29,./thermolysin_dw/thl_1p8A_grid_predictions_0.mtz,0,0,30,0.9194856
30,./thermolysin_dw/thl_1p8A_grid_predictions_0.mtz,0,0,31,0.8997384
31,./thermolysin_dw/thl_1p8A_grid_predictions_0.mtz,0,0,32,0.953167
32,./thermolysin_dw/thl_1p8A_grid_predictions_0.mtz,0,0,33,0.9272458
33,./thermolysin_dw/thl_1p8A_grid_predictions_0.mtz,0,0,34,0.90842015
34,./thermolysin_dw/thl_1p8A_grid_predictions_0.mtz,0,0,35,0.89131993
35,./thermolysin_dw/thl_1p8A_grid_predictions_0.mtz,0,0,36,0.61352456
36,./thermolysin_dw/thl_1p8A_grid_predictions_0.mtz,0,0,37,0.85947275
37,./thermolysin_dw/thl_1p8A_grid_predictions_0.mtz,0,0,38,0.9500223
38,./thermolysin_dw/thl_1p8A_grid_predictions_0.mtz,0,0,39,0.9342671
39,./thermolysin_dw/thl_1p8A_grid_predictions_0.mtz,0,0,40,0.9198542
40,./thermolysin_dw/thl_1p8A_grid_predictions_0.mtz,0,0,41,0.97530466
41,./thermolysin_dw/thl_1p8A_grid_predictions_0.mtz,0,0,42,0.94020396
42,./thermolysin_dw/thl_1p8A_grid_predictions_0.mtz,0,0,43,0.940524
43,./thermolysin_dw/thl_1p8A_grid_predictions_0.mtz,0,0,44,0.8436535
44,./thermolysin_dw/thl_1p8A_grid_predictions_0.mtz,0,0,45,0.88012326
45,./thermolysin_dw/thl_1p8A_grid_predictions_0.mtz,0,0,46,0.74524325
46,./thermolysin_dw/thl_1p8A_grid_predictions_0.mtz,0,0,47,0.9499777
47,./thermolysin_dw/thl_1p8A_grid_predictions_0.mtz,0,0,48,0.9183593
48,./thermolysin_dw/thl_1p8A_grid_predictions_0.mtz,0,0,49,0.9149971
49,./thermolysin_dw/thl_1p8A_grid_predictions_0.mtz,0,0,50,0.94726574
50,./thermolysin_dw/thl_1p8A_grid_predictions_0.mtz,0,0,51,0.9570323
51,./thermolysin_dw/thl_1p8A_grid_predictions_0.mtz,0,0,52,0.9192
52,./thermolysin_dw/thl_1p8A_grid_predictions_0.mtz,0,0,53,0.84974307
53,./thermolysin_dw/thl_1p8A_grid_predictions_0.mtz,0,0,54,0.9500956
54,./thermolysin_dw/thl_1p8A_grid_predictions_0.mtz,0,0,55,0.8602395
55,./thermolysin_dw/thl_1p8A_grid_predictions_0.mtz,0,0,56,0.8890227
56,./thermolysin_dw/thl_1p8A_grid_predictions_0.mtz,0,0,57,0.94651276
57,./thermolysin_dw/thl_1p8A_grid_predictions_0.mtz,0,0,58,0.93616414
58,./thermolysin_dw/thl_1p8A_grid_predictions_0.mtz,0,0,59,0.9307178
59,./thermolysin_dw/thl_1p8A_grid_predictions_0.mtz,0,0,60,0.9541659
60,./thermolysin_dw/thl_1p8A_grid_predictions_0.mtz,0,0,61,0.68415487
61,./thermolysin_dw/thl_1p8A_grid_predictions_0.mtz,0,0,62,0.8067178
62,./thermolysin_dw/thl_1p8A_grid_predictions_0.mtz,0,0,63,0.9755186
63,./thermolysin_dw/thl_1p8A_grid_predictions_0.mtz,0,0,64,0.9424749
64,./thermolysin_dw/thl_1p8A_grid_predictions_0.mtz,0,0,65,0.8766391
65,./thermolysin_dw/thl_1p8A_grid_predictions_0.mtz,0,0,66,0.87849945
66,./thermolysin_dw/thl_1p8A_grid_predictions_0.mtz,0,0,67,0.7867077
67,./thermolysin_dw/thl_1p8A_grid_predictions_0.mtz,0,0,68,0.7977518
68,./thermolysin_dw/thl_1p8A_grid_predictions_0.mtz,0,0,69,0.86831266
69,./thermolysin_dw/thl_1p8A_grid_predictions_0.mtz,0,0,70,0.89600545
70,./thermolysin_dw/thl_1p8A_grid_predictions_0.mtz,0,0,71,0.9084934
71,./thermolysin_dw/thl_1p8A_grid_predictions_0.mtz,0,0,72,0.7953257
72,./thermolysin_dw/thl_1p8A_grid_predictions_0.mtz,0,0,73,0.91928184
73,./thermolysin_dw/thl_1p8A_grid_predictions_0.mtz,0,0,74,0.9304089
74,./thermolysin_dw/thl_1p8A_grid_predictions_0.mtz,0,0,75,0.91987944
75,./thermolysin_dw/thl_1p8A_grid_predictions_0.mtz,0,0,76,0.79950666
76,./thermolysin_dw/thl_1p8A_grid_predictions_0.mtz,0,0,77,0.9127529
77,./thermolysin_dw/thl_1p8A_grid_predictions_0.mtz,0,0,78,0.9530216
78,./thermolysin_dw/thl_1p8A_grid_predictions_0.mtz,0,0,79,0.96039224
79,./thermolysin_dw/thl_1p8A_grid_predictions_0.mtz,0,0,80,0.97041845
80,./thermolysin_dw/thl_1p8A_grid_predictions_0.mtz,0,0,81,0.91410553
81,./thermolysin_dw/thl_1p8A_grid_predictions_0.mtz,0,0,82,0.761165
82,./thermolysin_dw/thl_1p8A_grid_predictions_0.mtz,0,0,83,0.82805747
83,./thermolysin_dw/thl_1p8A_grid_predictions_0.mtz,0,0,84,0.85277337
84,./thermolysin_dw/thl_1p8A_grid_predictions_0.mtz,0,0,85,0.9259512
85,./thermolysin_dw/thl_1p8A_grid_predictions_0.mtz,0,0,86,0.9626032
86,./thermolysin_dw/thl_1p8A_grid_predictions_0.mtz,0,0,87,0.92458206
87,./thermolysin_dw/thl_1p8A_grid_predictions_0.mtz,0,0,88,0.9533901
88,./thermolysin_dw/thl_1p8A_grid_predictions_0.mtz,0,0,89,0.847319
89,./thermolysin_dw/thl_1p8A_grid_predictions_0.mtz,0,0,90,0.87124103
90,./thermolysin_dw/thl_1p8A_grid_predictions_0.mtz,0,0,91,0.93943065
91,./thermolysin_dw/thl_1p8A_grid_predictions_0.mtz,0,0,92,0.88868815
92,./thermolysin_dw/thl_1p8A_grid_predictions_0.mtz,0,0,93,0.9535459
93,./thermolysin_dw/thl_1p8A_grid_predictions_0.mtz,0,0,94,0.8980345
94,./thermolysin_dw/thl_1p8A_grid_predictions_0.mtz,0,0,95,0.891212
95,./thermolysin_dw/thl_1p8A_grid_predictions_0.mtz,0,0,96,0.9412426
96,./thermolysin_dw/thl_1p8A_grid_predictions_0.mtz,0,0,97,0.72018325
97,./thermolysin_dw/thl_1p8A_grid_predictions_0.mtz,0,0,98,0.9559099
98,./thermolysin_dw/thl_1p8A_grid_predictions_0.mtz,0,0,99,0.93339586
99,./thermolysin_dw/thl_1p8A_grid_predictions_0.mtz,0,0,100,0.77513635
100,./thermolysin_dw/thl_1p8A_grid_predictions_0.mtz,0,0,101,0.88214064
101,./thermolysin_dw/thl_1p8A_grid_predictions_0.mtz,0,0,102,0.88768166
102,./thermolysin_dw/thl_1p8A_grid_predictions_0.mtz,0,0,103,0.9131316
103,./thermolysin_dw/thl_1p8A_grid_predictions_0.mtz,0,0,104,0.90672714
104,./thermolysin_dw/thl_1p8A_grid_predictions_0.mtz,0,0,105,0.8750373
105,./thermolysin_dw/thl_1p8A_grid_predictions_0.mtz,0,0,106,0.8766637
106,./thermolysin_dw/thl_1p8A_grid_predictions_0.mtz,0,0,107,0.84162813
107,./thermolysin_dw/thl_1p8A_grid_predictions_0.mtz,0,0,108,0.9465039
108,./thermolysin_dw/thl_1p8A_grid_predictions_0.mtz,0,0,109,0.94374675
109,./thermolysin_dw/thl_1p8A_grid_predictions_0.mtz,0,0,110,0.90734273
110,./thermolysin_dw/thl_1p8A_grid_predictions_0.mtz,0,0,111,0.92838204
111,./thermolysin_dw/thl_1p8A_grid_predictions_0.mtz,0,0,112,0.566621
112,./thermolysin_dw/thl_1p8A_grid_predictions_0.mtz,0,0,113,0.94744533
113,./thermolysin_dw/thl_1p8A_grid_predictions_0.mtz,0,0,114,0.7824788
114,./thermolysin_dw/thl_1p8A_grid_predictions_0.mtz,0,0,115,0.9596144
115,./thermolysin_dw/thl_1p8A_grid_predictions_0.mtz,0,0,116,0.9380763
116,./thermolysin_dw/thl_1p8A_grid_predictions_0.mtz,0,0,117,0.896134
117,./thermolysin_dw/thl_1p8A_grid_predictions_0.mtz,0,0,118,0.88029945
118,./thermolysin_dw/thl_1p8A_grid_predictions_0.mtz,0,0,119,0.90520525
119,./thermolysin_dw/thl_1p8A_grid_predictions_0.mtz,0,0,120,0.8686233
120,./thermolysin_dw/thl_1p8A_grid_predictions_0.mtz,0,0,121,0.7936565
121,./thermolysin_dw/thl_1p8A_grid_predictions_0.mtz,0,0,122,0.68294936
122,./thermolysin_dw/thl_1p8A_grid_predictions_0.mtz,0,0,123,0.93703556
123,./thermolysin_dw/thl_1p8A_grid_predictions_0.mtz,0,0,124,0.8573767
124,./thermolysin_dw/thl_1p8A_grid_predictions_0.mtz,0,0,125,0.87863445
125,./thermolysin_dw/thl_1p8A_grid_predictions_0.mtz,0,0,126,0.8954689
126,./thermolysin_dw/thl_1p8A_grid_predictions_0.mtz,0,0,127,0.72450686
127,./thermolysin_dw/thl_1p8A_grid_predictions_0.mtz,0,0,128,0.61292773
128,./thermolysin_dw/thl_1p8A_grid_predictions_0.mtz,0,0,129,0.69876647
129,./thermolysin_dw/thl_1p8A_grid_predictions_0.mtz,0,0,130,0.90934396
130,./thermolysin_dw/thl_1p8A_grid_predictions_0.mtz,0,0,131,0.95352554
131,./thermolysin_dw/thl_1p8A_grid_predictions_0.mtz,0,0,132,0.95875984
132,./thermolysin_dw/thl_1p8A_grid_predictions_0.mtz,0,0,133,0.9169655
133,./thermolysin_dw/thl_1p8A_grid_predictions_0.mtz,0,0,134,0.9087504
134,./thermolysin_dw/thl_1p8A_grid_predictions_0.mtz,0,0,135,0.8156847
135,./thermolysin_dw/thl_1p8A_grid_predictions_0.mtz,0,0,136,0.92169166
136,./thermolysin_dw/thl_1p8A_grid_predictions_0.mtz,0,0,137,0.8620654
137,./thermolysin_dw/thl_1p8A_grid_predictions_0.mtz,0,0,138,0.8807018
138,./thermolysin_dw/thl_1p8A_grid_predictions_0.mtz,0,0,139,0.8752609
139,./thermolysin_dw/thl_1p8A_grid_predictions_0.mtz,0,0,140,0.8671666
140,./thermolysin_dw/thl_1p8A_grid_predictions_0.mtz,0,0,141,0.8790002
141,./thermolysin_dw/thl_1p8A_grid_predictions_0.mtz,0,0,142,0.9130601
142,./thermolysin_dw/thl_1p8A_grid_predictions_0.mtz,0,0,143,0.3880217
143,./thermolysin_dw/thl_1p8A_grid_predictions_0.mtz,0,0,144,0.90907377
144,./thermolysin_dw/thl_1p8A_grid_predictions_0.mtz,0,0,145,0.8908163
145,./thermolysin_dw/thl_1p8A_grid_predictions_0.mtz,0,0,146,0.9404497
146,./thermolysin_dw/thl_1p8A_grid_predictions_0.mtz,0,0,147,0.89931184
147,./thermolysin_dw/thl_1p8A_grid_predictions_0.mtz,0,0,148,0.8989069
148,./thermolysin_dw/thl_1p8A_grid_predictions_0.mtz,0,0,149,0.9258691
149,./thermolysin_dw/thl_1p8A_grid_predictions_0.mtz,0,0,150,0.9273056
150,./thermolysin_dw/thl_1p8A_grid_predictions_0.mtz,0,0,151,0.83136594
151,./thermolysin_dw/thl_1p8A_grid_predictions_0.mtz,0,0,152,0.8799936
152,./thermolysin_dw/thl_1p8A_grid_predictions_0.mtz,0,0,153,0.9550942
153,./thermolysin_dw/thl_1p8A_grid_predictions_0.mtz,0,0,154,0.8848039
154,./thermolysin_dw/thl_1p8A_grid_predictions_0.mtz,0,0,155,0.9316705
155,./thermolysin_dw/thl_1p8A_grid_predictions_0.mtz,0,0,156,0.9464384
156,./thermolysin_dw/thl_1p8A_grid_predictions_0.mtz,0,0,157,0.9058549
157,./thermolysin_dw/thl_1p8A_grid_predictions_0.mtz,0,0,158,0.95856786
158,./thermolysin_dw/thl_1p8A_grid_predictions_0.mtz,0,0,159,0.925367
159,./thermolysin_dw/thl_1p8A_grid_predictions_0.mtz,0,0,160,0.8817664
160,./thermolysin_dw/thl_1p8A_grid_predictions_0.mtz,0,0,161,0.8574837
161,./thermolysin_dw/thl_1p8A_grid_predictions_0.mtz,0,0,162,0.9434089
162,./thermolysin_dw/thl_1p8A_grid_predictions_0.mtz,0,0,163,0.9646793
163,./thermolysin_dw/thl_1p8A_grid_predictions_0.mtz,0,0,164,0.8908664
164,./thermolysin_dw/thl_1p8A_grid_predictions_0.mtz,0,0,165,0.9355301
165,./thermolysin_dw/thl_1p8A_grid_predictions_0.mtz,0,0,166,0.81127477
166,./thermolysin_dw/thl_1p8A_grid_predictions_0.mtz,0,0,167,0.95161337
167,./thermolysin_dw/thl_1p8A_grid_predictions_0.mtz,0,0,168,0.9266465
168,./thermolysin_dw/thl_1p8A_grid_predictions_0.mtz,0,0,169,0.8718901
169,./thermolysin_dw/thl_1p8A_grid_predictions_0.mtz,0,0,170,0.9552779
170,./thermolysin_dw/thl_1p8A_grid_predictions_0.mtz,0,0,171,0.8209092
171,./thermolysin_dw/thl_1p8A_grid_predictions_0.mtz,0,0,172,0.93365556
172,./thermolysin_dw/thl_1p8A_grid_predictions_0.mtz,0,0,173,0.8187386
173,./thermolysin_dw/thl_1p8A_grid_predictions_0.mtz,0,0,174,0.92896724
174,./thermolysin_dw/thl_1p8A_grid_predictions_0.mtz,0,0,175,0.7763435
175,./thermolysin_dw/thl_1p8A_grid_predictions_0.mtz,0,0,176,0.9004991
176,./thermolysin_dw/thl_1p8A_grid_predictions_0.mtz,0,0,177,0.8342637
177,./thermolysin_dw/thl_1p8A_grid_predictions_0.mtz,0,0,178,0.9251979
178,./thermolysin_dw/thl_1p8A_grid_predictions_0.mtz,0,0,179,0.8903362
179,./thermolysin_dw/thl_1p8A_grid_predictions_0.mtz,0,0,180,0.9309585
180,./thermolysin_dw/thl_1p8A_grid_predictions_0.mtz,0,0,181,0.7581548
181,./thermolysin_dw/thl_1p8A_grid_predictions_0.mtz,0,0,182,0.91217744
182,./thermolysin_dw/thl_1p8A_grid_predictions_0.mtz,0,0,183,0.7751792
183,./thermolysin_dw/thl_1p8A_grid_predictions_0.mtz,0,0,184,0.90298074
184,./thermolysin_dw/thl_1p8A_grid_predictions_0.mtz,0,0,185,0.91248846
185,./thermolysin_dw/thl_1p8A_grid_predictions_0.mtz,0,0,186,0.97060347
186,./thermolysin_dw/thl_1p8A_grid_predictions_0.mtz,0,0,187,0.85162926
187,./thermolysin_dw/thl_1p8A_grid_predictions_0.mtz,0,0,188,0.9432224
188,./thermolysin_dw/thl_1p8A_grid_predictions_0.mtz,0,0,189,0.91724396
189,./thermolysin_dw/thl_1p8A_grid_predictions_0.mtz,0,0,190,0.9289514
190,./thermolysin_dw/thl_1p8A_grid_predictions_0.mtz,0,0,191,0.9630302
191,./thermolysin_dw/thl_1p8A_grid_predictions_0.mtz,0,0,192,0.9292459
192,./thermolysin_dw/thl_1p8A_grid_predictions_0.mtz,0,0,193,0.95828646
193,./thermolysin_dw/thl_1p8A_grid_predictions_0.mtz,0,0,194,0.9099847
194,./thermolysin_dw/thl_1p8A_grid_predictions_0.mtz,0,0,195,0.86962795
195,./thermolysin_dw/thl_1p8A_grid_predictions_0.mtz,0,0,196,0.9088063
196,./thermolysin_dw/thl_1p8A_grid_predictions_0.mtz,0,0,197,0.9441779
197,./thermolysin_dw/thl_1p8A_grid_predictions_0.mtz,0,0,198,0.8144206
198,./thermolysin_dw/thl_1p8A_grid_predictions_0.mtz,0,0,199,0.95166844
199,./thermolysin_dw/thl_1p8A_grid_predictions_0.mtz,0,0,200,0.80485934
200,./thermolysin_dw/thl_1p8A_grid_predictions_0.mtz,0,0,201,0.7222807
201,./thermolysin_dw/thl_1p8A_grid_predictions_0.mtz,0,0,202,0.88568634
202,./thermolysin_dw/thl_1p8A_grid_predictions_0.mtz,0,0,203,0.9474158
203,./thermolysin_dw/thl_1p8A_grid_predictions_0.mtz,0,0,204,0.9278626
204,./thermolysin_dw/thl_1p8A_grid_predictions_0.mtz,0,0,205,0.8082993
205,./thermolysin_dw/thl_1p8A_grid_predictions_0.mtz,0,0,206,0.85523504
206,./thermolysin_dw/thl_1p8A_grid_predictions_0.mtz,0,0,207,0.85338646
207,./thermolysin_dw/thl_1p8A_grid_predictions_0.mtz,0,0,208,0.88907605
208,./thermolysin_dw/thl_1p8A_grid_predictions_0.mtz,0,0,209,0.9359063
209,./thermolysin_dw/thl_1p8A_grid_predictions_0.mtz,0,0,210,0.80905867
210,./thermolysin_dw/thl_1p8A_grid_predictions_0.mtz,0,0,211,0.7605379
211,./thermolysin_dw/thl_1p8A_grid_predictions_0.mtz,0,0,212,0.67781913
212,./thermolysin_dw/thl_1p8A_grid_predictions_0.mtz,0,0,213,0.85378087
213,./thermolysin_dw/thl_1p8A_grid_predictions_0.mtz,0,0,214,0.76516753
214,./thermolysin_dw/thl_1p8A_grid_predictions_0.mtz,0,0,215,0.8778678
215,./thermolysin_dw/thl_1p8A_grid_predictions_0.mtz,0,0,216,0.8389673
216,./thermolysin_dw/thl_1p8A_grid_predictions_0.mtz,0,0,217,0.82948875
217,./thermolysin_dw/thl_1p8A_grid_predictions_0.mtz,0,0,218,0.89682156
218,./thermolysin_dw/thl_1p8A_grid_predictions_0.mtz,0,0,219,0.9338623
219,./thermolysin_dw/thl_1p8A_grid_predictions_0.mtz,0,0,220,0.79332817
220,./thermolysin_dw/thl_1p8A_grid_predictions_0.mtz,0,0,221,0.96937925
221,./thermolysin_dw/thl_1p8A_grid_predictions_0.mtz,0,0,222,0.95250636
222,./thermolysin_dw/thl_1p8A_grid_predictions_0.mtz,0,0,223,0.92601216
223,./thermolysin_dw/thl_1p8A_grid_predictions_0.mtz,0,0,224,0.91543156
224,./thermolysin_dw/thl_1p8A_grid_predictions_0.mtz,0,0,225,0.89951384
225,./thermolysin_dw/thl_1p8A_grid_predictions_0.mtz,0,0,226,0.90274584
226,./thermolysin_dw/thl_1p8A_grid_predictions_0.mtz,0,0,227,0.93791956
227,./thermolysin_dw/thl_1p8A_grid_predictions_0.mtz,0,0,228,0.9372311
228,./thermolysin_dw/thl_1p8A_grid_predictions_0.mtz,0,0,229,0.84871614
229,./thermolysin_dw/thl_1p8A_grid_predictions_0.mtz,0,0,230,0.961883
230,./thermolysin_dw/thl_1p8A_grid_predictions_0.mtz,0,0,231,0.88462555
231,./thermolysin_dw/thl_1p8A_grid_predictions_0.mtz,0,0,232,0.93671596
232,./thermolysin_dw/thl_1p8A_grid_predictions_0.mtz,0,0,233,0.8743395
233,./thermolysin_dw/thl_1p8A_grid_predictions_0.mtz,0,0,234,0.9451781
234,./thermolysin_dw/thl_1p8A_grid_predictions_0.mtz,0,0,235,0.89928627
235,./thermolysin_dw/thl_1p8A_grid_predictions_0.mtz,0,0,236,0.7999731
236,./thermolysin_dw/thl_1p8A_grid_predictions_0.mtz,0,0,237,0.88724685
237,./thermolysin_dw/thl_1p8A_grid_predictions_0.mtz,0,0,238,0.940266
238,./thermolysin_dw/thl_1p8A_grid_predictions_0.mtz,0,0,239,0.81377715
239,./thermolysin_dw/thl_1p8A_grid_predictions_0.mtz,0,0,240,0.8559645
240,./thermolysin_dw/thl_1p8A_grid_predictions_0.mtz,0,0,241,0.87252104
241,./thermolysin_dw/thl_1p8A_grid_predictions_0.mtz,0,0,242,0.93880385
242,./thermolysin_dw/thl_1p8A_grid_predictions_0.mtz,0,0,243,0.86274916
243,./thermolysin_dw/thl_1p8A_grid_predictions_0.mtz,0,0,244,0.8406454
244,./thermolysin_dw/thl_1p8A_grid_predictions_0.mtz,0,0,245,0.903829
245,./thermolysin_dw/thl_1p8A_grid_predictions_0.mtz,0,0,246,0.9295013
246,./thermolysin_dw/thl_1p8A_grid_predictions_0.mtz,0,0,247,0.9321543
247,./thermolysin_dw/thl_1p8A_grid_predictions_0.mtz,0,0,248,0.8675425
248,./thermolysin_dw/thl_1p8A_grid_predictions_0.mtz,0,0,249,0.95350695
249,./thermolysin_dw/thl_1p8A_grid_predictions_0.mtz,0,0,250,0.9689436
250,./thermolysin_dw/thl_1p8A_grid_predictions_0.mtz,0,0,251,0.85742384
251,./thermolysin_dw/thl_1p8A_grid_predictions_0.mtz,0,0,252,0.6112927
252,./thermolysin_dw/thl_1p8A_grid_predictions_0.mtz,0,0,253,0.96732783
253,./thermolysin_dw/thl_1p8A_grid_predictions_0.mtz,0,0,254,0.93206394
254,./thermolysin_dw/thl_1p8A_grid_predictions_0.mtz,0,0,255,0.780584
255,./thermolysin_dw/thl_1p8A_grid_predictions_0.mtz,0,0,256,0.9201774
256,./thermolysin_dw/thl_1p8A_grid_predictions_0.mtz,0,0,257,0.93259597
257,./thermolysin_dw/thl_1p8A_grid_predictions_0.mtz,0,0,258,0.94669086
258,./thermolysin_dw/thl_1p8A_grid_predictions_0.mtz,0,0,259,0.90048593
259,./thermolysin_dw/thl_1p8A_grid_predictions_0.mtz,0,0,260,0.85635763
260,./thermolysin_dw/thl_1p8A_grid_predictions_0.mtz,0,0,261,0.92384607
261,./thermolysin_dw/thl_1p8A_grid_predictions_0.mtz,0,0,262,0.84962046
262,./thermolysin_dw/thl_1p8A_grid_predictions_0.mtz,0,0,263,0.7430566
263,./thermolysin_dw/thl_1p8A_grid_predictions_0.mtz,0,0,264,0.919559
264,./thermolysin_dw/thl_1p8A_grid_predictions_0.mtz,0,0,265,0.9418592
265,./thermolysin_dw/thl_1p8A_grid_predictions_0.mtz,0,0,266,0.95839965
266,./thermolysin_dw/thl_1p8A_grid_predictions_0.mtz,0,0,267,0.9160355
267,./thermolysin_dw/thl_1p8A_grid_predictions_0.mtz,0,0,268,0.8781722
268,./thermolysin_dw/thl_1p8A_grid_predictions_0.mtz,0,0,269,0.88977045
269,./thermolysin_dw/thl_1p8A_grid_predictions_0.mtz,0,0,270,0.93600094
270,./thermolysin_dw/thl_1p8A_grid_predictions_0.mtz,0,0,271,0.78019994
271,./thermolysin_dw/thl_1p8A_grid_predictions_0.mtz,0,0,272,0.8555083
272,./thermolysin_dw/thl_1p8A_grid_predictions_0.mtz,0,0,273,0.8876499
273,./thermolysin_dw/thl_1p8A_grid_predictions_0.mtz,0,0,274,0.8743508
274,./thermolysin_dw/thl_1p8A_grid_predictions_0.mtz,0,0,275,0.8458678
275,./thermolysin_dw/thl_1p8A_grid_predictions_0.mtz,0,0,276,0.89707416
276,./thermolysin_dw/thl_1p8A_grid_predictions_0.mtz,0,0,277,0.9123703
277,./thermolysin_dw/thl_1p8A_grid_predictions_0.mtz,0,0,278,0.9022428
278,./thermolysin_dw/thl_1p8A_grid_predictions_0.mtz,0,0,279,0.82974666
279,./thermolysin_dw/thl_1p8A_grid_predictions_0.mtz,0,0,280,0.8470421
280,./thermolysin_dw/thl_1p8A_grid_predictions_0.mtz,0,0,281,0.94614077
281,./thermolysin_dw/thl_1p8A_grid_predictions_0.mtz,0,0,282,0.94489247
282,./thermolysin_dw/thl_1p8A_grid_predictions_0.mtz,0,0,283,0.9358735
283,./thermolysin_dw/thl_1p8A_grid_predictions_0.mtz,0,0,284,0.9330305
284,./thermolysin_dw/thl_1p8A_grid_predictions_0.mtz,0,0,285,0.958443
285,./thermolysin_dw/thl_1p8A_grid_predictions_0.mtz,0,0,286,0.8386998
286,./thermolysin_dw/thl_1p8A_grid_predictions_0.mtz,0,0,287,0.78731805
287,./thermolysin_dw/thl_1p8A_grid_predictions_0.mtz,0,0,288,0.9053317
288,./thermolysin_dw/thl_1p8A_grid_predictions_0.mtz,0,0,289,0.9216272
289,./thermolysin_dw/thl_1p8A_grid_predictions_0.mtz,0,0,290,0.89151895
290,./thermolysin_dw/thl_1p8A_grid_predictions_0.mtz,0,0,291,0.88750297
291,./thermolysin_dw/thl_1p8A_grid_predictions_0.mtz,0,0,292,0.8825888
292,./thermolysin_dw/thl_1p8A_grid_predictions_0.mtz,0,0,293,0.9670142
293,./thermolysin_dw/thl_1p8A_grid_predictions_0.mtz,0,0,294,0.922883
294,./thermolysin_dw/thl_1p8A_grid_predictions_0.mtz,0,0,295,0.86203676
295,./thermolysin_dw/thl_1p8A_grid_predictions_0.mtz,0,0,296,0.9292008
296,./thermolysin_dw/thl_1p8A_grid_predictions_0.mtz,0,0,297,0.91492176
297,./thermolysin_dw/thl_1p8A_grid_predictions_0.mtz,0,0,298,0.8400863
298,./thermolysin_dw/thl_1p8A_grid_predictions_0.mtz,0,0,299,0.96219605
299,./thermolysin_dw/thl_1p8A_grid_predictions_0.mtz,0,0,300,0.88589716
300,./thermolysin_dw/thl_1p8A_grid_predictions_0.mtz,0,0,301,0.8872081
301,./thermolysin_dw/thl_1p8A_grid_predictions_0.mtz,0,0,302,0.9403611
302,./thermolysin_dw/thl_1p8A_grid_predictions_0.mtz,0,0,303,0.80588806
303,./thermolysin_dw/thl_1p8A_grid_predictions_0.mtz,0,0,304,0.9568471
304,./thermolysin_dw/thl_1p8A_grid_predictions_0.mtz,0,0,305,0.77023333
305,./thermolysin_dw/thl_1p8A_grid_predictions_0.mtz,0,0,306,0.8767023
306,./thermolysin_dw/thl_1p8A_grid_predictions_0.mtz,0,0,307,0.9347189
307,./thermolysin_dw/thl_1p8A_grid_predictions_0.mtz,0,0,308,0.95985466
308,./thermolysin_dw/thl_1p8A_grid_predictions_0.mtz,0,0,309,0.91220045
309,./thermolysin_dw/thl_1p8A_grid_predictions_0.mtz,0,0,310,0.88461125
310,./thermolysin_dw/thl_1p8A_grid_predictions_0.mtz,0,0,311,0.81974584
311,./thermolysin_dw/thl_1p8A_grid_predictions_0.mtz,0,0,312,0.7634777
312,./thermolysin_dw/thl_1p8A_grid_predictions_0.mtz,0,0,313,0.85777074
313,./thermolysin_dw/thl_1p8A_grid_predictions_0.mtz,0,0,314,0.9261184
314,./thermolysin_dw/thl_1p8A_grid_predictions_0.mtz,0,0,315,0.95367974
315,./thermolysin_dw/thl_1p8A_grid_predictions_0.mtz,0,0,316,0.92386115
316,./thermolysin_dw/thl_1p8A_grid_predictions_0.mtz,0,0,317,0.90030044
317,./thermolysin_dw/thl_1p8A_grid_predictions_0.mtz,0,0,318,0.9443258
318,./thermolysin_dw/thl_1p8A_grid_predictions_0.mtz,0,0,319,0.81051457
319,./thermolysin_dw/thl_1p8A_grid_predictions_0.mtz,0,0,320,0.9547355
320,./thermolysin_dw/thl_1p8A_grid_predictions_0.mtz,0,0,321,0.9337742
321,./thermolysin_dw/thl_1p8A_grid_predictions_0.mtz,0,0,322,0.89408576
322,./thermolysin_dw/thl_1p8A_grid_predictions_0.mtz,0,0,323,0.7910814
323,./thermolysin_dw/thl_1p8A_grid_predictions_0.mtz,0,0,324,0.75572747
324,./thermolysin_dw/thl_1p8A_grid_predictions_0.mtz,0,0,325,0.96057254
325,./thermolysin_dw/thl_1p8A_grid_predictions_0.mtz,0,0,326,0.7901251
326,./thermolysin_dw/thl_1p8A_grid_predictions_0.mtz,0,0,327,0.8736865
327,./thermolysin_dw/thl_1p8A_grid_predictions_0.mtz,0,0,328,0.97372395
328,./thermolysin_dw/thl_1p8A_grid_predictions_0.mtz,0,0,329,0.90446585
329,./thermolysin_dw/thl_1p8A_grid_predictions_0.mtz,0,0,330,0.96416855
330,./thermolysin_dw/thl_1p8A_grid_predictions_0.mtz,0,0,331,0.9238816
331,./thermolysin_dw/thl_1p8A_grid_predictions_0.mtz,0,0,332,0.8800968
332,./thermolysin_dw/thl_1p8A_grid_predictions_0.mtz,0,0,333,0.8291849
333,./thermolysin_dw/thl_1p8A_grid_predictions_0.mtz,0,0,334,0.92873263
334,./thermolysin_dw/thl_1p8A_grid_predictions_0.mtz,0,0,335,0.9042079
335,./thermolysin_dw/thl_1p8A_grid_predictions_0.mtz,0,0,336,0.9327038
336,./thermolysin_dw/thl_1p8A_grid_predictions_0.mtz,0,0,337,0.7459191
337,./thermolysin_dw/thl_1p8A_grid_predictions_0.mtz,0,0,338,0.92304534
338,./thermolysin_dw/thl_1p8A_grid_predictions_0.mtz,0,0,339,0.88077605
339,./thermolysin_dw/thl_1p8A_grid_predictions_0.mtz,0,0,340,0.9260737
340,./thermolysin_dw/thl_1p8A_grid_predictions_0.mtz,0,0,341,0.95103294
341,./thermolysin_dw/thl_1p8A_grid_predictions_0.mtz,0,0,342,0.85332775
342,./thermolysin_dw/thl_1p8A_grid_predictions_0.mtz,0,0,343,0.91748095
343,./thermolysin_dw/thl_1p8A_grid_predictions_0.mtz,0,0,344,0.89535487
344,./thermolysin_dw/thl_1p8A_grid_predictions_0.mtz,0,0,345,0.96924573
345,./thermolysin_dw/thl_1p8A_grid_predictions_0.mtz,0,0,346,0.9190676
346,./thermolysin_dw/thl_1p8A_grid_predictions_0.mtz,0,0,347,0.8786965
347,./thermolysin_dw/thl_1p8A_grid_predictions_0.mtz,0,0,348,0.96182853
348,./thermolysin_dw/thl_1p8A_grid_predictions_0.mtz,0,0,349,0.93372464
349,./thermolysin_dw/thl_1p8A_grid_predictions_0.mtz,0,0,350,0.9398778
350,./thermolysin_dw/thl_1p8A_grid_predictions_0.mtz,0,0,351,0.96077794
351,./thermolysin_dw/thl_1p8A_grid_predictions_0.mtz,0,0,352,0.8329884
352,./thermolysin_dw/thl_1p8A_grid_predictions_0.mtz,0,0,353,0.7580503
353,./thermolysin_dw/thl_1p8A_grid_predictions_0.mtz,0,0,354,0.8736704
354,./thermolysin_dw/thl_1p8A_grid_predictions_0.mtz,0,0,355,0.8633302
355,./thermolysin_dw/thl_1p8A_grid_predictions_0.mtz,0,0,356,0.85988647
356,./thermolysin_dw/thl_1p8A_grid_predictions_0.mtz,0,0,357,0.9330774
357,./thermolysin_dw/thl_1p8A_grid_predictions_0.mtz,0,0,358,0.66236144
358,./thermolysin_dw/thl_1p8A_grid_predictions_0.mtz,0,0,359,0.8694163
359,./thermolysin_dw/thl_1p8A_grid_predictions_0.mtz,0,0,360,0.9403331
360,./thermolysin_dw/thl_1p8A_grid_predictions_0.mtz,0,0,361,0.9205444
361,./thermolysin_dw/thl_1p8A_grid_predictions_0.mtz,0,0,362,0.91366154
362,./thermolysin_dw/thl_1p8A_grid_predictions_0.mtz,0,0,363,0.69517446
363,./thermolysin_dw/thl_1p8A_grid_predictions_0.mtz,0,0,364,0.8995487
364,./thermolysin_dw/thl_1p8A_grid_predictions_0.mtz,0,0,365,0.8956424
365,./thermolysin_dw/thl_1p8A_grid_predictions_0.mtz,0,0,366,0.7996521
366,./thermolysin_dw/thl_1p8A_grid_predictions_0.mtz,0,0,367,0.76232845
367,./thermolysin_dw/thl_1p8A_grid_predictions_0.mtz,0,0,368,0.9733351
368,./thermolysin_dw/thl_1p8A_grid_predictions_0.mtz,0,0,369,0.8502215
369,./thermolysin_dw/thl_1p8A_grid_predictions_0.mtz,0,0,370,0.8299273
370,./thermolysin_dw/thl_1p8A_grid_predictions_0.mtz,0,0,371,0.896686
371,./thermolysin_dw/thl_1p8A_grid_predictions_0.mtz,0,0,372,0.85211474
372,./thermolysin_dw/thl_1p8A_grid_predictions_0.mtz,0,0,373,0.8842568
373,./thermolysin_dw/thl_1p8A_grid_predictions_0.mtz,0,0,374,0.9701951
374,./thermolysin_dw/thl_1p8A_grid_predictions_0.mtz,0,0,375,0.94695383
375,./thermolysin_dw/thl_1p8A_grid_predictions_0.mtz,0,0,376,0.95204854
376,./thermolysin_dw/thl_1p8A_grid_predictions_0.mtz,0,0,377,0.91938645
377,./thermolysin_dw/thl_1p8A_grid_predictions_0.mtz,0,0,378,0.6790972
378,./thermolysin_dw/thl_1p8A_grid_predictions_0.mtz,0,0,379,0.93101865
379,./thermolysin_dw/thl_1p8A_grid_predictions_0.mtz,0,0,380,0.85591406
380,./thermolysin_dw/thl_1p8A_grid_predictions_0.mtz,0,0,381,0.8759707
381,./thermolysin_dw/thl_1p8A_grid_predictions_0.mtz,0,0,382,0.9835657
382,./thermolysin_dw/thl_1p8A_grid_predictions_0.mtz,0,0,383,0.90280133
383,./thermolysin_dw/thl_1p8A_grid_predictions_0.mtz,0,0,384,0.8604094
384,./thermolysin_dw/thl_1p8A_grid_predictions_0.mtz,0,0,385,0.8491936
385,./thermolysin_dw/thl_1p8A_grid_predictions_0.mtz,0,0,386,0.7746565
386,./thermolysin_dw/thl_1p8A_grid_predictions_0.mtz,0,0,387,0.85219496
387,./thermolysin_dw/thl_1p8A_grid_predictions_0.mtz,0,0,388,0.9393445
388,./thermolysin_dw/thl_1p8A_grid_predictions_0.mtz,0,0,389,0.9465404
389,./thermolysin_dw/thl_1p8A_grid_predictions_0.mtz,0,0,390,0.9488017
390,./thermolysin_dw/thl_1p8A_grid_predictions_0.mtz,0,0,391,0.85517675
391,./thermolysin_dw/thl_1p8A_grid_predictions_0.mtz,0,0,392,0.8697083
392,./thermolysin_dw/thl_1p8A_grid_predictions_0.mtz,0,0,393,0.9459937
393,./thermolysin_dw/thl_1p8A_grid_predictions_0.mtz,0,0,394,0.8454726
394,./thermolysin_dw/thl_1p8A_grid_predictions_0.mtz,0,0,395,0.90911025
395,./thermolysin_dw/thl_1p8A_grid_predictions_0.mtz,0,0,396,0.9224593
396,./thermolysin_dw/thl_1p8A_grid_predictions_0.mtz,0,0,397,0.764768
397,./thermolysin_dw/thl_1p8A_grid_predictions_0.mtz,0,0,398,0.94864607
398,./thermolysin_dw/thl_1p8A_grid_predictions_0.mtz,0,0,399,0.86377263
399,./thermolysin_dw/thl_1p8A_grid_predictions_0.mtz,0,0,400,0.9235323
400,./thermolysin_dw/thl_1p8A_grid_predictions_0.mtz,0,0,401,0.9287408
401,./thermolysin_dw/thl_1p8A_grid_predictions_0.mtz,0,0,402,0.900236
402,./thermolysin_dw/thl_1p8A_grid_predictions_0.mtz,0,0,403,0.90855885
403,./thermolysin_dw/thl_1p8A_grid_predictions_0.mtz,0,0,404,0.917661
404,./thermolysin_dw/thl_1p8A_grid_predictions_0.mtz,0,0,405,0.9110387
405,./thermolysin_dw/thl_1p8A_grid_predictions_0.mtz,0,0,406,0.90988064
406,./thermolysin_dw/thl_1p8A_grid_predictions_0.mtz,0,0,407,0.9288784
407,./thermolysin_dw/thl_1p8A_grid_predictions_0.mtz,0,0,408,0.94241667
408,./thermolysin_dw/thl_1p8A_grid_predictions_0.mtz,0,0,409,0.93526256
409,./thermolysin_dw/thl_1p8A_grid_predictions_0.mtz,0,0,410,0.9425922
410,./thermolysin_dw/thl_1p8A_grid_predictions_0.mtz,0,0,411,0.95218205
411,./thermolysin_dw/thl_1p8A_grid_predictions_0.mtz,0,0,412,0.9261778
412,./thermolysin_dw/thl_1p8A_grid_predictions_0.mtz,0,0,413,0.89357233
413,./thermolysin_dw/thl_1p8A_grid_predictions_0.mtz,0,0,414,0.8707928
414,./thermolysin_dw/thl_1p8A_grid_predictions_0.mtz,0,0,415,0.9275756
415,./thermolysin_dw/thl_1p8A_grid_predictions_0.mtz,0,0,416,0.86266315
416,./thermolysin_dw/thl_1p8A_grid_predictions_0.mtz,0,0,417,0.941165
417,./thermolysin_dw/thl_1p8A_grid_predictions_0.mtz,0,0,418,0.9486787
418,./thermolysin_dw/thl_1p8A_grid_predictions_0.mtz,0,0,419,0.8730634
419,./thermolysin_dw/thl_1p8A_grid_predictions_0.mtz,0,0,420,0.80309385
420,./thermolysin_dw/thl_1p8A_grid_predictions_0.mtz,0,0,421,0.8709807
421,./thermolysin_dw/thl_1p8A_grid_predictions_0.mtz,0,0,422,0.93155175
422,./thermolysin_dw/thl_1p8A_grid_predictions_0.mtz,0,0,423,0.8282289
423,./thermolysin_dw/thl_1p8A_grid_predictions_0.mtz,0,0,424,0.9426169
424,./thermolysin_dw/thl_1p8A_grid_predictions_0.mtz,0,0,425,0.73339033
425,./thermolysin_dw/thl_1p8A_grid_predictions_0.mtz,0,0,426,0.8307252
426,./thermolysin_dw/thl_1p8A_grid_predictions_0.mtz,0,0,427,0.8901081
427,./thermolysin_dw/thl_1p8A_grid_predictions_0.mtz,0,0,428,0.79905564
428,./thermolysin_dw/thl_1p8A_grid_predictions_0.mtz,0,0,429,0.9006867
429,./thermolysin_dw/thl_1p8A_grid_predictions_0.mtz,0,0,430,0.974835
430,./thermolysin_dw/thl_1p8A_grid_predictions_0.mtz,0,0,431,0.8714019
431,./thermolysin_dw/thl_1p8A_grid_predictions_0.mtz,0,0,432,0.95181656
432,./thermolysin_dw/thl_1p8A_grid_predictions_0.mtz,0,0,433,0.8157573
433,./thermolysin_dw/thl_1p8A_grid_predictions_0.mtz,0,0,434,0.8899661
434,./thermolysin_dw/thl_1p8A_grid_predictions_0.mtz,0,0,435,0.7636763
435,./thermolysin_dw/thl_1p8A_grid_predictions_0.mtz,0,0,436,0.78592896
436,./thermolysin_dw/thl_1p8A_grid_predictions_0.mtz,0,0,437,0.7660648
437,./thermolysin_dw/thl_1p8A_grid_predictions_0.mtz,0,0,438,0.82263154
438,./thermolysin_dw/thl_1p8A_grid_predictions_0.mtz,0,0,439,0.8560722
439,./thermolysin_dw/thl_1p8A_grid_predictions_0.mtz,0,0,440,0.9299561
440,./thermolysin_dw/thl_1p8A_grid_predictions_0.mtz,0,0,441,0.85038215
441,./thermolysin_dw/thl_1p8A_grid_predictions_0.mtz,0,0,442,0.94226855
442,./thermolysin_dw/thl_1p8A_grid_predictions_0.mtz,0,0,443,0.8982999
443,./thermolysin_dw/thl_1p8A_grid_predictions_0.mtz,0,0,444,0.87785286
444,./thermolysin_dw/thl_1p8A_grid_predictions_0.mtz,0,0,445,0.96937394
445,./thermolysin_dw/thl_1p8A_grid_predictions_0.mtz,0,0,446,0.627954
446,./thermolysin_dw/thl_1p8A_grid_predictions_0.mtz,0,0,447,0.8624219
447,./thermolysin_dw/thl_1p8A_grid_predictions_0.mtz,0,0,448,0.8038893
448,./thermolysin_dw/thl_1p8A_grid_predictions_0.mtz,0,0,449,0.871231
449,./thermolysin_dw/thl_1p8A_grid_predictions_0.mtz,0,0,450,0.87939036
450,./thermolysin_dw/thl_1p8A_grid_predictions_0.mtz,0,0,451,0.83982307
451,./thermolysin_dw/thl_1p8A_grid_predictions_0.mtz,0,0,452,0.9140197
452,./thermolysin_dw/thl_1p8A_grid_predictions_0.mtz,0,0,453,0.7668565
453,./thermolysin_dw/thl_1p8A_grid_predictions_0.mtz,0,0,454,0.8943633
454,./thermolysin_dw/thl_1p8A_grid_predictions_0.mtz,0,0,455,0.7174046
455,./thermolysin_dw/thl_1p8A_grid_predictions_0.mtz,0,0,456,0.9472784
456,./thermolysin_dw/thl_1p8A_grid_predictions_0.mtz,0,0,457,0.965561
457,./thermolysin_dw/thl_1p8A_grid_predictions_0.mtz,0,0,458,0.90806794
458,./thermolysin_dw/thl_1p8A_grid_predictions_0.mtz,0,0,459,0.92928183
459,./thermolysin_dw/thl_1p8A_grid_predictions_0.mtz,0,0,460,0.94914156
460,./thermolysin_dw/thl_1p8A_grid_predictions_0.mtz,0,0,461,0.813577
461,./thermolysin_dw/thl_1p8A_grid_predictions_0.mtz,0,0,462,0.84312475
462,./thermolysin_dw/thl_1p8A_grid_predictions_0.mtz,0,0,463,0.75158167
463,./thermolysin_dw/thl_1p8A_grid_predictions_0.mtz,0,0,464,0.884308
464,./thermolysin_dw/thl_1p8A_grid_predictions_0.mtz,0,0,465,0.9090547
465,./thermolysin_dw/thl_1p8A_grid_predictions_0.mtz,0,0,466,0.8006866
466,./thermolysin_dw/thl_1p8A_grid_predictions_0.mtz,0,0,467,0.9465286
467,./thermolysin_dw/thl_1p8A_grid_predictions_0.mtz,0,0,468,0.9389565
468,./thermolysin_dw/thl_1p8A_grid_predictions_0.mtz,0,0,469,0.96396226
469,./thermolysin_dw/thl_1p8A_grid_predictions_0.mtz,0,0,470,0.93676263
470,./thermolysin_dw/thl_1p8A_grid_predictions_0.mtz,0,0,471,0.916157
471,./thermolysin_dw/thl_1p8A_grid_predictions_0.mtz,0,0,472,0.9164633
472,./thermolysin_dw/thl_1p8A_grid_predictions_0.mtz,0,0,473,0.8952824
473,./thermolysin_dw/thl_1p8A_grid_predictions_0.mtz,0,0,474,0.8818338
474,./thermolysin_dw/thl_1p8A_grid_predictions_0.mtz,0,0,475,0.8351753
475,./thermolysin_dw/thl_1p8A_grid_predictions_0.mtz,0,0,476,0.8598748
476,./thermolysin_dw/thl_1p8A_grid_predictions_0.mtz,0,0,477,0.9525976
477,./thermolysin_dw/thl_1p8A_grid_predictions_0.mtz,0,0,478,0.70323133
478,./thermolysin_dw/thl_1p8A_grid_predictions_0.mtz,0,0,479,0.87519014
479,./thermolysin_dw/thl_1p8A_grid_predictions_0.mtz,0,0,480,0.7811728
480,./thermolysin_dw/thl_1p8A_grid_predictions_0.mtz,0,0,481,0.92545104
481,./thermolysin_dw/thl_1p8A_grid_predictions_0.mtz,0,0,482,0.8107359
482,./thermolysin_dw/thl_1p8A_grid_predictions_0.mtz,0,0,483,0.858413
483,./thermolysin_dw/thl_1p8A_grid_predictions_0.mtz,0,0,484,0.91800976
484,./thermolysin_dw/thl_1p8A_grid_predictions_0.mtz,0,0,485,0.7096555
485,./thermolysin_dw/thl_1p8A_grid_predictions_0.mtz,0,0,486,0.7067708
486,./thermolysin_dw/thl_1p8A_grid_predictions_0.mtz,0,0,487,0.88003916
487,./thermolysin_dw/thl_1p8A_grid_predictions_0.mtz,0,0,488,0.5887027
488,./thermolysin_dw/thl_1p8A_grid_predictions_0.mtz,0,0,489,0.9027061
489,./thermolysin_dw/thl_1p8A_grid_predictions_0.mtz,0,0,490,0.9512426
490,./thermolysin_dw/thl_1p8A_grid_predictions_0.mtz,0,0,491,0.9184291
491,./thermolysin_dw/thl_1p8A_grid_predictions_0.mtz,0,0,492,0.9017813
492,./thermolysin_dw/thl_1p8A_grid_predictions_0.mtz,0,0,493,0.9564848
493,./thermolysin_dw/thl_1p8A_grid_predictions_0.mtz,0,0,494,0.87558484
494,./thermolysin_dw/thl_1p8A_grid_predictions_0.mtz,0,0,495,0.78897005
495,./thermolysin_dw/thl_1p8A_grid_predictions_0.mtz,0,0,496,0.8416463
496,./thermolysin_dw/thl_1p8A_grid_predictions_0.mtz,0,0,497,0.8574629
497,./thermolysin_dw/thl_1p8A_grid_predictions_0.mtz,0,0,498,0.8583405
498,./thermolysin_dw/thl_1p8A_grid_predictions_0.mtz,0,0,499,0.9287913
499,./thermolysin_dw/thl_1p8A_grid_predictions_0.mtz,0,0,500,0.7753095
500,./thermolysin_dw/thl_1p8A_grid_predictions_0.mtz,0,0,501,0.7426947
501,./thermolysin_dw/thl_1p8A_grid_predictions_0.mtz,0,0,502,0.860995
502,./thermolysin_dw/thl_1p8A_grid_predictions_0.mtz,0,0,503,0.93086565
503,./thermolysin_dw/thl_1p8A_grid_predictions_0.mtz,0,0,504,0.90747607
504,./thermolysin_dw/thl_1p8A_grid_predictions_0.mtz,0,0,505,0.8412292
505,./thermolysin_dw/thl_1p8A_grid_predictions_0.mtz,0,0,506,0.8738971
506,./thermolysin_dw/thl_1p8A_grid_predictions_0.mtz,0,0,507,0.9460346
507,./thermolysin_dw/thl_1p8A_grid_predictions_0.mtz,0,0,508,0.91027164
508,./thermolysin_dw/thl_1p8A_grid_predictions_0.mtz,0,0,509,0.92815256
509,./thermolysin_dw/thl_1p8A_grid_predictions_0.mtz,0,0,510,0.96653646
510,./thermolysin_dw/thl_1p8A_grid_predictions_0.mtz,0,0,511,0.8641864
511,./thermolysin_dw/thl_1p8A_grid_predictions_0.mtz,0,0,512,0.9478684
512,./thermolysin_dw/thl_1p8A_grid_predictions_0.mtz,0,0,513,0.7571499
513,./thermolysin_dw/thl_1p8A_grid_predictions_0.mtz,0,0,514,0.8948965
514,./thermolysin_dw/thl_1p8A_grid_predictions_0.mtz,0,0,515,0.9240175
515,./thermolysin_dw/thl_1p8A_grid_predictions_0.mtz,0,0,516,0.8921313
516,./thermolysin_dw/thl_1p8A_grid_predictions_0.mtz,0,0,517,0.80583817
517,./thermolysin_dw/thl_1p8A_grid_predictions_0.mtz,0,0,518,0.91564
518,./thermolysin_dw/thl_1p8A_grid_predictions_0.mtz,0,0,519,0.7547567
519,./thermolysin_dw/thl_1p8A_grid_predictions_0.mtz,0,0,520,0.70236063
520,./thermolysin_dw/thl_1p8A_grid_predictions_0.mtz,0,0,521,0.853118
521,./thermolysin_dw/thl_1p8A_grid_predictions_0.mtz,0,0,522,0.9432845
522,./thermolysin_dw/thl_1p8A_grid_predictions_0.mtz,0,0,523,0.817713
523,./thermolysin_dw/thl_1p8A_grid_predictions_0.mtz,0,0,524,0.82317734
524,./thermolysin_dw/thl_1p8A_grid_predictions_0.mtz,0,0,525,0.8860454
525,./thermolysin_dw/thl_1p8A_grid_predictions_0.mtz,0,0,526,0.72222847
526,./thermolysin_dw/thl_1p8A_grid_predictions_0.mtz,0,0,527,0.86911285
527,./thermolysin_dw/thl_1p8A_grid_predictions_0.mtz,0,0,528,0.9240001
528,./thermolysin_dw/thl_1p8A_grid_predictions_0.mtz,0,0,529,0.8557657
529,./thermolysin_dw/thl_1p8A_grid_predictions_0.mtz,0,0,530,0.9800476
530,./thermolysin_dw/thl_1p8A_grid_predictions_0.mtz,0,0,531,0.9688903
531,./thermolysin_dw/thl_1p8A_grid_predictions_0.mtz,0,0,532,0.9419588
532,./thermolysin_dw/thl_1p8A_grid_predictions_0.mtz,0,0,533,0.90896505
533,./thermolysin_dw/thl_1p8A_grid_predictions_0.mtz,0,0,534,0.9045565
534,./thermolysin_dw/thl_1p8A_grid_predictions_0.mtz,0,0,535,0.9346381
535,./thermolysin_dw/thl_1p8A_grid_predictions_0.mtz,0,0,536,0.82704264
536,./thermolysin_dw/thl_1p8A_grid_predictions_0.mtz,0,0,537,0.95045567
537,./thermolysin_dw/thl_1p8A_grid_predictions_0.mtz,0,0,538,0.9051057
538,./thermolysin_dw/thl_1p8A_grid_predictions_0.mtz,0,0,539,0.75727624
539,./thermolysin_dw/thl_1p8A_grid_predictions_0.mtz,0,0,540,0.93069506
540,./thermolysin_dw/thl_1p8A_grid_predictions_0.mtz,0,0,541,0.8694452
541,./thermolysin_dw/thl_1p8A_grid_predictions_0.mtz,0,0,542,0.90604407
542,./thermolysin_dw/thl_1p8A_grid_predictions_0.mtz,0,0,543,0.93955463
543,./thermolysin_dw/thl_1p8A_grid_predictions_0.mtz,0,0,544,0.90789527
544,./thermolysin_dw/thl_1p8A_grid_predictions_0.mtz,0,0,545,0.91734344
545,./thermolysin_dw/thl_1p8A_grid_predictions_0.mtz,0,0,546,0.9299275
546,./thermolysin_dw/thl_1p8A_grid_predictions_0.mtz,0,0,547,0.9434691
547,./thermolysin_dw/thl_1p8A_grid_predictions_0.mtz,0,0,548,0.92220265
548,./thermolysin_dw/thl_1p8A_grid_predictions_0.mtz,0,0,549,0.8868763
549,./thermolysin_dw/thl_1p8A_grid_predictions_0.mtz,0,0,550,0.95689166
550,./thermolysin_dw/thl_1p8A_grid_predictions_0.mtz,0,0,551,0.9475592
551,./thermolysin_dw/thl_1p8A_grid_predictions_0.mtz,0,0,552,0.8655579
552,./thermolysin_dw/thl_1p8A_grid_predictions_0.mtz,0,0,553,0.95755804
553,./thermolysin_dw/thl_1p8A_grid_predictions_0.mtz,0,0,554,0.90222305
554,./thermolysin_dw/thl_1p8A_grid_predictions_0.mtz,0,0,555,0.88867086
555,./thermolysin_dw/thl_1p8A_grid_predictions_0.mtz,0,0,556,0.94625866
556,./thermolysin_dw/thl_1p8A_grid_predictions_0.mtz,0,0,557,0.9649659
557,./thermolysin_dw/thl_1p8A_grid_predictions_0.mtz,0,0,558,0.78172123
558,./thermolysin_dw/thl_1p8A_grid_predictions_0.mtz,0,0,559,0.89385813
559,./thermolysin_dw/thl_1p8A_grid_predictions_0.mtz,0,0,560,0.95474994
560,./thermolysin_dw/thl_1p8A_grid_predictions_0.mtz,0,0,561,0.9109903
561,./thermolysin_dw/thl_1p8A_grid_predictions_0.mtz,0,0,562,0.90408105
562,./thermolysin_dw/thl_1p8A_grid_predictions_0.mtz,0,0,563,0.90895027
563,./thermolysin_dw/thl_1p8A_grid_predictions_0.mtz,0,0,564,0.9260477
564,./thermolysin_dw/thl_1p8A_grid_predictions_0.mtz,0,0,565,0.8860754
565,./thermolysin_dw/thl_1p8A_grid_predictions_0.mtz,0,0,566,0.95506495
566,./thermolysin_dw/thl_1p8A_grid_predictions_0.mtz,0,0,567,0.8938098
567,./thermolysin_dw/thl_1p8A_grid_predictions_0.mtz,0,0,568,0.86413544
568,./thermolysin_dw/thl_1p8A_grid_predictions_0.mtz,0,0,569,0.88424385
569,./thermolysin_dw/thl_1p8A_grid_predictions_0.mtz,0,0,570,0.9228368
570,./thermolysin_dw/thl_1p8A_grid_predictions_0.mtz,0,0,571,0.89658105
571,./thermolysin_dw/thl_1p8A_grid_predictions_0.mtz,0,0,572,0.9122603
572,./thermolysin_dw/thl_1p8A_grid_predictions_0.mtz,0,0,573,0.92913204
573,./thermolysin_dw/thl_1p8A_grid_predictions_0.mtz,0,0,574,0.83072156
574,./thermolysin_dw/thl_1p8A_grid_predictions_0.mtz,0,0,575,0.9455539
575,./thermolysin_dw/thl_1p8A_grid_predictions_0.mtz,0,0,576,0.9204482
576,./thermolysin_dw/thl_1p8A_grid_predictions_0.mtz,0,0,577,0.9673509
577,./thermolysin_dw/thl_1p8A_grid_predictions_0.mtz,0,0,578,0.94866645
578,./thermolysin_dw/thl_1p8A_grid_predictions_0.mtz,0,0,579,0.8711635
579,./thermolysin_dw/thl_1p8A_grid_predictions_0.mtz,0,0,580,0.8852325
580,./thermolysin_dw/thl_1p8A_grid_predictions_0.mtz,0,0,581,0.84038836
581,./thermolysin_dw/thl_1p8A_grid_predictions_0.mtz,0,0,582,0.71620256
582,./thermolysin_dw/thl_1p8A_grid_predictions_0.mtz,0,0,583,0.9501228
583,./thermolysin_dw/thl_1p8A_grid_predictions_0.mtz,0,0,584,0.96650004
584,./thermolysin_dw/thl_1p8A_grid_predictions_0.mtz,0,0,585,0.9572394
585,./thermolysin_dw/thl_1p8A_grid_predictions_0.mtz,0,0,586,0.8766905
586,./thermolysin_dw/thl_1p8A_grid_predictions_0.mtz,0,0,587,0.96763545
587,./thermolysin_dw/thl_1p8A_grid_predictions_0.mtz,0,0,588,0.9034608
588,./thermolysin_dw/thl_1p8A_grid_predictions_0.mtz,0,0,589,0.89047563
589,./thermolysin_dw/thl_1p8A_grid_predictions_0.mtz,0,0,590,0.6294282
590,./thermolysin_dw/thl_1p8A_grid_predictions_0.mtz,0,0,591,0.85157627
591,./thermolysin_dw/thl_1p8A_grid_predictions_0.mtz,0,0,592,0.9557854
592,./thermolysin_dw/thl_1p8A_grid_predictions_0.mtz,0,0,593,0.85442847
593,./thermolysin_dw/thl_1p8A_grid_predictions_0.mtz,0,0,594,0.95225394
594,./thermolysin_dw/thl_1p8A_grid_predictions_0.mtz,0,0,595,0.9089491
595,./thermolysin_dw/thl_1p8A_grid_predictions_0.mtz,0,0,596,0.6917009
596,./thermolysin_dw/thl_1p8A_grid_predictions_0.mtz,0,0,597,0.835583
597,./thermolysin_dw/thl_1p8A_grid_predictions_0.mtz,0,0,598,0.8746258
598,./thermolysin_dw/thl_1p8A_grid_predictions_0.mtz,0,0,599,0.8851536
599,./thermolysin_dw/thl_1p8A_grid_predictions_0.mtz,0,0,600,0.9198024
600,./thermolysin_dw/thl_1p8A_grid_predictions_0.mtz,0,0,601,0.92139363
601,./thermolysin_dw/thl_1p8A_grid_predictions_0.mtz,0,0,602,0.9674475
602,./thermolysin_dw/thl_1p8A_grid_predictions_0.mtz,0,0,603,0.9575826
603,./thermolysin_dw/thl_1p8A_grid_predictions_0.mtz,0,0,604,0.92822915
604,./thermolysin_dw/thl_1p8A_grid_predictions_0.mtz,0,0,605,0.8864005
605,./thermolysin_dw/thl_1p8A_grid_predictions_0.mtz,0,0,606,0.90790206
606,./thermolysin_dw/thl_1p8A_grid_predictions_0.mtz,0,0,607,0.83261013
607,./thermolysin_dw/thl_1p8A_grid_predictions_0.mtz,0,0,608,0.93001956
608,./thermolysin_dw/thl_1p8A_grid_predictions_0.mtz,0,0,609,0.9129422
609,./thermolysin_dw/thl_1p8A_grid_predictions_0.mtz,0,0,610,0.94371104
610,./thermolysin_dw/thl_1p8A_grid_predictions_0.mtz,0,0,611,0.92841905
611,./thermolysin_dw/thl_1p8A_grid_predictions_0.mtz,0,0,612,0.94615996
612,./thermolysin_dw/thl_1p8A_grid_predictions_0.mtz,0,0,613,0.87045574
613,./thermolysin_dw/thl_1p8A_grid_predictions_0.mtz,0,0,614,0.89828974
614,./thermolysin_dw/thl_1p8A_grid_predictions_0.mtz,0,0,615,0.972913
615,./thermolysin_dw/thl_1p8A_grid_predictions_0.mtz,0,0,616,0.9175257
616,./thermolysin_dw/thl_1p8A_grid_predictions_0.mtz,0,0,617,0.89274746
617,./thermolysin_dw/thl_1p8A_grid_predictions_0.mtz,0,0,618,0.93920165
618,./thermolysin_dw/thl_1p8A_grid_predictions_0.mtz,0,0,619,0.53442466
619,./thermolysin_dw/thl_1p8A_grid_predictions_0.mtz,0,0,620,0.9354099
620,./thermolysin_dw/thl_1p8A_grid_predictions_0.mtz,0,0,621,0.91609025
621,./thermolysin_dw/thl_1p8A_grid_predictions_0.mtz,0,0,622,0.8392351
622,./thermolysin_dw/thl_1p8A_grid_predictions_0.mtz,0,0,623,0.5897051
623,./thermolysin_dw/thl_1p8A_grid_predictions_0.mtz,0,0,624,0.9366061
624,./thermolysin_dw/thl_1p8A_grid_predictions_0.mtz,0,0,625,0.934323
625,./thermolysin_dw/thl_1p8A_grid_predictions_0.mtz,0,0,626,0.8841202
626,./thermolysin_dw/thl_1p8A_grid_predictions_0.mtz,0,0,627,0.83880836
627,./thermolysin_dw/thl_1p8A_grid_predictions_0.mtz,0,0,628,0.8999402
628,./thermolysin_dw/thl_1p8A_grid_predictions_0.mtz,0,0,629,0.8635346
629,./thermolysin_dw/thl_1p8A_grid_predictions_0.mtz,0,0,630,0.9174459
630,./thermolysin_dw/thl_1p8A_grid_predictions_0.mtz,0,0,631,0.80459046
631,./thermolysin_dw/thl_1p8A_grid_predictions_0.mtz,0,0,632,0.8972988
632,./thermolysin_dw/thl_1p8A_grid_predictions_0.mtz,0,0,633,0.95934266
633,./thermolysin_dw/thl_1p8A_grid_predictions_0.mtz,0,0,634,0.82995945
634,./thermolysin_dw/thl_1p8A_grid_predictions_0.mtz,0,0,635,0.7448514
635,./thermolysin_dw/thl_1p8A_grid_predictions_0.mtz,0,0,636,0.89586586
636,./thermolysin_dw/thl_1p8A_grid_predictions_0.mtz,0,0,637,0.9369978
637,./thermolysin_dw/thl_1p8A_grid_predictions_0.mtz,0,0,638,0.84941226
638,./thermolysin_dw/thl_1p8A_grid_predictions_0.mtz,0,0,639,0.9223408
639,./thermolysin_dw/thl_1p8A_grid_predictions_0.mtz,0,0,640,0.9295058
640,./thermolysin_dw/thl_1p8A_grid_predictions_0.mtz,0,0,641,0.86279947
641,./thermolysin_dw/thl_1p8A_grid_predictions_0.mtz,0,0,642,0.95933294
642,./thermolysin_dw/thl_1p8A_grid_predictions_0.mtz,0,0,643,0.88166237
643,./thermolysin_dw/thl_1p8A_grid_predictions_0.mtz,0,0,644,0.8583758
644,./thermolysin_dw/thl_1p8A_grid_predictions_0.mtz,0,0,645,0.92040706
645,./thermolysin_dw/thl_1p8A_grid_predictions_0.mtz,0,0,646,0.7560178
646,./thermolysin_dw/thl_1p8A_grid_predictions_0.mtz,0,0,647,0.82567215
647,./thermolysin_dw/thl_1p8A_grid_predictions_0.mtz,0,0,648,0.9208501
648,./thermolysin_dw/thl_1p8A_grid_predictions_0.mtz,0,0,649,0.84045696
649,./thermolysin_dw/thl_1p8A_grid_predictions_0.mtz,0,0,650,0.93817145
650,./thermolysin_dw/thl_1p8A_grid_predictions_0.mtz,0,0,651,0.9417325
651,./thermolysin_dw/thl_1p8A_grid_predictions_0.mtz,0,0,652,0.8820608
652,./thermolysin_dw/thl_1p8A_grid_predictions_0.mtz,0,0,653,0.9425403
653,./thermolysin_dw/thl_1p8A_grid_predictions_0.mtz,0,0,654,0.93837565
654,./thermolysin_dw/thl_1p8A_grid_predictions_0.mtz,0,0,655,0.9757588
655,./thermolysin_dw/thl_1p8A_grid_predictions_0.mtz,0,0,656,0.8600422
656,./thermolysin_dw/thl_1p8A_grid_predictions_0.mtz,0,0,657,0.9095621
657,./thermolysin_dw/thl_1p8A_grid_predictions_0.mtz,0,0,658,0.8833862
658,./thermolysin_dw/thl_1p8A_grid_predictions_0.mtz,0,0,659,0.90555304
659,./thermolysin_dw/thl_1p8A_grid_predictions_0.mtz,0,0,660,0.92932105
660,./thermolysin_dw/thl_1p8A_grid_predictions_0.mtz,0,0,661,0.93311703
661,./thermolysin_dw/thl_1p8A_grid_predictions_0.mtz,0,0,662,0.9124999
662,./thermolysin_dw/thl_1p8A_grid_predictions_0.mtz,0,0,663,0.93641484
663,./thermolysin_dw/thl_1p8A_grid_predictions_0.mtz,0,0,664,0.9313058
664,./thermolysin_dw/thl_1p8A_grid_predictions_0.mtz,0,0,665,0.9381734
665,./thermolysin_dw/thl_1p8A_grid_predictions_0.mtz,0,0,666,0.95908135
666,./thermolysin_dw/thl_1p8A_grid_predictions_0.mtz,0,0,667,0.9000184
667,./thermolysin_dw/thl_1p8A_grid_predictions_0.mtz,0,0,668,0.87891227
668,./thermolysin_dw/thl_1p8A_grid_predictions_0.mtz,0,0,669,0.87288415
669,./thermolysin_dw/thl_1p8A_grid_predictions_0.mtz,0,0,670,0.9264627
670,./thermolysin_dw/thl_1p8A_grid_predictions_0.mtz,0,0,671,0.9458407
671,./thermolysin_dw/thl_1p8A_grid_predictions_0.mtz,0,0,672,0.8610219
672,./thermolysin_dw/thl_1p8A_grid_predictions_0.mtz,0,0,673,0.9280795
673,./thermolysin_dw/thl_1p8A_grid_predictions_0.mtz,0,0,674,0.9135296
674,./thermolysin_dw/thl_1p8A_grid_predictions_0.mtz,0,0,675,0.9623653
675,./thermolysin_dw/thl_1p8A_grid_predictions_0.mtz,0,0,676,0.9541716
676,./thermolysin_dw/thl_1p8A_grid_predictions_0.mtz,0,0,677,0.8972118
677,./thermolysin_dw/thl_1p8A_grid_predictions_0.mtz,0,0,678,0.9267192
678,./thermolysin_dw/thl_1p8A_grid_predictions_0.mtz,0,0,679,0.9304978
679,./thermolysin_dw/thl_1p8A_grid_predictions_0.mtz,0,0,680,0.88519746
680,./thermolysin_dw/thl_1p8A_grid_predictions_0.mtz,0,0,681,0.83806837
681,./thermolysin_dw/thl_1p8A_grid_predictions_0.mtz,0,0,682,0.85282135
682,./thermolysin_dw/thl_1p8A_grid_predictions_0.mtz,0,0,683,0.9543969
683,./thermolysin_dw/thl_1p8A_grid_predictions_0.mtz,0,0,684,0.97054756
684,./thermolysin_dw/thl_1p8A_grid_predictions_0.mtz,0,0,685,0.9300604
685,./thermolysin_dw/thl_1p8A_grid_predictions_0.mtz,0,0,686,0.7447416
686,./thermolysin_dw/thl_1p8A_grid_predictions_0.mtz,0,0,687,0.8653315
687,./thermolysin_dw/thl_1p8A_grid_predictions_0.mtz,0,0,688,0.9163946
688,./thermolysin_dw/thl_1p8A_grid_predictions_0.mtz,0,0,689,0.8327367
689,./thermolysin_dw/thl_1p8A_grid_predictions_0.mtz,0,0,690,0.90270406
690,./thermolysin_dw/thl_1p8A_grid_predictions_0.mtz,0,0,691,0.8731682
691,./thermolysin_dw/thl_1p8A_grid_predictions_0.mtz,0,0,692,0.9034159
692,./thermolysin_dw/thl_1p8A_grid_predictions_0.mtz,0,0,693,0.916703
693,./thermolysin_dw/thl_1p8A_grid_predictions_0.mtz,0,0,694,0.94905716
694,./thermolysin_dw/thl_1p8A_grid_predictions_0.mtz,0,0,695,0.91023886
695,./thermolysin_dw/thl_1p8A_grid_predictions_0.mtz,0,0,696,0.9067119
696,./thermolysin_dw/thl_1p8A_grid_predictions_0.mtz,0,0,697,0.9070922
697,./thermolysin_dw/thl_1p8A_grid_predictions_0.mtz,0,0,698,0.8934232
698,./thermolysin_dw/thl_1p8A_grid_predictions_0.mtz,0,0,699,0.72911024
699,./thermolysin_dw/thl_1p8A_grid_predictions_0.mtz,0,0,700,0.9365145
700,./thermolysin_dw/thl_1p8A_grid_predictions_0.mtz,0,0,701,0.94113165
701,./thermolysin_dw/thl_1p8A_grid_predictions_0.mtz,0,0,702,0.9496938
702,./thermolysin_dw/thl_1p8A_grid_predictions_0.mtz,0,0,703,0.88750607
703,./thermolysin_dw/thl_1p8A_grid_predictions_0.mtz,0,0,704,0.92307514
704,./thermolysin_dw/thl_1p8A_grid_predictions_0.mtz,0,0,705,0.7933928
705,./thermolysin_dw/thl_1p8A_grid_predictions_0.mtz,0,0,706,0.9604043
706,./thermolysin_dw/thl_1p8A_grid_predictions_0.mtz,0,0,707,0.88390857
707,./thermolysin_dw/thl_1p8A_grid_predictions_0.mtz,0,0,708,0.93957704
708,./thermolysin_dw/thl_1p8A_grid_predictions_0.mtz,0,0,709,0.9119403
709,./thermolysin_dw/thl_1p8A_grid_predictions_0.mtz,0,0,710,0.9422942
710,./thermolysin_dw/thl_1p8A_grid_predictions_0.mtz,0,0,711,0.9494155
711,./thermolysin_dw/thl_1p8A_grid_predictions_0.mtz,0,0,712,0.93286216
712,./thermolysin_dw/thl_1p8A_grid_predictions_0.mtz,0,0,713,0.9559469
713,./thermolysin_dw/thl_1p8A_grid_predictions_0.mtz,0,0,714,0.90741915
714,./thermolysin_dw/thl_1p8A_grid_predictions_0.mtz,0,0,715,0.91969764
715,./thermolysin_dw/thl_1p8A_grid_predictions_0.mtz,0,0,716,0.93495643
716,./thermolysin_dw/thl_1p8A_grid_predictions_0.mtz,0,0,717,0.9084263
717,./thermolysin_dw/thl_1p8A_grid_predictions_0.mtz,0,0,718,0.92061734
718,./thermolysin_dw/thl_1p8A_grid_predictions_0.mtz,0,0,719,0.8779486
719,./thermolysin_dw/thl_1p8A_grid_predictions_0.mtz,0,0,720,0.95415515
720,./thermolysin_dw/thl_1p8A_grid_predictions_0.mtz,0,0,721,0.9006147
721,./thermolysin_dw/thl_1p8A_grid_predictions_0.mtz,0,0,722,0.89685786
722,./thermolysin_dw/thl_1p8A_grid_predictions_0.mtz,0,0,723,0.9819996
723,./thermolysin_dw/thl_1p8A_grid_predictions_0.mtz,0,0,724,0.7865041
724,./thermolysin_dw/thl_1p8A_grid_predictions_0.mtz,0,0,725,0.8857992
725,./thermolysin_dw/thl_1p8A_grid_predictions_0.mtz,0,0,726,0.7552942
726,./thermolysin_dw/thl_1p8A_grid_predictions_0.mtz,0,0,727,0.96242446
727,./thermolysin_dw/thl_1p8A_grid_predictions_0.mtz,0,0,728,0.94446486
728,./thermolysin_dw/thl_1p8A_grid_predictions_0.mtz,0,0,729,0.9218744
729,./thermolysin_dw/thl_1p8A_grid_predictions_0.mtz,0,0,730,0.84307164
730,./thermolysin_dw/thl_1p8A_grid_predictions_0.mtz,0,0,731,0.9383594
731,./thermolysin_dw/thl_1p8A_grid_predictions_0.mtz,0,0,732,0.891887
732,./thermolysin_dw/thl_1p8A_grid_predictions_0.mtz,0,0,733,0.755968
733,./thermolysin_dw/thl_1p8A_grid_predictions_0.mtz,0,0,734,0.8647423
734,./thermolysin_dw/thl_1p8A_grid_predictions_0.mtz,0,0,735,0.92671084
735,./thermolysin_dw/thl_1p8A_grid_predictions_0.mtz,0,0,736,0.8553171
736,./thermolysin_dw/thl_1p8A_grid_predictions_0.mtz,0,0,737,0.8145122
737,./thermolysin_dw/thl_1p8A_grid_predictions_0.mtz,0,0,738,0.9065376
738,./thermolysin_dw/thl_1p8A_grid_predictions_0.mtz,0,0,739,0.8850055
739,./thermolysin_dw/thl_1p8A_grid_predictions_0.mtz,0,0,740,0.95968014
740,./thermolysin_dw/thl_1p8A_grid_predictions_0.mtz,0,0,741,0.8853541
741,./thermolysin_dw/thl_1p8A_grid_predictions_0.mtz,0,0,742,0.97576636
742,./thermolysin_dw/thl_1p8A_grid_predictions_0.mtz,0,0,743,0.9558842
743,./thermolysin_dw/thl_1p8A_grid_predictions_0.mtz,0,0,744,0.9246817
744,./thermolysin_dw/thl_1p8A_grid_predictions_0.mtz,0,0,745,0.91002554
745,./thermolysin_dw/thl_1p8A_grid_predictions_0.mtz,0,0,746,0.8310685
746,./thermolysin_dw/thl_1p8A_grid_predictions_0.mtz,0,0,747,0.9383308
747,./thermolysin_dw/thl_1p8A_grid_predictions_0.mtz,0,0,748,0.88781506
748,./thermolysin_dw/thl_1p8A_grid_predictions_0.mtz,0,0,749,0.78983426
749,./thermolysin_dw/thl_1p8A_grid_predictions_0.mtz,0,0,750,0.86161715
750,./thermolysin_dw/thl_1p8A_grid_predictions_0.mtz,0,0,751,0.9370296
751,./thermolysin_dw/thl_1p8A_grid_predictions_0.mtz,0,0,752,0.92944115
752,./thermolysin_dw/thl_1p8A_grid_predictions_0.mtz,0,0,753,0.9428576
753,./thermolysin_dw/thl_1p8A_grid_predictions_0.mtz,0,0,754,0.8739281
754,./thermolysin_dw/thl_1p8A_grid_predictions_0.mtz,0,0,755,0.41339156
755,./thermolysin_dw/thl_1p8A_grid_predictions_0.mtz,0,0,756,0.9229337
756,./thermolysin_dw/thl_1p8A_grid_predictions_0.mtz,0,0,757,0.9634141
757,./thermolysin_dw/thl_1p8A_grid_predictions_0.mtz,0,0,758,0.94131136
758,./thermolysin_dw/thl_1p8A_grid_predictions_0.mtz,0,0,759,0.9305819
759,./thermolysin_dw/thl_1p8A_grid_predictions_0.mtz,0,0,760,0.93677
760,./thermolysin_dw/thl_1p8A_grid_predictions_0.mtz,0,0,761,0.93189883
761,./thermolysin_dw/thl_1p8A_grid_predictions_0.mtz,0,0,762,0.91016084
762,./thermolysin_dw/thl_1p8A_grid_predictions_0.mtz,0,0,763,0.84623706
763,./thermolysin_dw/thl_1p8A_grid_predictions_0.mtz,0,0,764,0.9710999
764,./thermolysin_dw/thl_1p8A_grid_predictions_0.mtz,0,0,765,0.94588166
765,./thermolysin_dw/thl_1p8A_grid_predictions_0.mtz,0,0,766,0.96232545
766,./thermolysin_dw/thl_1p8A_grid_predictions_0.mtz,0,0,767,0.84206223
767,./thermolysin_dw/thl_1p8A_grid_predictions_0.mtz,0,0,768,0.9667036
768,./thermolysin_dw/thl_1p8A_grid_predictions_0.mtz,0,0,769,0.94077104
769,./thermolysin_dw/thl_1p8A_grid_predictions_0.mtz,0,0,770,0.8751641
770,./thermolysin_dw/thl_1p8A_grid_predictions_0.mtz,0,0,771,0.90957093
771,./thermolysin_dw/thl_1p8A_grid_predictions_0.mtz,0,0,772,0.7825793
772,./thermolysin_dw/thl_1p8A_grid_predictions_0.mtz,0,0,773,0.86469525
773,./thermolysin_dw/thl_1p8A_grid_predictions_0.mtz,0,0,774,0.94459593
774,./thermolysin_dw/thl_1p8A_grid_predictions_0.mtz,0,0,775,0.88399076
775,./thermolysin_dw/thl_1p8A_grid_predictions_0.mtz,0,0,776,0.8197758
776,./thermolysin_dw/thl_1p8A_grid_predictions_0.mtz,0,0,777,0.9029966
777,./thermolysin_dw/thl_1p8A_grid_predictions_0.mtz,0,0,778,0.8923794
778,./thermolysin_dw/thl_1p8A_grid_predictions_0.mtz,0,0,779,0.90869355
779,./thermolysin_dw/thl_1p8A_grid_predictions_0.mtz,0,0,780,0.9163465
780,./thermolysin_dw/thl_1p8A_grid_predictions_0.mtz,0,0,781,0.7276835
781,./thermolysin_dw/thl_1p8A_grid_predictions_0.mtz,0,0,782,0.83438027
782,./thermolysin_dw/thl_1p8A_grid_predictions_0.mtz,0,0,783,0.9231328
783,./thermolysin_dw/thl_1p8A_grid_predictions_0.mtz,0,0,784,0.88993955
784,./thermolysin_dw/thl_1p8A_grid_predictions_0.mtz,0,0,785,0.8746023
785,./thermolysin_dw/thl_1p8A_grid_predictions_0.mtz,0,0,786,0.89344454
786,./thermolysin_dw/thl_1p8A_grid_predictions_0.mtz,0,0,787,0.71419924
787,./thermolysin_dw/thl_1p8A_grid_predictions_0.mtz,0,0,788,0.7245606
788,./thermolysin_dw/thl_1p8A_grid_predictions_0.mtz,0,0,789,0.94766927
789,./thermolysin_dw/thl_1p8A_grid_predictions_0.mtz,0,0,790,0.8054766
790,./thermolysin_dw/thl_1p8A_grid_predictions_0.mtz,0,0,791,0.5242564
791,./thermolysin_dw/thl_1p8A_grid_predictions_0.mtz,0,0,792,0.92774874
792,./thermolysin_dw/thl_1p8A_grid_predictions_0.mtz,0,0,793,0.7989978
793,./thermolysin_dw/thl_1p8A_grid_predictions_0.mtz,0,0,794,0.8280829
794,./thermolysin_dw/thl_1p8A_grid_predictions_0.mtz,0,0,795,0.92661107
795,./thermolysin_dw/thl_1p8A_grid_predictions_0.mtz,0,0,796,0.9168811
796,./thermolysin_dw/thl_1p8A_grid_predictions_0.mtz,0,0,797,0.9328384
797,./thermolysin_dw/thl_1p8A_grid_predictions_0.mtz,0,0,798,0.82685596
798,./thermolysin_dw/thl_1p8A_grid_predictions_0.mtz,0,0,799,0.8983742
799,./thermolysin_dw/thl_1p8A_grid_predictions_0.mtz,0,0,800,0.8307318
800,./thermolysin_dw/thl_1p8A_grid_predictions_0.mtz,0,0,801,0.93485194
801,./thermolysin_dw/thl_1p8A_grid_predictions_0.mtz,0,0,802,0.5771528
802,./thermolysin_dw/thl_1p8A_grid_predictions_0.mtz,0,0,803,0.8110303
803,./thermolysin_dw/thl_1p8A_grid_predictions_0.mtz,0,0,804,0.8419044
804,./thermolysin_dw/thl_1p8A_grid_predictions_0.mtz,0,0,805,0.92885244
805,./thermolysin_dw/thl_1p8A_grid_predictions_0.mtz,0,0,806,0.86375326
806,./thermolysin_dw/thl_1p8A_grid_predictions_0.mtz,0,0,807,0.9432009
807,./thermolysin_dw/thl_1p8A_grid_predictions_0.mtz,0,0,808,0.55304563
808,./thermolysin_dw/thl_1p8A_grid_predictions_0.mtz,0,0,809,0.8096179
809,./thermolysin_dw/thl_1p8A_grid_predictions_0.mtz,0,0,810,0.95148426
810,./thermolysin_dw/thl_1p8A_grid_predictions_0.mtz,0,0,811,0.82511336
811,./thermolysin_dw/thl_1p8A_grid_predictions_0.mtz,0,0,812,0.9595059
812,./thermolysin_dw/thl_1p8A_grid_predictions_0.mtz,0,0,813,0.8877122
813,./thermolysin_dw/thl_1p8A_grid_predictions_0.mtz,0,0,814,0.9203963
814,./thermolysin_dw/thl_1p8A_grid_predictions_0.mtz,0,0,815,0.9579178
815,./thermolysin_dw/thl_1p8A_grid_predictions_0.mtz,0,0,816,0.93861485
816,./thermolysin_dw/thl_1p8A_grid_predictions_0.mtz,0,0,817,0.96166736
817,./thermolysin_dw/thl_1p8A_grid_predictions_0.mtz,0,0,818,0.8826724
818,./thermolysin_dw/thl_1p8A_grid_predictions_0.mtz,0,0,819,0.8632838
819,./thermolysin_dw/thl_1p8A_grid_predictions_0.mtz,0,0,820,0.8882536
820,./thermolysin_dw/thl_1p8A_grid_predictions_0.mtz,0,0,821,0.8701158
821,./thermolysin_dw/thl_1p8A_grid_predictions_0.mtz,0,0,822,0.93287987
822,./thermolysin_dw/thl_1p8A_grid_predictions_0.mtz,0,0,823,0.89846104
823,./thermolysin_dw/thl_1p8A_grid_predictions_0.mtz,0,0,824,0.9569854
824,./thermolysin_dw/thl_1p8A_grid_predictions_0.mtz,0,0,825,0.85154754
825,./thermolysin_dw/thl_1p8A_grid_predictions_0.mtz,0,0,826,0.9716735
826,./thermolysin_dw/thl_1p8A_grid_predictions_0.mtz,0,0,827,0.88326746
827,./thermolysin_dw/thl_1p8A_grid_predictions_0.mtz,0,0,828,0.59591085
828,./thermolysin_dw/thl_1p8A_grid_predictions_0.mtz,0,0,829,0.8583433
829,./thermolysin_dw/thl_1p8A_grid_predictions_0.mtz,0,0,830,0.7732704
830,./thermolysin_dw/thl_1p8A_grid_predictions_0.mtz,0,0,831,0.8554979
831,./thermolysin_dw/thl_1p8A_grid_predictions_0.mtz,0,0,832,0.9339722
832,./thermolysin_dw/thl_1p8A_grid_predictions_0.mtz,0,0,833,0.944903
833,./thermolysin_dw/thl_1p8A_grid_predictions_0.mtz,0,0,834,0.7676776
834,./thermolysin_dw/thl_1p8A_grid_predictions_0.mtz,0,0,835,0.9301684
835,./thermolysin_dw/thl_1p8A_grid_predictions_0.mtz,0,0,836,0.8138865
836,./thermolysin_dw/thl_1p8A_grid_predictions_0.mtz,0,0,837,0.8525679
837,./thermolysin_dw/thl_1p8A_grid_predictions_0.mtz,0,0,838,0.7704269
838,./thermolysin_dw/thl_1p8A_grid_predictions_0.mtz,0,0,839,0.9004479
839,./thermolysin_dw/thl_1p8A_grid_predictions_0.mtz,0,0,840,0.76917005
840,./thermolysin_dw/thl_1p8A_grid_predictions_0.mtz,0,0,841,0.86087495
841,./thermolysin_dw/thl_1p8A_grid_predictions_0.mtz,0,0,842,0.70900047
842,./thermolysin_dw/thl_1p8A_grid_predictions_0.mtz,0,0,843,0.91821605
843,./thermolysin_dw/thl_1p8A_grid_predictions_0.mtz,0,0,844,0.9413112
844,./thermolysin_dw/thl_1p8A_grid_predictions_0.mtz,0,0,845,0.674287
845,./thermolysin_dw/thl_1p8A_grid_predictions_0.mtz,0,0,846,0.94649726
846,./thermolysin_dw/thl_1p8A_grid_predictions_0.mtz,0,0,847,0.8035773
847,./thermolysin_dw/thl_1p8A_grid_predictions_0.mtz,0,0,848,0.9125484
848,./thermolysin_dw/thl_1p8A_grid_predictions_0.mtz,0,0,849,0.93796545
849,./thermolysin_dw/thl_1p8A_grid_predictions_0.mtz,0,0,850,0.8756608
850,./thermolysin_dw/thl_1p8A_grid_predictions_0.mtz,0,0,851,0.92794245
851,./thermolysin_dw/thl_1p8A_grid_predictions_0.mtz,0,0,852,0.82151514
852,./thermolysin_dw/thl_1p8A_grid_predictions_0.mtz,0,0,853,0.93087137
853,./thermolysin_dw/thl_1p8A_grid_predictions_0.mtz,0,0,854,0.91952753
854,./thermolysin_dw/thl_1p8A_grid_predictions_0.mtz,0,0,855,0.8629153
855,./thermolysin_dw/thl_1p8A_grid_predictions_0.mtz,0,0,856,0.806227
856,./thermolysin_dw/thl_1p8A_grid_predictions_0.mtz,0,0,857,0.9562973
857,./thermolysin_dw/thl_1p8A_grid_predictions_0.mtz,0,0,858,0.94571084
858,./thermolysin_dw/thl_1p8A_grid_predictions_0.mtz,0,0,859,0.93662983
859,./thermolysin_dw/thl_1p8A_grid_predictions_0.mtz,0,0,860,0.9430174
860,./thermolysin_dw/thl_1p8A_grid_predictions_0.mtz,0,0,861,0.94154614
861,./thermolysin_dw/thl_1p8A_grid_predictions_0.mtz,0,0,862,0.9506457
862,./thermolysin_dw/thl_1p8A_grid_predictions_0.mtz,0,0,863,0.8656931
863,./thermolysin_dw/thl_1p8A_grid_predictions_0.mtz,0,0,864,0.83720285
864,./thermolysin_dw/thl_1p8A_grid_predictions_0.mtz,0,0,865,0.87671727
865,./thermolysin_dw/thl_1p8A_grid_predictions_0.mtz,0,0,866,0.80150646
866,./thermolysin_dw/thl_1p8A_grid_predictions_0.mtz,0,0,867,0.9176703
867,./thermolysin_dw/thl_1p8A_grid_predictions_0.mtz,0,0,868,0.95194143
868,./thermolysin_dw/thl_1p8A_grid_predictions_0.mtz,0,0,869,0.70868963
869,./thermolysin_dw/thl_1p8A_grid_predictions_0.mtz,0,0,870,0.876456
870,./thermolysin_dw/thl_1p8A_grid_predictions_0.mtz,0,0,871,0.9150658
871,./thermolysin_dw/thl_1p8A_grid_predictions_0.mtz,0,0,872,0.90759015
872,./thermolysin_dw/thl_1p8A_grid_predictions_0.mtz,0,0,873,0.9360723
873,./thermolysin_dw/thl_1p8A_grid_predictions_0.mtz,0,0,874,0.945724
874,./thermolysin_dw/thl_1p8A_grid_predictions_0.mtz,0,0,875,0.83029515
875,./thermolysin_dw/thl_1p8A_grid_predictions_0.mtz,0,0,876,0.88005966
876,./thermolysin_dw/thl_1p8A_grid_predictions_0.mtz,0,0,877,0.9312934
877,./thermolysin_dw/thl_1p8A_grid_predictions_0.mtz,0,0,878,0.93244046
878,./thermolysin_dw/thl_1p8A_grid_predictions_0.mtz,0,0,879,0.8977512
879,./thermolysin_dw/thl_1p8A_grid_predictions_0.mtz,0,0,880,0.79877454
880,./thermolysin_dw/thl_1p8A_grid_predictions_0.mtz,0,0,881,0.9145921
881,./thermolysin_dw/thl_1p8A_grid_predictions_0.mtz,0,0,882,0.902781
882,./thermolysin_dw/thl_1p8A_grid_predictions_0.mtz,0,0,883,0.9211652
883,./thermolysin_dw/thl_1p8A_grid_predictions_0.mtz,0,0,884,0.9547179
884,./thermolysin_dw/thl_1p8A_grid_predictions_0.mtz,0,0,885,0.92809147
885,./thermolysin_dw/thl_1p8A_grid_predictions_0.mtz,0,0,886,0.94373107
886,./thermolysin_dw/thl_1p8A_grid_predictions_0.mtz,0,0,887,0.93371356
887,./thermolysin_dw/thl_1p8A_grid_predictions_0.mtz,0,0,888,0.9250418
888,./thermolysin_dw/thl_1p8A_grid_predictions_0.mtz,0,0,889,0.84913105
889,./thermolysin_dw/thl_1p8A_grid_predictions_0.mtz,0,0,890,0.8262029
890,./thermolysin_dw/thl_1p8A_grid_predictions_0.mtz,0,0,891,0.9000883
891,./thermolysin_dw/thl_1p8A_grid_predictions_0.mtz,0,0,892,0.742684
892,./thermolysin_dw/thl_1p8A_grid_predictions_0.mtz,0,0,893,0.8044251
893,./thermolysin_dw/thl_1p8A_grid_predictions_0.mtz,0,0,894,0.86364865
894,./thermolysin_dw/thl_1p8A_grid_predictions_0.mtz,0,0,895,0.8950025
895,./thermolysin_dw/thl_1p8A_grid_predictions_0.mtz,0,0,896,0.8984155
896,./thermolysin_dw/thl_1p8A_grid_predictions_0.mtz,0,0,897,0.7294599
897,./thermolysin_dw/thl_1p8A_grid_predictions_0.mtz,0,0,898,0.89339393
898,./thermolysin_dw/thl_1p8A_grid_predictions_0.mtz,0,0,899,0.88427424
899,./thermolysin_dw/thl_1p8A_grid_predictions_0.mtz,0,0,900,0.8751025
900,./thermolysin_dw/thl_1p8A_grid_predictions_0.mtz,0,0,901,0.9259665
901,./thermolysin_dw/thl_1p8A_grid_predictions_0.mtz,0,0,902,0.94145155
902,./thermolysin_dw/thl_1p8A_grid_predictions_0.mtz,0,0,903,0.91962314
903,./thermolysin_dw/thl_1p8A_grid_predictions_0.mtz,0,0,904,0.82752204
904,./thermolysin_dw/thl_1p8A_grid_predictions_0.mtz,0,0,905,0.8992046
905,./thermolysin_dw/thl_1p8A_grid_predictions_0.mtz,0,0,906,0.8643114
906,./thermolysin_dw/thl_1p8A_grid_predictions_0.mtz,0,0,907,0.8875273
907,./thermolysin_dw/thl_1p8A_grid_predictions_0.mtz,0,0,908,0.86406046
908,./thermolysin_dw/thl_1p8A_grid_predictions_0.mtz,0,0,909,0.7006991
909,./thermolysin_dw/thl_1p8A_grid_predictions_0.mtz,0,0,910,0.9646218
910,./thermolysin_dw/thl_1p8A_grid_predictions_0.mtz,0,0,911,0.95230967
911,./thermolysin_dw/thl_1p8A_grid_predictions_0.mtz,0,0,912,0.89887464
912,./thermolysin_dw/thl_1p8A_grid_predictions_0.mtz,0,0,913,0.9862423
913,./thermolysin_dw/thl_1p8A_grid_predictions_0.mtz,0,0,914,0.8450648
914,./thermolysin_dw/thl_1p8A_grid_predictions_0.mtz,0,0,915,0.94451946
915,./thermolysin_dw/thl_1p8A_grid_predictions_0.mtz,0,0,916,0.85823286
916,./thermolysin_dw/thl_1p8A_grid_predictions_0.mtz,0,0,917,0.965628
917,./thermolysin_dw/thl_1p8A_grid_predictions_0.mtz,0,0,918,0.9689312
918,./thermolysin_dw/thl_1p8A_grid_predictions_0.mtz,0,0,919,0.8833064
919,./thermolysin_dw/thl_1p8A_grid_predictions_0.mtz,0,0,920,0.9713427
920,./thermolysin_dw/thl_1p8A_grid_predictions_0.mtz,0,0,921,0.90468377
921,./thermolysin_dw/thl_1p8A_grid_predictions_0.mtz,0,0,922,0.9692316
922,./thermolysin_dw/thl_1p8A_grid_predictions_0.mtz,0,0,923,0.85552806
923,./thermolysin_dw/thl_1p8A_grid_predictions_0.mtz,0,0,924,0.9715915
924,./thermolysin_dw/thl_1p8A_grid_predictions_0.mtz,0,0,925,0.84319186
925,./thermolysin_dw/thl_1p8A_grid_predictions_0.mtz,0,0,926,0.96829545
926,./thermolysin_dw/thl_1p8A_grid_predictions_0.mtz,0,0,927,0.9059603
927,./thermolysin_dw/thl_1p8A_grid_predictions_0.mtz,0,0,928,0.83382887
928,./thermolysin_dw/thl_1p8A_grid_predictions_0.mtz,0,0,929,0.8541124
929,./thermolysin_dw/thl_1p8A_grid_predictions_0.mtz,0,0,930,0.7908137
930,./thermolysin_dw/thl_1p8A_grid_predictions_0.mtz,0,0,931,0.959705
931,./thermolysin_dw/thl_1p8A_grid_predictions_0.mtz,0,0,932,0.96735036
932,./thermolysin_dw/thl_1p8A_grid_predictions_0.mtz,0,0,933,0.9310017
933,./thermolysin_dw/thl_1p8A_grid_predictions_0.mtz,0,0,934,0.9518038
934,./thermolysin_dw/thl_1p8A_grid_predictions_0.mtz,0,0,935,0.8950077
935,./thermolysin_dw/thl_1p8A_grid_predictions_0.mtz,0,0,936,0.92160416
936,./thermolysin_dw/thl_1p8A_grid_predictions_0.mtz,0,0,937,0.9422423
937,./thermolysin_dw/thl_1p8A_grid_predictions_0.mtz,0,0,938,0.8666132
938,./thermolysin_dw/thl_1p8A_grid_predictions_0.mtz,0,0,939,0.90684354
939,./thermolysin_dw/thl_1p8A_grid_predictions_0.mtz,0,0,940,0.9295997
940,./thermolysin_dw/thl_1p8A_grid_predictions_0.mtz,0,0,941,0.97143894
941,./thermolysin_dw/thl_1p8A_grid_predictions_0.mtz,0,0,942,0.92630076
942,./thermolysin_dw/thl_1p8A_grid_predictions_0.mtz,0,0,943,0.8250775
943,./thermolysin_dw/thl_1p8A_grid_predictions_0.mtz,0,0,944,0.9537655
944,./thermolysin_dw/thl_1p8A_grid_predictions_0.mtz,0,0,945,0.9031324
945,./thermolysin_dw/thl_1p8A_grid_predictions_0.mtz,0,0,946,0.94878435
946,./thermolysin_dw/thl_1p8A_grid_predictions_0.mtz,0,0,947,0.8953592
947,./thermolysin_dw/thl_1p8A_grid_predictions_0.mtz,0,0,948,0.9254175
948,./thermolysin_dw/thl_1p8A_grid_predictions_0.mtz,0,0,949,0.94814616
949,./thermolysin_dw/thl_1p8A_grid_predictions_0.mtz,0,0,950,0.84926224
950,./thermolysin_dw/thl_1p8A_grid_predictions_0.mtz,0,0,951,0.8705217
951,./thermolysin_dw/thl_1p8A_grid_predictions_0.mtz,0,0,952,0.86739177
952,./thermolysin_dw/thl_1p8A_grid_predictions_0.mtz,0,0,953,0.8120561
953,./thermolysin_dw/thl_1p8A_grid_predictions_0.mtz,0,0,954,0.8456785
954,./thermolysin_dw/thl_1p8A_grid_predictions_0.mtz,0,0,955,0.94180983
955,./thermolysin_dw/thl_1p8A_grid_predictions_0.mtz,0,0,956,0.8839964
956,./thermolysin_dw/thl_1p8A_grid_predictions_0.mtz,0,0,957,0.95168877
957,./thermolysin_dw/thl_1p8A_grid_predictions_0.mtz,0,0,958,0.90494245
958,./thermolysin_dw/thl_1p8A_grid_predictions_0.mtz,0,0,959,0.9647111
959,./thermolysin_dw/thl_1p8A_grid_predictions_0.mtz,0,0,960,0.9751507
960,./thermolysin_dw/thl_1p8A_grid_predictions_0.mtz,0,0,961,0.88621557
961,./thermolysin_dw/thl_1p8A_grid_predictions_0.mtz,0,0,962,0.9255449
962,./thermolysin_dw/thl_1p8A_grid_predictions_0.mtz,0,0,963,0.60427344
963,./thermolysin_dw/thl_1p8A_grid_predictions_0.mtz,0,0,964,0.9178193
964,./thermolysin_dw/thl_1p8A_grid_predictions_0.mtz,0,0,965,0.9387225
965,./thermolysin_dw/thl_1p8A_grid_predictions_0.mtz,0,0,966,0.8393643
966,./thermolysin_dw/thl_1p8A_grid_predictions_0.mtz,0,0,967,0.8525452
967,./thermolysin_dw/thl_1p8A_grid_predictions_0.mtz,0,0,968,0.9356458
968,./thermolysin_dw/thl_1p8A_grid_predictions_0.mtz,0,0,969,0.94811654
969,./thermolysin_dw/thl_1p8A_grid_predictions_0.mtz,0,0,970,0.8918944
970,./thermolysin_dw/thl_1p8A_grid_predictions_0.mtz,0,0,971,0.83777255
971,./thermolysin_dw/thl_1p8A_grid_predictions_0.mtz,0,0,972,0.89248127
972,./thermolysin_dw/thl_1p8A_grid_predictions_0.mtz,0,0,973,0.88219374
973,./thermolysin_dw/thl_1p8A_grid_predictions_0.mtz,0,0,974,0.9286009
974,./thermolysin_dw/thl_1p8A_grid_predictions_0.mtz,0,0,975,0.9154672
975,./thermolysin_dw/thl_1p8A_grid_predictions_0.mtz,0,0,976,0.90530056
976,./thermolysin_dw/thl_1p8A_grid_predictions_0.mtz,0,0,977,0.8337459
977,./thermolysin_dw/thl_1p8A_grid_predictions_0.mtz,0,0,978,0.96540034
978,./thermolysin_dw/thl_1p8A_grid_predictions_0.mtz,0,0,979,0.9134462
979,./thermolysin_dw/thl_1p8A_grid_predictions_0.mtz,0,0,980,0.839745
980,./thermolysin_dw/thl_1p8A_grid_predictions_0.mtz,0,0,981,0.6823353
981,./thermolysin_dw/thl_1p8A_grid_predictions_0.mtz,0,0,982,0.9437199
982,./thermolysin_dw/thl_1p8A_grid_predictions_0.mtz,0,0,983,0.869882
983,./thermolysin_dw/thl_1p8A_grid_predictions_0.mtz,0,0,984,0.9188663
984,./thermolysin_dw/thl_1p8A_grid_predictions_0.mtz,0,0,985,0.822289
985,./thermolysin_dw/thl_1p8A_grid_predictions_0.mtz,0,0,986,0.876373
986,./thermolysin_dw/thl_1p8A_grid_predictions_0.mtz,0,0,987,0.94956094
987,./thermolysin_dw/thl_1p8A_grid_predictions_0.mtz,0,0,988,0.93460476
988,./thermolysin_dw/thl_1p8A_grid_predictions_0.mtz,0,0,989,0.8544946
989,./thermolysin_dw/thl_1p8A_grid_predictions_0.mtz,0,0,990,0.9438863
990,./thermolysin_dw/thl_1p8A_grid_predictions_0.mtz,0,0,991,0.8054996
991,./thermolysin_dw/thl_1p8A_grid_predictions_0.mtz,0,0,992,0.90987176
992,./thermolysin_dw/thl_1p8A_grid_predictions_0.mtz,0,0,993,0.9193097
993,./thermolysin_dw/thl_1p8A_grid_predictions_0.mtz,0,0,994,0.9266229
994,./thermolysin_dw/thl_1p8A_grid_predictions_0.mtz,0,0,995,0.79510766
995,./thermolysin_dw/thl_1p8A_grid_predictions_0.mtz,0,0,996,0.90381694
996,./thermolysin_dw/thl_1p8A_grid_predictions_0.mtz,0,0,997,0.8180624
997,./thermolysin_dw/thl_1p8A_grid_predictions_0.mtz,0,0,998,0.7336446
998,./thermolysin_dw/thl_1p8A_grid_predictions_0.mtz,0,0,999,0.82198775
999,./thermolysin_dw/thl_1p8A_grid_predictions_0.mtz,0,0,1000,0.897358
1000,./thermolysin_dw/thl_1p8A_grid_predictions_0.mtz,0,0,1001,0.86318433
1001,./thermolysin_dw/thl_1p8A_grid_predictions_0.mtz,0,0,1002,0.8807193
1002,./thermolysin_dw/thl_1p8A_grid_predictions_0.mtz,0,0,1003,0.9141757
1003,./thermolysin_dw/thl_1p8A_grid_predictions_0.mtz,0,0,1004,0.93664765
1004,./thermolysin_dw/thl_1p8A_grid_predictions_0.mtz,0,0,1005,0.9524876
1005,./thermolysin_dw/thl_1p8A_grid_predictions_0.mtz,0,0,1006,0.9687043
1006,./thermolysin_dw/thl_1p8A_grid_predictions_0.mtz,0,0,1007,0.9240142
1007,./thermolysin_dw/thl_1p8A_grid_predictions_0.mtz,0,0,1008,0.8582038
1008,./thermolysin_dw/thl_1p8A_grid_predictions_0.mtz,0,0,1009,0.94316596
1009,./thermolysin_dw/thl_1p8A_grid_predictions_0.mtz,0,0,1010,0.93834084
1010,./thermolysin_dw/thl_1p8A_grid_predictions_0.mtz,0,0,1011,0.9476731
1011,./thermolysin_dw/thl_1p8A_grid_predictions_0.mtz,0,0,1012,0.90486044
1012,./thermolysin_dw/thl_1p8A_grid_predictions_0.mtz,0,0,1013,0.916366
1013,./thermolysin_dw/thl_1p8A_grid_predictions_0.mtz,0,0,1014,0.86937964
1014,./thermolysin_dw/thl_1p8A_grid_predictions_0.mtz,0,0,1015,0.9609758
1015,./thermolysin_dw/thl_1p8A_grid_predictions_0.mtz,0,0,1016,0.8785718
1016,./thermolysin_dw/thl_1p8A_grid_predictions_0.mtz,0,0,1017,0.95229256
1017,./thermolysin_dw/thl_1p8A_grid_predictions_0.mtz,0,0,1018,0.85107774
1018,./thermolysin_dw/thl_1p8A_grid_predictions_0.mtz,0,0,1019,0.9142162
1019,./thermolysin_dw/thl_1p8A_grid_predictions_0.mtz,0,0,1020,0.87809813
1020,./thermolysin_dw/thl_1p8A_grid_predictions_0.mtz,0,0,1021,0.92248124
1021,./thermolysin_dw/thl_1p8A_grid_predictions_0.mtz,0,0,1022,0.92996764
1022,./thermolysin_dw/thl_1p8A_grid_predictions_0.mtz,0,0,1023,0.95373183
1023,./thermolysin_dw/thl_1p8A_grid_predictions_0.mtz,0,0,1024,0.9195437
1024,./thermolysin_dw/thl_1p8A_grid_predictions_0.mtz,0,0,1025,0.85708326
1025,./thermolysin_dw/thl_1p8A_grid_predictions_0.mtz,0,0,1026,0.944746
1026,./thermolysin_dw/thl_1p8A_grid_predictions_0.mtz,0,0,1027,0.780481
1027,./thermolysin_dw/thl_1p8A_grid_predictions_0.mtz,0,0,1028,0.90779656
1028,./thermolysin_dw/thl_1p8A_grid_predictions_0.mtz,0,0,1029,0.9235914
1029,./thermolysin_dw/thl_1p8A_grid_predictions_0.mtz,0,0,1030,0.9355704
1030,./thermolysin_dw/thl_1p8A_grid_predictions_0.mtz,0,0,1031,0.9652291
1031,./thermolysin_dw/thl_1p8A_grid_predictions_0.mtz,0,0,1032,0.8750609
1032,./thermolysin_dw/thl_1p8A_grid_predictions_0.mtz,0,0,1033,0.9797932
1033,./thermolysin_dw/thl_1p8A_grid_predictions_0.mtz,0,0,1034,0.85234535
1034,./thermolysin_dw/thl_1p8A_grid_predictions_0.mtz,0,0,1035,0.8877502
1035,./thermolysin_dw/thl_1p8A_grid_predictions_0.mtz,0,0,1036,0.9029742
1036,./thermolysin_dw/thl_1p8A_grid_predictions_0.mtz,0,0,1037,0.95658857
1037,./thermolysin_dw/thl_1p8A_grid_predictions_0.mtz,0,0,1038,0.8801024
1038,./thermolysin_dw/thl_1p8A_grid_predictions_0.mtz,0,0,1039,0.93426627
1039,./thermolysin_dw/thl_1p8A_grid_predictions_0.mtz,0,0,1040,0.943003
1040,./thermolysin_dw/thl_1p8A_grid_predictions_0.mtz,0,0,1041,0.9658976
1041,./thermolysin_dw/thl_1p8A_grid_predictions_0.mtz,0,0,1042,0.76621425
1042,./thermolysin_dw/thl_1p8A_grid_predictions_0.mtz,0,0,1043,0.85309726
1043,./thermolysin_dw/thl_1p8A_grid_predictions_0.mtz,0,0,1044,0.88113874
1044,./thermolysin_dw/thl_1p8A_grid_predictions_0.mtz,0,0,1045,0.95674396
1045,./thermolysin_dw/thl_1p8A_grid_predictions_0.mtz,0,0,1046,0.9065774
1046,./thermolysin_dw/thl_1p8A_grid_predictions_0.mtz,0,0,1047,0.70592916
1047,./thermolysin_dw/thl_1p8A_grid_predictions_0.mtz,0,0,1048,0.84773487
1048,./thermolysin_dw/thl_1p8A_grid_predictions_0.mtz,0,0,1049,0.8799005
1049,./thermolysin_dw/thl_1p8A_grid_predictions_0.mtz,0,0,1050,0.9298369
1050,./thermolysin_dw/thl_1p8A_grid_predictions_0.mtz,0,0,1051,0.88547415
1051,./thermolysin_dw/thl_1p8A_grid_predictions_0.mtz,0,0,1052,0.83698237
1052,./thermolysin_dw/thl_1p8A_grid_predictions_0.mtz,0,0,1053,0.90387267
1053,./thermolysin_dw/thl_1p8A_grid_predictions_0.mtz,0,0,1054,0.94418925
1054,./thermolysin_dw/thl_1p8A_grid_predictions_0.mtz,0,0,1055,0.9151395
1055,./thermolysin_dw/thl_1p8A_grid_predictions_0.mtz,0,0,1056,0.90366125
1056,./thermolysin_dw/thl_1p8A_grid_predictions_0.mtz,0,0,1057,0.9678789
1057,./thermolysin_dw/thl_1p8A_grid_predictions_0.mtz,0,0,1058,0.93814784
1058,./thermolysin_dw/thl_1p8A_grid_predictions_0.mtz,0,0,1059,0.9210616
1059,./thermolysin_dw/thl_1p8A_grid_predictions_0.mtz,0,0,1060,0.9413914
1060,./thermolysin_dw/thl_1p8A_grid_predictions_0.mtz,0,0,1061,0.91565096
1061,./thermolysin_dw/thl_1p8A_grid_predictions_0.mtz,0,0,1062,0.8590236
1062,./thermolysin_dw/thl_1p8A_grid_predictions_0.mtz,0,0,1063,0.93467146
1063,./thermolysin_dw/thl_1p8A_grid_predictions_0.mtz,0,0,1064,0.7375864
1064,./thermolysin_dw/thl_1p8A_grid_predictions_0.mtz,0,0,1065,0.6295634
1065,./thermolysin_dw/thl_1p8A_grid_predictions_0.mtz,0,0,1066,0.3375512
1066,./thermolysin_dw/thl_1p8A_grid_predictions_0.mtz,0,0,1067,0.85990125
1067,./thermolysin_dw/thl_1p8A_grid_predictions_0.mtz,0,0,1068,0.9401555
1068,./thermolysin_dw/thl_1p8A_grid_predictions_0.mtz,0,0,1069,0.9258705
1069,./thermolysin_dw/thl_1p8A_grid_predictions_0.mtz,0,0,1070,0.9570231
1070,./thermolysin_dw/thl_1p8A_grid_predictions_0.mtz,0,0,1071,0.90481335
1071,./thermolysin_dw/thl_1p8A_grid_predictions_0.mtz,0,0,1072,0.8317493
1072,./thermolysin_dw/thl_1p8A_grid_predictions_0.mtz,0,0,1073,0.8987912
1073,./thermolysin_dw/thl_1p8A_grid_predictions_0.mtz,0,0,1074,0.85021627
1074,./thermolysin_dw/thl_1p8A_grid_predictions_0.mtz,0,0,1075,0.7855929
1075,./thermolysin_dw/thl_1p8A_grid_predictions_0.mtz,0,0,1076,0.89715457
1076,./thermolysin_dw/thl_1p8A_grid_predictions_0.mtz,0,0,1077,0.89380604
1077,./thermolysin_dw/thl_1p8A_grid_predictions_0.mtz,0,0,1078,0.8891218
1078,./thermolysin_dw/thl_1p8A_grid_predictions_0.mtz,0,0,1079,0.81064963
1079,./thermolysin_dw/thl_1p8A_grid_predictions_0.mtz,0,0,1080,0.84414077
1080,./thermolysin_dw/thl_1p8A_grid_predictions_0.mtz,0,0,1081,0.9606322
1081,./thermolysin_dw/thl_1p8A_grid_predictions_0.mtz,0,0,1082,0.9766758
1082,./thermolysin_dw/thl_1p8A_grid_predictions_0.mtz,0,0,1083,0.9102691
1083,./thermolysin_dw/thl_1p8A_grid_predictions_0.mtz,0,0,1084,0.9384507
1084,./thermolysin_dw/thl_1p8A_grid_predictions_0.mtz,0,0,1085,0.9492583
1085,./thermolysin_dw/thl_1p8A_grid_predictions_0.mtz,0,0,1086,0.933269
1086,./thermolysin_dw/thl_1p8A_grid_predictions_0.mtz,0,0,1087,0.80742824
1087,./thermolysin_dw/thl_1p8A_grid_predictions_0.mtz,0,0,1088,0.95613164
1088,./thermolysin_dw/thl_1p8A_grid_predictions_0.mtz,0,0,1089,0.8418927
1089,./thermolysin_dw/thl_1p8A_grid_predictions_0.mtz,0,0,1090,0.865273
1090,./thermolysin_dw/thl_1p8A_grid_predictions_0.mtz,0,0,1091,0.8670964
1091,./thermolysin_dw/thl_1p8A_grid_predictions_0.mtz,0,0,1092,0.8710861
1092,./thermolysin_dw/thl_1p8A_grid_predictions_0.mtz,0,0,1093,0.9236105
1093,./thermolysin_dw/thl_1p8A_grid_predictions_0.mtz,0,0,1094,0.9248464
1094,./thermolysin_dw/thl_1p8A_grid_predictions_0.mtz,0,0,1095,0.95908016
1095,./thermolysin_dw/thl_1p8A_grid_predictions_0.mtz,0,0,1096,0.9046705
1096,./thermolysin_dw/thl_1p8A_grid_predictions_0.mtz,0,0,1097,0.84575266
1097,./thermolysin_dw/thl_1p8A_grid_predictions_0.mtz,0,0,1098,0.9123591
1098,./thermolysin_dw/thl_1p8A_grid_predictions_0.mtz,0,0,1099,0.9187189
1099,./thermolysin_dw/thl_1p8A_grid_predictions_0.mtz,0,0,1100,0.9604911
1100,./thermolysin_dw/thl_1p8A_grid_predictions_0.mtz,0,0,1101,0.97492474
1101,./thermolysin_dw/thl_1p8A_grid_predictions_0.mtz,0,0,1102,0.6625289
1102,./thermolysin_dw/thl_1p8A_grid_predictions_0.mtz,0,0,1103,0.9017612
1103,./thermolysin_dw/thl_1p8A_grid_predictions_0.mtz,0,0,1104,0.8857795
1104,./thermolysin_dw/thl_1p8A_grid_predictions_0.mtz,0,0,1105,0.9201206
1105,./thermolysin_dw/thl_1p8A_grid_predictions_0.mtz,0,0,1106,0.81591
1106,./thermolysin_dw/thl_1p8A_grid_predictions_0.mtz,0,0,1107,0.9065659
1107,./thermolysin_dw/thl_1p8A_grid_predictions_0.mtz,0,0,1108,0.9024126
1108,./thermolysin_dw/thl_1p8A_grid_predictions_0.mtz,0,0,1109,0.88170063
1109,./thermolysin_dw/thl_1p8A_grid_predictions_0.mtz,0,0,1110,0.92778504
1110,./thermolysin_dw/thl_1p8A_grid_predictions_0.mtz,0,0,1111,0.9285316
1111,./thermolysin_dw/thl_1p8A_grid_predictions_0.mtz,0,0,1112,0.8092662
1112,./thermolysin_dw/thl_1p8A_grid_predictions_0.mtz,0,0,1113,0.8594761
1113,./thermolysin_dw/thl_1p8A_grid_predictions_0.mtz,0,0,1114,0.9638196
1114,./thermolysin_dw/thl_1p8A_grid_predictions_0.mtz,0,0,1115,0.7487096
1115,./thermolysin_dw/thl_1p8A_grid_predictions_0.mtz,0,0,1116,0.7100712
1116,./thermolysin_dw/thl_1p8A_grid_predictions_0.mtz,0,0,1117,0.93639135
1117,./thermolysin_dw/thl_1p8A_grid_predictions_0.mtz,0,0,1118,0.68056434
1118,./thermolysin_dw/thl_1p8A_grid_predictions_0.mtz,0,0,1119,0.79808044
1119,./thermolysin_dw/thl_1p8A_grid_predictions_0.mtz,0,0,1120,0.95304465
1120,./thermolysin_dw/thl_1p8A_grid_predictions_0.mtz,0,0,1121,0.94123113
1121,./thermolysin_dw/thl_1p8A_grid_predictions_0.mtz,0,0,1122,0.94407547
1122,./thermolysin_dw/thl_1p8A_grid_predictions_0.mtz,0,0,1123,0.921339
1123,./thermolysin_dw/thl_1p8A_grid_predictions_0.mtz,0,0,1124,0.9021313
1124,./thermolysin_dw/thl_1p8A_grid_predictions_0.mtz,0,0,1125,0.9094694
1125,./thermolysin_dw/thl_1p8A_grid_predictions_0.mtz,0,0,1126,0.9669188
1126,./thermolysin_dw/thl_1p8A_grid_predictions_0.mtz,0,0,1127,0.8426939
1127,./thermolysin_dw/thl_1p8A_grid_predictions_0.mtz,0,0,1128,0.95612955
1128,./thermolysin_dw/thl_1p8A_grid_predictions_0.mtz,0,0,1129,0.85719085
1129,./thermolysin_dw/thl_1p8A_grid_predictions_0.mtz,0,0,1130,0.93113005
1130,./thermolysin_dw/thl_1p8A_grid_predictions_0.mtz,0,0,1131,0.89565647
1131,./thermolysin_dw/thl_1p8A_grid_predictions_0.mtz,0,0,1132,0.93896353
1132,./thermolysin_dw/thl_1p8A_grid_predictions_0.mtz,0,0,1133,0.9528194
1133,./thermolysin_dw/thl_1p8A_grid_predictions_0.mtz,0,0,1134,0.87739646
1134,./thermolysin_dw/thl_1p8A_grid_predictions_0.mtz,0,0,1135,0.8985535
1135,./thermolysin_dw/thl_1p8A_grid_predictions_0.mtz,0,0,1136,0.914928
1136,./thermolysin_dw/thl_1p8A_grid_predictions_0.mtz,0,0,1137,0.9188136
1137,./thermolysin_dw/thl_1p8A_grid_predictions_0.mtz,0,0,1138,0.95622253
1138,./thermolysin_dw/thl_1p8A_grid_predictions_0.mtz,0,0,1139,0.8997652
1139,./thermolysin_dw/thl_1p8A_grid_predictions_0.mtz,0,0,1140,0.9522867
1140,./thermolysin_dw/thl_1p8A_grid_predictions_0.mtz,0,0,1141,0.877775
1141,./thermolysin_dw/thl_1p8A_grid_predictions_0.mtz,0,0,1142,0.84112126
1142,./thermolysin_dw/thl_1p8A_grid_predictions_0.mtz,0,0,1143,0.953207
1143,./thermolysin_dw/thl_1p8A_grid_predictions_0.mtz,0,0,1144,0.9127139
1144,./thermolysin_dw/thl_1p8A_grid_predictions_0.mtz,0,0,1145,0.91144305
1145,./thermolysin_dw/thl_1p8A_grid_predictions_0.mtz,0,0,1146,0.8910973
1146,./thermolysin_dw/thl_1p8A_grid_predictions_0.mtz,0,0,1147,0.85811305
1147,./thermolysin_dw/thl_1p8A_grid_predictions_0.mtz,0,0,1148,0.9220523
1148,./thermolysin_dw/thl_1p8A_grid_predictions_0.mtz,0,0,1149,0.8494252
1149,./thermolysin_dw/thl_1p8A_grid_predictions_0.mtz,0,0,1150,0.8598874
1150,./thermolysin_dw/thl_1p8A_grid_predictions_0.mtz,0,0,1151,0.91906875
1151,./thermolysin_dw/thl_1p8A_grid_predictions_0.mtz,0,0,1152,0.84147036
1152,./thermolysin_dw/thl_1p8A_grid_predictions_0.mtz,0,0,1153,0.96372515
1153,./thermolysin_dw/thl_1p8A_grid_predictions_0.mtz,0,0,1154,0.9496384
1154,./thermolysin_dw/thl_1p8A_grid_predictions_0.mtz,0,0,1155,0.93007135
1155,./thermolysin_dw/thl_1p8A_grid_predictions_0.mtz,0,0,1156,0.7572372
1156,./thermolysin_dw/thl_1p8A_grid_predictions_0.mtz,0,0,1157,0.9418475
1157,./thermolysin_dw/thl_1p8A_grid_predictions_0.mtz,0,0,1158,0.91094285
1158,./thermolysin_dw/thl_1p8A_grid_predictions_0.mtz,0,0,1159,0.9155869
1159,./thermolysin_dw/thl_1p8A_grid_predictions_0.mtz,0,0,1160,0.9792418
1160,./thermolysin_dw/thl_1p8A_grid_predictions_0.mtz,0,0,1161,0.93774134
1161,./thermolysin_dw/thl_1p8A_grid_predictions_0.mtz,0,0,1162,0.8708934
1162,./thermolysin_dw/thl_1p8A_grid_predictions_0.mtz,0,0,1163,0.9137887
1163,./thermolysin_dw/thl_1p8A_grid_predictions_0.mtz,0,0,1164,0.9762048
1164,./thermolysin_dw/thl_1p8A_grid_predictions_0.mtz,0,0,1165,0.9175317
1165,./thermolysin_dw/thl_1p8A_grid_predictions_0.mtz,0,0,1166,0.8913336
1166,./thermolysin_dw/thl_1p8A_grid_predictions_0.mtz,0,0,1167,0.937665
1167,./thermolysin_dw/thl_1p8A_grid_predictions_0.mtz,0,0,1168,0.9169723
1168,./thermolysin_dw/thl_1p8A_grid_predictions_0.mtz,0,0,1169,0.95260537
1169,./thermolysin_dw/thl_1p8A_grid_predictions_0.mtz,0,0,1170,0.89032155
1170,./thermolysin_dw/thl_1p8A_grid_predictions_0.mtz,0,0,1171,0.9027738
1171,./thermolysin_dw/thl_1p8A_grid_predictions_0.mtz,0,0,1172,0.8203391
1172,./thermolysin_dw/thl_1p8A_grid_predictions_0.mtz,0,0,1173,0.76803195
1173,./thermolysin_dw/thl_1p8A_grid_predictions_0.mtz,0,0,1174,0.9610879
1174,./thermolysin_dw/thl_1p8A_grid_predictions_0.mtz,0,0,1175,0.89519465
1175,./thermolysin_dw/thl_1p8A_grid_predictions_0.mtz,0,0,1176,0.90724355
1176,./thermolysin_dw/thl_1p8A_grid_predictions_0.mtz,0,0,1177,0.8491121
1177,./thermolysin_dw/thl_1p8A_grid_predictions_0.mtz,0,0,1178,0.7630838
1178,./thermolysin_dw/thl_1p8A_grid_predictions_0.mtz,0,0,1179,0.9685071
1179,./thermolysin_dw/thl_1p8A_grid_predictions_0.mtz,0,0,1180,0.97115326
1180,./thermolysin_dw/thl_1p8A_grid_predictions_0.mtz,0,0,1181,0.92134005
1181,./thermolysin_dw/thl_1p8A_grid_predictions_0.mtz,0,0,1182,0.85391074
1182,./thermolysin_dw/thl_1p8A_grid_predictions_0.mtz,0,0,1183,0.9299553
1183,./thermolysin_dw/thl_1p8A_grid_predictions_0.mtz,0,0,1184,0.96965796
1184,./thermolysin_dw/thl_1p8A_grid_predictions_0.mtz,0,0,1185,0.944363
1185,./thermolysin_dw/thl_1p8A_grid_predictions_0.mtz,0,0,1186,0.9401126
1186,./thermolysin_dw/thl_1p8A_grid_predictions_0.mtz,0,0,1187,0.95751315
1187,./thermolysin_dw/thl_1p8A_grid_predictions_0.mtz,0,0,1188,0.8862494
1188,./thermolysin_dw/thl_1p8A_grid_predictions_0.mtz,0,0,1189,0.8645697
1189,./thermolysin_dw/thl_1p8A_grid_predictions_0.mtz,0,0,1190,0.8557377
1190,./thermolysin_dw/thl_1p8A_grid_predictions_0.mtz,0,0,1191,0.920467
1191,./thermolysin_dw/thl_1p8A_grid_predictions_0.mtz,0,0,1192,0.91613317
1192,./thermolysin_dw/thl_1p8A_grid_predictions_0.mtz,0,0,1193,0.9158879
1193,./thermolysin_dw/thl_1p8A_grid_predictions_0.mtz,0,0,1194,0.9692267
1194,./thermolysin_dw/thl_1p8A_grid_predictions_0.mtz,0,0,1195,0.8828749
1195,./thermolysin_dw/thl_1p8A_grid_predictions_0.mtz,0,0,1196,0.90879226
1196,./thermolysin_dw/thl_1p8A_grid_predictions_0.mtz,0,0,1197,0.8940845
1197,./thermolysin_dw/thl_1p8A_grid_predictions_0.mtz,0,0,1198,0.8833737
1198,./thermolysin_dw/thl_1p8A_grid_predictions_0.mtz,0,0,1199,0.9576369
1199,./thermolysin_dw/thl_1p8A_grid_predictions_0.mtz,0,0,1200,0.7770486
1200,./thermolysin_dw/thl_1p8A_grid_predictions_0.mtz,0,0,1201,0.9116479
1201,./thermolysin_dw/thl_1p8A_grid_predictions_0.mtz,0,0,1202,0.84978217
1202,./thermolysin_dw/thl_1p8A_grid_predictions_0.mtz,0,0,1203,0.9490212
1203,./thermolysin_dw/thl_1p8A_grid_predictions_0.mtz,0,0,1204,0.84214824
1204,./thermolysin_dw/thl_1p8A_grid_predictions_0.mtz,0,0,1205,0.9533755
1205,./thermolysin_dw/thl_1p8A_grid_predictions_0.mtz,0,0,1206,0.92437166
1206,./thermolysin_dw/thl_1p8A_grid_predictions_0.mtz,0,0,1207,0.676988
1207,./thermolysin_dw/thl_1p8A_grid_predictions_0.mtz,0,0,1208,0.8756898
1208,./thermolysin_dw/thl_1p8A_grid_predictions_0.mtz,0,0,1209,0.8130671
1209,./thermolysin_dw/thl_1p8A_grid_predictions_0.mtz,0,0,1210,0.9085288
1210,./thermolysin_dw/thl_1p8A_grid_predictions_0.mtz,0,0,1211,0.91192263
1211,./thermolysin_dw/thl_1p8A_grid_predictions_0.mtz,0,0,1212,0.92851734
1212,./thermolysin_dw/thl_1p8A_grid_predictions_0.mtz,0,0,1213,0.95583147
1213,./thermolysin_dw/thl_1p8A_grid_predictions_0.mtz,0,0,1214,0.97335213
1214,./thermolysin_dw/thl_1p8A_grid_predictions_0.mtz,0,0,1215,0.9346928
1215,./thermolysin_dw/thl_1p8A_grid_predictions_0.mtz,0,0,1216,0.6741826
1216,./thermolysin_dw/thl_1p8A_grid_predictions_0.mtz,0,0,1217,0.9234985
1217,./thermolysin_dw/thl_1p8A_grid_predictions_0.mtz,0,0,1218,0.880529
1218,./thermolysin_dw/thl_1p8A_grid_predictions_0.mtz,0,0,1219,0.8613577
1219,./thermolysin_dw/thl_1p8A_grid_predictions_0.mtz,0,0,1220,0.8981385
1220,./thermolysin_dw/thl_1p8A_grid_predictions_0.mtz,0,0,1221,0.7500562
1221,./thermolysin_dw/thl_1p8A_grid_predictions_0.mtz,0,0,1222,0.9317916
1222,./thermolysin_dw/thl_1p8A_grid_predictions_0.mtz,0,0,1223,0.8942647
1223,./thermolysin_dw/thl_1p8A_grid_predictions_0.mtz,0,0,1224,0.892591
1224,./thermolysin_dw/thl_1p8A_grid_predictions_0.mtz,0,0,1225,0.8938287
1225,./thermolysin_dw/thl_1p8A_grid_predictions_0.mtz,0,0,1226,0.9040056
1226,./thermolysin_dw/thl_1p8A_grid_predictions_0.mtz,0,0,1227,0.94934386
1227,./thermolysin_dw/thl_1p8A_grid_predictions_0.mtz,0,0,1228,0.9336418
1228,./thermolysin_dw/thl_1p8A_grid_predictions_0.mtz,0,0,1229,0.939774
1229,./thermolysin_dw/thl_1p8A_grid_predictions_0.mtz,0,0,1230,0.9314978
1230,./thermolysin_dw/thl_1p8A_grid_predictions_0.mtz,0,0,1231,0.8716274
1231,./thermolysin_dw/thl_1p8A_grid_predictions_0.mtz,0,0,1232,0.9544297
1232,./thermolysin_dw/thl_1p8A_grid_predictions_0.mtz,0,0,1233,0.86497694
1233,./thermolysin_dw/thl_1p8A_grid_predictions_0.mtz,0,0,1234,0.92350185
1234,./thermolysin_dw/thl_1p8A_grid_predictions_0.mtz,0,0,1235,0.94551843
1235,./thermolysin_dw/thl_1p8A_grid_predictions_0.mtz,0,0,1236,0.9087031
1236,./thermolysin_dw/thl_1p8A_grid_predictions_0.mtz,0,0,1237,0.9457471
1237,./thermolysin_dw/thl_1p8A_grid_predictions_0.mtz,0,0,1238,0.95363396
1238,./thermolysin_dw/thl_1p8A_grid_predictions_0.mtz,0,0,1239,0.928919
1239,./thermolysin_dw/thl_1p8A_grid_predictions_0.mtz,0,0,1240,0.7623688
1240,./thermolysin_dw/thl_1p8A_grid_predictions_0.mtz,0,0,1241,0.9543599
1241,./thermolysin_dw/thl_1p8A_grid_predictions_0.mtz,0,0,1242,0.9174043
1242,./thermolysin_dw/thl_1p8A_grid_predictions_0.mtz,0,0,1243,0.9547045
1243,./thermolysin_dw/thl_1p8A_grid_predictions_0.mtz,0,0,1244,0.8584778
1244,./thermolysin_dw/thl_1p8A_grid_predictions_0.mtz,0,0,1245,0.9481217
1245,./thermolysin_dw/thl_1p8A_grid_predictions_0.mtz,0,0,1246,0.8655515
1246,./thermolysin_dw/thl_1p8A_grid_predictions_0.mtz,0,0,1247,0.92944914
1247,./thermolysin_dw/thl_1p8A_grid_predictions_0.mtz,0,0,1248,0.8674898
1248,./thermolysin_dw/thl_1p8A_grid_predictions_0.mtz,0,0,1249,0.9068943
1249,./thermolysin_dw/thl_1p8A_grid_predictions_0.mtz,0,0,1250,0.899719
1250,./thermolysin_dw/thl_1p8A_grid_predictions_0.mtz,0,0,1251,0.93895686
1251,./thermolysin_dw/thl_1p8A_grid_predictions_0.mtz,0,0,1252,0.89212435
1252,./thermolysin_dw/thl_1p8A_grid_predictions_0.mtz,0,0,1253,0.8939385
1253,./thermolysin_dw/thl_1p8A_grid_predictions_0.mtz,0,0,1254,0.97198117
1254,./thermolysin_dw/thl_1p8A_grid_predictions_0.mtz,0,0,1255,0.9809325
1255,./thermolysin_dw/thl_1p8A_grid_predictions_0.mtz,0,0,1256,0.8842606
1256,./thermolysin_dw/thl_1p8A_grid_predictions_0.mtz,0,0,1257,0.92933583
1257,./thermolysin_dw/thl_1p8A_grid_predictions_0.mtz,0,0,1258,0.9562419
1258,./thermolysin_dw/thl_1p8A_grid_predictions_0.mtz,0,0,1259,0.94397163
1259,./thermolysin_dw/thl_1p8A_grid_predictions_0.mtz,0,0,1260,0.9161532
1260,./thermolysin_dw/thl_1p8A_grid_predictions_0.mtz,0,0,1261,0.86009645
1261,./thermolysin_dw/thl_1p8A_grid_predictions_0.mtz,0,0,1262,0.77153885
1262,./thermolysin_dw/thl_1p8A_grid_predictions_0.mtz,0,0,1263,0.8801892
1263,./thermolysin_dw/thl_1p8A_grid_predictions_0.mtz,0,0,1264,0.88142365
1264,./thermolysin_dw/thl_1p8A_grid_predictions_0.mtz,0,0,1265,0.83489
1265,./thermolysin_dw/thl_1p8A_grid_predictions_0.mtz,0,0,1266,0.7829722
1266,./thermolysin_dw/thl_1p8A_grid_predictions_0.mtz,0,0,1267,0.9092298
1267,./thermolysin_dw/thl_1p8A_grid_predictions_0.mtz,0,0,1268,0.9164649
1268,./thermolysin_dw/thl_1p8A_grid_predictions_0.mtz,0,0,1269,0.9363918
1269,./thermolysin_dw/thl_1p8A_grid_predictions_0.mtz,0,0,1270,0.95006275
1270,./thermolysin_dw/thl_1p8A_grid_predictions_0.mtz,0,0,1271,0.9186051
1271,./thermolysin_dw/thl_1p8A_grid_predictions_0.mtz,0,0,1272,0.87292445
1272,./thermolysin_dw/thl_1p8A_grid_predictions_0.mtz,0,0,1273,0.9384949
1273,./thermolysin_dw/thl_1p8A_grid_predictions_0.mtz,0,0,1274,0.931974
1274,./thermolysin_dw/thl_1p8A_grid_predictions_0.mtz,0,0,1275,0.9371695
1275,./thermolysin_dw/thl_1p8A_grid_predictions_0.mtz,0,0,1276,0.89832443
1276,./thermolysin_dw/thl_1p8A_grid_predictions_0.mtz,0,0,1277,0.9628888
1277,./thermolysin_dw/thl_1p8A_grid_predictions_0.mtz,0,0,1278,0.916733
1278,./thermolysin_dw/thl_1p8A_grid_predictions_0.mtz,0,0,1279,0.63206214
1279,./thermolysin_dw/thl_1p8A_grid_predictions_0.mtz,0,0,1280,0.95703834
1280,./thermolysin_dw/thl_1p8A_grid_predictions_0.mtz,0,0,1281,0.961302
1281,./thermolysin_dw/thl_1p8A_grid_predictions_0.mtz,0,0,1282,0.80973583
1282,./thermolysin_dw/thl_1p8A_grid_predictions_0.mtz,0,0,1283,0.67916
1283,./thermolysin_dw/thl_1p8A_grid_predictions_0.mtz,0,0,1284,0.9303679
1284,./thermolysin_dw/thl_1p8A_grid_predictions_0.mtz,0,0,1285,0.90147245
1285,./thermolysin_dw/thl_1p8A_grid_predictions_0.mtz,0,0,1286,0.82857186
1286,./thermolysin_dw/thl_1p8A_grid_predictions_0.mtz,0,0,1287,0.9637596
1287,./thermolysin_dw/thl_1p8A_grid_predictions_0.mtz,0,0,1288,0.83973235
1288,./thermolysin_dw/thl_1p8A_grid_predictions_0.mtz,0,0,1289,0.9198425
1289,./thermolysin_dw/thl_1p8A_grid_predictions_0.mtz,0,0,1290,0.9310466
1290,./thermolysin_dw/thl_1p8A_grid_predictions_0.mtz,0,0,1291,0.7081972
1291,./thermolysin_dw/thl_1p8A_grid_predictions_0.mtz,0,0,1292,0.9472461
1292,./thermolysin_dw/thl_1p8A_grid_predictions_0.mtz,0,0,1293,0.7860795
1293,./thermolysin_dw/thl_1p8A_grid_predictions_0.mtz,0,0,1294,0.91569215
1294,./thermolysin_dw/thl_1p8A_grid_predictions_0.mtz,0,0,1295,0.91757315
1295,./thermolysin_dw/thl_1p8A_grid_predictions_0.mtz,0,0,1296,0.90384156
1296,./thermolysin_dw/thl_1p8A_grid_predictions_0.mtz,0,0,1297,0.936251
1297,./thermolysin_dw/thl_1p8A_grid_predictions_0.mtz,0,0,1298,0.821686
1298,./thermolysin_dw/thl_1p8A_grid_predictions_0.mtz,0,0,1299,0.95093
1299,./thermolysin_dw/thl_1p8A_grid_predictions_0.mtz,0,0,1300,0.9355944
1300,./thermolysin_dw/thl_1p8A_grid_predictions_0.mtz,0,0,1301,0.91465694
1301,./thermolysin_dw/thl_1p8A_grid_predictions_0.mtz,0,0,1302,0.88138276
1302,./thermolysin_dw/thl_1p8A_grid_predictions_0.mtz,0,0,1303,0.96541584
1303,./thermolysin_dw/thl_1p8A_grid_predictions_0.mtz,0,0,1304,0.8713761
1304,./thermolysin_dw/thl_1p8A_grid_predictions_0.mtz,0,0,1305,0.9362526
1305,./thermolysin_dw/thl_1p8A_grid_predictions_0.mtz,0,0,1306,0.9271316
1306,./thermolysin_dw/thl_1p8A_grid_predictions_0.mtz,0,0,1307,0.9140054
1307,./thermolysin_dw/thl_1p8A_grid_predictions_0.mtz,0,0,1308,0.8247194
1308,./thermolysin_dw/thl_1p8A_grid_predictions_0.mtz,0,0,1309,0.86470175
1309,./thermolysin_dw/thl_1p8A_grid_predictions_0.mtz,0,0,1310,0.90436417
1310,./thermolysin_dw/thl_1p8A_grid_predictions_0.mtz,0,0,1311,0.9454371
1311,./thermolysin_dw/thl_1p8A_grid_predictions_0.mtz,0,0,1312,0.9522192
1312,./thermolysin_dw/thl_1p8A_grid_predictions_0.mtz,0,0,1313,0.7875818
1313,./thermolysin_dw/thl_1p8A_grid_predictions_0.mtz,0,0,1314,0.7877813
1314,./thermolysin_dw/thl_1p8A_grid_predictions_0.mtz,0,0,1315,0.9225257
1315,./thermolysin_dw/thl_1p8A_grid_predictions_0.mtz,0,0,1316,0.9370871
1316,./thermolysin_dw/thl_1p8A_grid_predictions_0.mtz,0,0,1317,0.87829167
1317,./thermolysin_dw/thl_1p8A_grid_predictions_0.mtz,0,0,1318,0.9015091
1318,./thermolysin_dw/thl_1p8A_grid_predictions_0.mtz,0,0,1319,0.9425586
1319,./thermolysin_dw/thl_1p8A_grid_predictions_0.mtz,0,0,1320,0.96081805
1320,./thermolysin_dw/thl_1p8A_grid_predictions_0.mtz,0,0,1321,0.96163523
1321,./thermolysin_dw/thl_1p8A_grid_predictions_0.mtz,0,0,1322,0.9430742
1322,./thermolysin_dw/thl_1p8A_grid_predictions_0.mtz,0,0,1323,0.9324504
1323,./thermolysin_dw/thl_1p8A_grid_predictions_0.mtz,0,0,1324,0.9384825
1324,./thermolysin_dw/thl_1p8A_grid_predictions_0.mtz,0,0,1325,0.90574086
1325,./thermolysin_dw/thl_1p8A_grid_predictions_0.mtz,0,0,1326,0.9846042
1326,./thermolysin_dw/thl_1p8A_grid_predictions_0.mtz,0,0,1327,0.92476267
1327,./thermolysin_dw/thl_1p8A_grid_predictions_0.mtz,0,0,1328,0.8705842
1328,./thermolysin_dw/thl_1p8A_grid_predictions_0.mtz,0,0,1329,0.86604697
1329,./thermolysin_dw/thl_1p8A_grid_predictions_0.mtz,0,0,1330,0.8991022
1330,./thermolysin_dw/thl_1p8A_grid_predictions_0.mtz,0,0,1331,0.7427501
1331,./thermolysin_dw/thl_1p8A_grid_predictions_0.mtz,0,0,1332,0.5857885
1332,./thermolysin_dw/thl_1p8A_grid_predictions_0.mtz,0,0,1333,0.88675195
1333,./thermolysin_dw/thl_1p8A_grid_predictions_0.mtz,0,0,1334,0.92652005
1334,./thermolysin_dw/thl_1p8A_grid_predictions_0.mtz,0,0,1335,0.9237068
1335,./thermolysin_dw/thl_1p8A_grid_predictions_0.mtz,0,0,1336,0.8243744
1336,./thermolysin_dw/thl_1p8A_grid_predictions_0.mtz,0,0,1337,0.83789754
1337,./thermolysin_dw/thl_1p8A_grid_predictions_0.mtz,0,0,1338,0.9208979
1338,./thermolysin_dw/thl_1p8A_grid_predictions_0.mtz,0,0,1339,0.8671458
1339,./thermolysin_dw/thl_1p8A_grid_predictions_0.mtz,0,0,1340,0.877501
1340,./thermolysin_dw/thl_1p8A_grid_predictions_0.mtz,0,0,1341,0.9536221
1341,./thermolysin_dw/thl_1p8A_grid_predictions_0.mtz,0,0,1342,0.9375339
1342,./thermolysin_dw/thl_1p8A_grid_predictions_0.mtz,0,0,1343,0.9815891
1343,./thermolysin_dw/thl_1p8A_grid_predictions_0.mtz,0,0,1344,0.91144484
1344,./thermolysin_dw/thl_1p8A_grid_predictions_0.mtz,0,0,1345,0.7795785
1345,./thermolysin_dw/thl_1p8A_grid_predictions_0.mtz,0,0,1346,0.9110053
1346,./thermolysin_dw/thl_1p8A_grid_predictions_0.mtz,0,0,1347,0.84639156
1347,./thermolysin_dw/thl_1p8A_grid_predictions_0.mtz,0,0,1348,0.9078571
1348,./thermolysin_dw/thl_1p8A_grid_predictions_0.mtz,0,0,1349,0.83812165
1349,./thermolysin_dw/thl_1p8A_grid_predictions_0.mtz,0,0,1350,0.85948056
1350,./thermolysin_dw/thl_1p8A_grid_predictions_0.mtz,0,0,1351,0.89808804
1351,./thermolysin_dw/thl_1p8A_grid_predictions_0.mtz,0,0,1352,0.9455841
1352,./thermolysin_dw/thl_1p8A_grid_predictions_0.mtz,0,0,1353,0.74839574
1353,./thermolysin_dw/thl_1p8A_grid_predictions_0.mtz,0,0,1354,0.919631
1354,./thermolysin_dw/thl_1p8A_grid_predictions_0.mtz,0,0,1355,0.91366583
1355,./thermolysin_dw/thl_1p8A_grid_predictions_0.mtz,0,0,1356,0.757591
1356,./thermolysin_dw/thl_1p8A_grid_predictions_0.mtz,0,0,1357,0.9483401
1357,./thermolysin_dw/thl_1p8A_grid_predictions_0.mtz,0,0,1358,0.92494625
1358,./thermolysin_dw/thl_1p8A_grid_predictions_0.mtz,0,0,1359,0.96242785
1359,./thermolysin_dw/thl_1p8A_grid_predictions_0.mtz,0,0,1360,0.9328453
1360,./thermolysin_dw/thl_1p8A_grid_predictions_0.mtz,0,0,1361,0.93470925
1361,./thermolysin_dw/thl_1p8A_grid_predictions_0.mtz,0,0,1362,0.89967906
1362,./thermolysin_dw/thl_1p8A_grid_predictions_0.mtz,0,0,1363,0.9415453
1363,./thermolysin_dw/thl_1p8A_grid_predictions_0.mtz,0,0,1364,0.9145432
1364,./thermolysin_dw/thl_1p8A_grid_predictions_0.mtz,0,0,1365,0.85935426
1365,./thermolysin_dw/thl_1p8A_grid_predictions_0.mtz,0,0,1366,0.92947
1366,./thermolysin_dw/thl_1p8A_grid_predictions_0.mtz,0,0,1367,0.9593102
1367,./thermolysin_dw/thl_1p8A_grid_predictions_0.mtz,0,0,1368,0.89209414
1368,./thermolysin_dw/thl_1p8A_grid_predictions_0.mtz,0,0,1369,0.8968962
1369,./thermolysin_dw/thl_1p8A_grid_predictions_0.mtz,0,0,1370,0.923299
1370,./thermolysin_dw/thl_1p8A_grid_predictions_0.mtz,0,0,1371,0.8821734
1371,./thermolysin_dw/thl_1p8A_grid_predictions_0.mtz,0,0,1372,0.8241354
1372,./thermolysin_dw/thl_1p8A_grid_predictions_0.mtz,0,0,1373,0.9352516
1373,./thermolysin_dw/thl_1p8A_grid_predictions_0.mtz,0,0,1374,0.97868115
1374,./thermolysin_dw/thl_1p8A_grid_predictions_0.mtz,0,0,1375,0.9331455
1375,./thermolysin_dw/thl_1p8A_grid_predictions_0.mtz,0,0,1376,0.92308277
1376,./thermolysin_dw/thl_1p8A_grid_predictions_0.mtz,0,0,1377,0.87974834
1377,./thermolysin_dw/thl_1p8A_grid_predictions_0.mtz,0,0,1378,0.9592169
1378,./thermolysin_dw/thl_1p8A_grid_predictions_0.mtz,0,0,1379,0.91989964
1379,./thermolysin_dw/thl_1p8A_grid_predictions_0.mtz,0,0,1380,0.8874331
1380,./thermolysin_dw/thl_1p8A_grid_predictions_0.mtz,0,0,1381,0.92849797
1381,./thermolysin_dw/thl_1p8A_grid_predictions_0.mtz,0,0,1382,0.88711697
1382,./thermolysin_dw/thl_1p8A_grid_predictions_0.mtz,0,0,1383,0.8967617
1383,./thermolysin_dw/thl_1p8A_grid_predictions_0.mtz,0,0,1384,0.9126734
1384,./thermolysin_dw/thl_1p8A_grid_predictions_0.mtz,0,0,1385,0.9261352
1385,./thermolysin_dw/thl_1p8A_grid_predictions_0.mtz,0,0,1386,0.94229233
1386,./thermolysin_dw/thl_1p8A_grid_predictions_0.mtz,0,0,1387,0.8742149
1387,./thermolysin_dw/thl_1p8A_grid_predictions_0.mtz,0,0,1388,0.8626703
1388,./thermolysin_dw/thl_1p8A_grid_predictions_0.mtz,0,0,1389,0.95436835
1389,./thermolysin_dw/thl_1p8A_grid_predictions_0.mtz,0,0,1390,0.9408342
1390,./thermolysin_dw/thl_1p8A_grid_predictions_0.mtz,0,0,1391,0.9317228
1391,./thermolysin_dw/thl_1p8A_grid_predictions_0.mtz,0,0,1392,0.8993982
1392,./thermolysin_dw/thl_1p8A_grid_predictions_0.mtz,0,0,1393,0.9408581
1393,./thermolysin_dw/thl_1p8A_grid_predictions_0.mtz,0,0,1394,0.97490054
1394,./thermolysin_dw/thl_1p8A_grid_predictions_0.mtz,0,0,1395,0.91853386
1395,./thermolysin_dw/thl_1p8A_grid_predictions_0.mtz,0,0,1396,0.92416537
1396,./thermolysin_dw/thl_1p8A_grid_predictions_0.mtz,0,0,1397,0.90067387
1397,./thermolysin_dw/thl_1p8A_grid_predictions_0.mtz,0,0,1398,0.9463982
1398,./thermolysin_dw/thl_1p8A_grid_predictions_0.mtz,0,0,1399,0.77601314
1399,./thermolysin_dw/thl_1p8A_grid_predictions_0.mtz,0,0,1400,0.9461281
1400,./thermolysin_dw/thl_1p8A_grid_predictions_0.mtz,0,0,1401,0.89570516
1401,./thermolysin_dw/thl_1p8A_grid_predictions_0.mtz,0,0,1402,0.6825647
1402,./thermolysin_dw/thl_1p8A_grid_predictions_0.mtz,0,0,1403,0.900187
1403,./thermolysin_dw/thl_1p8A_grid_predictions_0.mtz,0,0,1404,0.85930556
1404,./thermolysin_dw/thl_1p8A_grid_predictions_0.mtz,0,0,1405,0.9359331
1405,./thermolysin_dw/thl_1p8A_grid_predictions_0.mtz,0,0,1406,0.8347106
1406,./thermolysin_dw/thl_1p8A_grid_predictions_0.mtz,0,0,1407,0.5763473
1407,./thermolysin_dw/thl_1p8A_grid_predictions_0.mtz,0,0,1408,0.9499984
1408,./thermolysin_dw/thl_1p8A_grid_predictions_0.mtz,0,0,1409,0.8103619
1409,./thermolysin_dw/thl_1p8A_grid_predictions_0.mtz,0,0,1410,0.95403796
1410,./thermolysin_dw/thl_1p8A_grid_predictions_0.mtz,0,0,1411,0.9211932
1411,./thermolysin_dw/thl_1p8A_grid_predictions_0.mtz,0,0,1412,0.7942982
1412,./thermolysin_dw/thl_1p8A_grid_predictions_0.mtz,0,0,1413,0.9314494
1413,./thermolysin_dw/thl_1p8A_grid_predictions_0.mtz,0,0,1414,0.7222438
1414,./thermolysin_dw/thl_1p8A_grid_predictions_0.mtz,0,0,1415,0.9296342
1415,./thermolysin_dw/thl_1p8A_grid_predictions_0.mtz,0,0,1416,0.90826315
1416,./thermolysin_dw/thl_1p8A_grid_predictions_0.mtz,0,0,1417,0.94039863
1417,./thermolysin_dw/thl_1p8A_grid_predictions_0.mtz,0,0,1418,0.9721006
1418,./thermolysin_dw/thl_1p8A_grid_predictions_0.mtz,0,0,1419,0.95209
1419,./thermolysin_dw/thl_1p8A_grid_predictions_0.mtz,0,0,1420,0.9362392
1420,./thermolysin_dw/thl_1p8A_grid_predictions_0.mtz,0,0,1421,0.91152483
1421,./thermolysin_dw/thl_1p8A_grid_predictions_0.mtz,0,0,1422,0.9026262
1422,./thermolysin_dw/thl_1p8A_grid_predictions_0.mtz,0,0,1423,0.93503374
1423,./thermolysin_dw/thl_1p8A_grid_predictions_0.mtz,0,0,1424,0.8991695
1424,./thermolysin_dw/thl_1p8A_grid_predictions_0.mtz,0,0,1425,0.8283906
1425,./thermolysin_dw/thl_1p8A_grid_predictions_0.mtz,0,0,1426,0.904893
1426,./thermolysin_dw/thl_1p8A_grid_predictions_0.mtz,0,0,1427,0.9617385
1427,./thermolysin_dw/thl_1p8A_grid_predictions_0.mtz,0,0,1428,0.9085663
1428,./thermolysin_dw/thl_1p8A_grid_predictions_0.mtz,0,0,1429,0.8961955
1429,./thermolysin_dw/thl_1p8A_grid_predictions_0.mtz,0,0,1430,0.9000092
1430,./thermolysin_dw/thl_1p8A_grid_predictions_0.mtz,0,0,1431,0.8977402
1431,./thermolysin_dw/thl_1p8A_grid_predictions_0.mtz,0,0,1432,0.937146
1432,./thermolysin_dw/thl_1p8A_grid_predictions_0.mtz,0,0,1433,0.96509147
1433,./thermolysin_dw/thl_1p8A_grid_predictions_0.mtz,0,0,1434,0.86460376
1434,./thermolysin_dw/thl_1p8A_grid_predictions_0.mtz,0,0,1435,0.96460646
1435,./thermolysin_dw/thl_1p8A_grid_predictions_0.mtz,0,0,1436,0.9699387
1436,./thermolysin_dw/thl_1p8A_grid_predictions_0.mtz,0,0,1437,0.96279746
1437,./thermolysin_dw/thl_1p8A_grid_predictions_0.mtz,0,0,1438,0.9643052
1438,./thermolysin_dw/thl_1p8A_grid_predictions_0.mtz,0,0,1439,0.8457599
1439,./thermolysin_dw/thl_1p8A_grid_predictions_0.mtz,0,0,1440,0.73024094
1440,./thermolysin_dw/thl_1p8A_grid_predictions_0.mtz,0,0,1441,0.9605649
1441,./thermolysin_dw/thl_1p8A_grid_predictions_0.mtz,0,0,1442,0.92715514
1442,./thermolysin_dw/thl_1p8A_grid_predictions_0.mtz,0,0,1443,0.97041917
1443,./thermolysin_dw/thl_1p8A_grid_predictions_0.mtz,0,0,1444,0.9119994
1444,./thermolysin_dw/thl_1p8A_grid_predictions_0.mtz,0,0,1445,0.9546629
1445,./thermolysin_dw/thl_1p8A_grid_predictions_0.mtz,0,0,1446,0.7776291
1446,./thermolysin_dw/thl_1p8A_grid_predictions_0.mtz,0,0,1447,0.92262655
1447,./thermolysin_dw/thl_1p8A_grid_predictions_0.mtz,0,0,1448,0.9334123
1448,./thermolysin_dw/thl_1p8A_grid_predictions_0.mtz,0,0,1449,0.9019684
1449,./thermolysin_dw/thl_1p8A_grid_predictions_0.mtz,0,0,1450,0.962671
1450,./thermolysin_dw/thl_1p8A_grid_predictions_0.mtz,0,0,1451,0.9417541
1451,./thermolysin_dw/thl_1p8A_grid_predictions_0.mtz,0,0,1452,0.7491305
1452,./thermolysin_dw/thl_1p8A_grid_predictions_0.mtz,0,0,1453,0.90426654
1453,./thermolysin_dw/thl_1p8A_grid_predictions_0.mtz,0,0,1454,0.7982799
1454,./thermolysin_dw/thl_1p8A_grid_predictions_0.mtz,0,0,1455,0.8399723
1455,./thermolysin_dw/thl_1p8A_grid_predictions_0.mtz,0,0,1456,0.8862875
1456,./thermolysin_dw/thl_1p8A_grid_predictions_0.mtz,0,0,1457,0.9322721
1457,./thermolysin_dw/thl_1p8A_grid_predictions_0.mtz,0,0,1458,0.9606053
1458,./thermolysin_dw/thl_1p8A_grid_predictions_0.mtz,0,0,1459,0.95022035
1459,./thermolysin_dw/thl_1p8A_grid_predictions_0.mtz,0,0,1460,0.9225161
1460,./thermolysin_dw/thl_1p8A_grid_predictions_0.mtz,0,0,1461,0.98575914
1461,./thermolysin_dw/thl_1p8A_grid_predictions_0.mtz,0,0,1462,0.9558824
1462,./thermolysin_dw/thl_1p8A_grid_predictions_0.mtz,0,0,1463,0.91567373
1463,./thermolysin_dw/thl_1p8A_grid_predictions_0.mtz,0,0,1464,0.79095453
1464,./thermolysin_dw/thl_1p8A_grid_predictions_0.mtz,0,0,1465,0.87068856
1465,./thermolysin_dw/thl_1p8A_grid_predictions_0.mtz,0,0,1466,0.9140354
1466,./thermolysin_dw/thl_1p8A_grid_predictions_0.mtz,0,0,1467,0.9568607
1467,./thermolysin_dw/thl_1p8A_grid_predictions_0.mtz,0,0,1468,0.84300566
1468,./thermolysin_dw/thl_1p8A_grid_predictions_0.mtz,0,0,1469,0.84738773
1469,./thermolysin_dw/thl_1p8A_grid_predictions_0.mtz,0,0,1470,0.93656266
1470,./thermolysin_dw/thl_1p8A_grid_predictions_0.mtz,0,0,1471,0.94328654
1471,./thermolysin_dw/thl_1p8A_grid_predictions_0.mtz,0,0,1472,0.7015878
1472,./thermolysin_dw/thl_1p8A_grid_predictions_0.mtz,0,0,1473,0.92129177
1473,./thermolysin_dw/thl_1p8A_grid_predictions_0.mtz,0,0,1474,0.88394094
1474,./thermolysin_dw/thl_1p8A_grid_predictions_0.mtz,0,0,1475,0.9835106
1475,./thermolysin_dw/thl_1p8A_grid_predictions_0.mtz,0,0,1476,0.9419584
1476,./thermolysin_dw/thl_1p8A_grid_predictions_0.mtz,0,0,1477,0.94331384
1477,./thermolysin_dw/thl_1p8A_grid_predictions_0.mtz,0,0,1478,0.93761873
1478,./thermolysin_dw/thl_1p8A_grid_predictions_0.mtz,0,0,1479,0.96100473
1479,./thermolysin_dw/thl_1p8A_grid_predictions_0.mtz,0,0,1480,0.8802182
1480,./thermolysin_dw/thl_1p8A_grid_predictions_0.mtz,0,0,1481,0.8502713
1481,./thermolysin_dw/thl_1p8A_grid_predictions_0.mtz,0,0,1482,0.8883657
1482,./thermolysin_dw/thl_1p8A_grid_predictions_0.mtz,0,0,1483,0.97768414
1483,./thermolysin_dw/thl_1p8A_grid_predictions_0.mtz,0,0,1484,0.9399876
1484,./thermolysin_dw/thl_1p8A_grid_predictions_0.mtz,0,0,1485,0.9342665
1485,./thermolysin_dw/thl_1p8A_grid_predictions_0.mtz,0,0,1486,0.8335846
1486,./thermolysin_dw/thl_1p8A_grid_predictions_0.mtz,0,0,1487,0.9259477
1487,./thermolysin_dw/thl_1p8A_grid_predictions_0.mtz,0,0,1488,0.8666118
1488,./thermolysin_dw/thl_1p8A_grid_predictions_0.mtz,0,0,1489,0.900045
1489,./thermolysin_dw/thl_1p8A_grid_predictions_0.mtz,0,0,1490,0.9541757
1490,./thermolysin_dw/thl_1p8A_grid_predictions_0.mtz,0,0,1491,0.8936773
1491,./thermolysin_dw/thl_1p8A_grid_predictions_0.mtz,0,0,1492,0.85263664
1492,./thermolysin_dw/thl_1p8A_grid_predictions_0.mtz,0,0,1493,0.8830165
1493,./thermolysin_dw/thl_1p8A_grid_predictions_0.mtz,0,0,1494,0.7879927
1494,./thermolysin_dw/thl_1p8A_grid_predictions_0.mtz,0,0,1495,0.9563739
1495,./thermolysin_dw/thl_1p8A_grid_predictions_0.mtz,0,0,1496,0.89900064
1496,./thermolysin_dw/thl_1p8A_grid_predictions_0.mtz,0,0,1497,0.83117837
1497,./thermolysin_dw/thl_1p8A_grid_predictions_0.mtz,0,0,1498,0.884124
1498,./thermolysin_dw/thl_1p8A_grid_predictions_0.mtz,0,0,1499,0.9485884
1499,./thermolysin_dw/thl_1p8A_grid_predictions_0.mtz,0,0,1500,0.8982551
1500,./thermolysin_dw/thl_1p8A_grid_predictions_0.mtz,0,0,1501,0.87153184
1501,./thermolysin_dw/thl_1p8A_grid_predictions_0.mtz,0,0,1502,0.84101486
1502,./thermolysin_dw/thl_1p8A_grid_predictions_0.mtz,0,0,1503,0.96745694
1503,./thermolysin_dw/thl_1p8A_grid_predictions_0.mtz,0,0,1504,0.93122333
1504,./thermolysin_dw/thl_1p8A_grid_predictions_0.mtz,0,0,1505,0.9401663
1505,./thermolysin_dw/thl_1p8A_grid_predictions_0.mtz,0,0,1506,0.9179463
1506,./thermolysin_dw/thl_1p8A_grid_predictions_0.mtz,0,0,1507,0.95270807
1507,./thermolysin_dw/thl_1p8A_grid_predictions_0.mtz,0,0,1508,0.8928266
1508,./thermolysin_dw/thl_1p8A_grid_predictions_0.mtz,0,0,1509,0.7559619
1509,./thermolysin_dw/thl_1p8A_grid_predictions_0.mtz,0,0,1510,0.9344545
1510,./thermolysin_dw/thl_1p8A_grid_predictions_0.mtz,0,0,1511,0.90362555
1511,./thermolysin_dw/thl_1p8A_grid_predictions_0.mtz,0,0,1512,0.8956076
1512,./thermolysin_dw/thl_1p8A_grid_predictions_0.mtz,0,0,1513,0.9545254
1513,./thermolysin_dw/thl_1p8A_grid_predictions_0.mtz,0,0,1514,0.9546888
1514,./thermolysin_dw/thl_1p8A_grid_predictions_0.mtz,0,0,1515,0.8948434
1515,./thermolysin_dw/thl_1p8A_grid_predictions_0.mtz,0,0,1516,0.9438376
1516,./thermolysin_dw/thl_1p8A_grid_predictions_0.mtz,0,0,1517,0.8773758
1517,./thermolysin_dw/thl_1p8A_grid_predictions_0.mtz,0,0,1518,0.96288276
1518,./thermolysin_dw/thl_1p8A_grid_predictions_0.mtz,0,0,1519,0.8631756
1519,./thermolysin_dw/thl_1p8A_grid_predictions_0.mtz,0,0,1520,0.8874413
1520,./thermolysin_dw/thl_1p8A_grid_predictions_0.mtz,0,0,1521,0.9217531
1521,./thermolysin_dw/thl_1p8A_grid_predictions_0.mtz,0,0,1522,0.9026068
1522,./thermolysin_dw/thl_1p8A_grid_predictions_0.mtz,0,0,1523,0.96682304
1523,./thermolysin_dw/thl_1p8A_grid_predictions_0.mtz,0,0,1524,0.91841227
1524,./thermolysin_dw/thl_1p8A_grid_predictions_0.mtz,0,0,1525,0.7752339
1525,./thermolysin_dw/thl_1p8A_grid_predictions_0.mtz,0,0,1526,0.905196
1526,./thermolysin_dw/thl_1p8A_grid_predictions_0.mtz,0,0,1527,0.8665348
1527,./thermolysin_dw/thl_1p8A_grid_predictions_0.mtz,0,0,1528,0.7628012
1528,./thermolysin_dw/thl_1p8A_grid_predictions_0.mtz,0,0,1529,0.9257744
1529,./thermolysin_dw/thl_1p8A_grid_predictions_0.mtz,0,0,1530,0.90634
1530,./thermolysin_dw/thl_1p8A_grid_predictions_0.mtz,0,0,1531,0.945575
1531,./thermolysin_dw/thl_1p8A_grid_predictions_0.mtz,0,0,1532,0.90191203
1532,./thermolysin_dw/thl_1p8A_grid_predictions_0.mtz,0,0,1533,0.92924196
1533,./thermolysin_dw/thl_1p8A_grid_predictions_0.mtz,0,0,1534,0.9380933
1534,./thermolysin_dw/thl_1p8A_grid_predictions_0.mtz,0,0,1535,0.85659474
1535,./thermolysin_dw/thl_1p8A_grid_predictions_0.mtz,0,0,1536,0.9402625
1536,./thermolysin_dw/thl_1p8A_grid_predictions_0.mtz,0,0,1537,0.88674355
1537,./thermolysin_dw/thl_1p8A_grid_predictions_0.mtz,0,0,1538,0.94610137
1538,./thermolysin_dw/thl_1p8A_grid_predictions_0.mtz,0,0,1539,0.9552536
1539,./thermolysin_dw/thl_1p8A_grid_predictions_0.mtz,0,0,1540,0.894995
1540,./thermolysin_dw/thl_1p8A_grid_predictions_0.mtz,0,0,1541,0.9440032
1541,./thermolysin_dw/thl_1p8A_grid_predictions_0.mtz,0,0,1542,0.96085745
1542,./thermolysin_dw/thl_1p8A_grid_predictions_0.mtz,0,0,1543,0.95474327
1543,./thermolysin_dw/thl_1p8A_grid_predictions_0.mtz,0,0,1544,0.94552624
1544,./thermolysin_dw/thl_1p8A_grid_predictions_0.mtz,0,0,1545,0.8444484
1545,./thermolysin_dw/thl_1p8A_grid_predictions_0.mtz,0,0,1546,0.9414027
1546,./thermolysin_dw/thl_1p8A_grid_predictions_0.mtz,0,0,1547,0.9531619
1547,./thermolysin_dw/thl_1p8A_grid_predictions_0.mtz,0,0,1548,0.9462874
1548,./thermolysin_dw/thl_1p8A_grid_predictions_0.mtz,0,0,1549,0.8662371
1549,./thermolysin_dw/thl_1p8A_grid_predictions_0.mtz,0,0,1550,0.8989205
1550,./thermolysin_dw/thl_1p8A_grid_predictions_0.mtz,0,0,1551,0.9305112
1551,./thermolysin_dw/thl_1p8A_grid_predictions_0.mtz,0,0,1552,0.89404154
1552,./thermolysin_dw/thl_1p8A_grid_predictions_0.mtz,0,0,1553,0.888196
1553,./thermolysin_dw/thl_1p8A_grid_predictions_0.mtz,0,0,1554,0.6983139
1554,./thermolysin_dw/thl_1p8A_grid_predictions_0.mtz,0,0,1555,0.9679621
1555,./thermolysin_dw/thl_1p8A_grid_predictions_0.mtz,0,0,1556,0.8551941
1556,./thermolysin_dw/thl_1p8A_grid_predictions_0.mtz,0,0,1557,0.9088284
1557,./thermolysin_dw/thl_1p8A_grid_predictions_0.mtz,0,0,1558,0.9485221
1558,./thermolysin_dw/thl_1p8A_grid_predictions_0.mtz,0,0,1559,0.7896578
1559,./thermolysin_dw/thl_1p8A_grid_predictions_0.mtz,0,0,1560,0.9262469
1560,./thermolysin_dw/thl_1p8A_grid_predictions_0.mtz,0,0,1561,0.7324026
1561,./thermolysin_dw/thl_1p8A_grid_predictions_0.mtz,0,0,1562,0.88596445
1562,./thermolysin_dw/thl_1p8A_grid_predictions_0.mtz,0,0,1563,0.9348387
1563,./thermolysin_dw/thl_1p8A_grid_predictions_0.mtz,0,0,1564,0.9846176
1564,./thermolysin_dw/thl_1p8A_grid_predictions_0.mtz,0,0,1565,0.8623303
1565,./thermolysin_dw/thl_1p8A_grid_predictions_0.mtz,0,0,1566,0.8312774
1566,./thermolysin_dw/thl_1p8A_grid_predictions_0.mtz,0,0,1567,0.96548474
1567,./thermolysin_dw/thl_1p8A_grid_predictions_0.mtz,0,0,1568,0.94568294
1568,./thermolysin_dw/thl_1p8A_grid_predictions_0.mtz,0,0,1569,0.8872177
1569,./thermolysin_dw/thl_1p8A_grid_predictions_0.mtz,0,0,1570,0.91549754
1570,./thermolysin_dw/thl_1p8A_grid_predictions_0.mtz,0,0,1571,0.97559905
1571,./thermolysin_dw/thl_1p8A_grid_predictions_0.mtz,0,0,1572,0.92436016
1572,./thermolysin_dw/thl_1p8A_grid_predictions_0.mtz,0,0,1573,0.8972691
1573,./thermolysin_dw/thl_1p8A_grid_predictions_0.mtz,0,0,1574,0.8935393
1574,./thermolysin_dw/thl_1p8A_grid_predictions_0.mtz,0,0,1575,0.92912763
1575,./thermolysin_dw/thl_1p8A_grid_predictions_0.mtz,0,0,1576,0.83345395
1576,./thermolysin_dw/thl_1p8A_grid_predictions_0.mtz,0,0,1577,0.89581776
1577,./thermolysin_dw/thl_1p8A_grid_predictions_0.mtz,0,0,1578,0.9345026
1578,./thermolysin_dw/thl_1p8A_grid_predictions_0.mtz,0,0,1579,0.9346475
1579,./thermolysin_dw/thl_1p8A_grid_predictions_0.mtz,0,0,1580,0.84083086
1580,./thermolysin_dw/thl_1p8A_grid_predictions_0.mtz,0,0,1581,0.967026
1581,./thermolysin_dw/thl_1p8A_grid_predictions_0.mtz,0,0,1582,0.8930117
1582,./thermolysin_dw/thl_1p8A_grid_predictions_0.mtz,0,0,1583,0.8557152
1583,./thermolysin_dw/thl_1p8A_grid_predictions_0.mtz,0,0,1584,0.9480371
1584,./thermolysin_dw/thl_1p8A_grid_predictions_0.mtz,0,0,1585,0.92804706
1585,./thermolysin_dw/thl_1p8A_grid_predictions_0.mtz,0,0,1586,0.9288043
1586,./thermolysin_dw/thl_1p8A_grid_predictions_0.mtz,0,0,1587,0.9606537
1587,./thermolysin_dw/thl_1p8A_grid_predictions_0.mtz,0,0,1588,0.947771
1588,./thermolysin_dw/thl_1p8A_grid_predictions_0.mtz,0,0,1589,0.95492244
1589,./thermolysin_dw/thl_1p8A_grid_predictions_0.mtz,0,0,1590,0.9247618
1590,./thermolysin_dw/thl_1p8A_grid_predictions_0.mtz,0,0,1591,0.9397232
1591,./thermolysin_dw/thl_1p8A_grid_predictions_0.mtz,0,0,1592,0.9368625
1592,./thermolysin_dw/thl_1p8A_grid_predictions_0.mtz,0,0,1593,0.95104873
1593,./thermolysin_dw/thl_1p8A_grid_predictions_0.mtz,0,0,1594,0.7928489
1594,./thermolysin_dw/thl_1p8A_grid_predictions_0.mtz,0,0,1595,0.811852
1595,./thermolysin_dw/thl_1p8A_grid_predictions_0.mtz,0,0,1596,0.9591067
1596,./thermolysin_dw/thl_1p8A_grid_predictions_0.mtz,0,0,1597,0.8445312
1597,./thermolysin_dw/thl_1p8A_grid_predictions_0.mtz,0,0,1598,0.96186554
1598,./thermolysin_dw/thl_1p8A_grid_predictions_0.mtz,0,0,1599,0.8917329
1599,./thermolysin_dw/thl_1p8A_grid_predictions_0.mtz,0,0,1600,0.95414007
1600,./thermolysin_dw/thl_1p8A_grid_predictions_0.mtz,0,0,1601,0.90563923
1601,./thermolysin_dw/thl_1p8A_grid_predictions_0.mtz,0,0,1602,0.8819637
1602,./thermolysin_dw/thl_1p8A_grid_predictions_0.mtz,0,0,1603,0.95354396
1603,./thermolysin_dw/thl_1p8A_grid_predictions_0.mtz,0,0,1604,0.8996553
1604,./thermolysin_dw/thl_1p8A_grid_predictions_0.mtz,0,0,1605,0.9358405
1605,./thermolysin_dw/thl_1p8A_grid_predictions_0.mtz,0,0,1606,0.88728184
1606,./thermolysin_dw/thl_1p8A_grid_predictions_0.mtz,0,0,1607,0.9729708
1607,./thermolysin_dw/thl_1p8A_grid_predictions_0.mtz,0,0,1608,0.8903025
1608,./thermolysin_dw/thl_1p8A_grid_predictions_0.mtz,0,0,1609,0.9601972
1609,./thermolysin_dw/thl_1p8A_grid_predictions_0.mtz,0,0,1610,0.95405525
1610,./thermolysin_dw/thl_1p8A_grid_predictions_0.mtz,0,0,1611,0.76701176
1611,./thermolysin_dw/thl_1p8A_grid_predictions_0.mtz,0,0,1612,0.8237044
1612,./thermolysin_dw/thl_1p8A_grid_predictions_0.mtz,0,0,1613,0.97016454
1613,./thermolysin_dw/thl_1p8A_grid_predictions_0.mtz,0,0,1614,0.97657126
1614,./thermolysin_dw/thl_1p8A_grid_predictions_0.mtz,0,0,1615,0.9166173
1615,./thermolysin_dw/thl_1p8A_grid_predictions_0.mtz,0,0,1616,0.9519851
1616,./thermolysin_dw/thl_1p8A_grid_predictions_0.mtz,0,0,1617,0.93174356
1617,./thermolysin_dw/thl_1p8A_grid_predictions_0.mtz,0,0,1618,0.89988744
1618,./thermolysin_dw/thl_1p8A_grid_predictions_0.mtz,0,0,1619,0.92706335
1619,./thermolysin_dw/thl_1p8A_grid_predictions_0.mtz,0,0,1620,0.9163947
1620,./thermolysin_dw/thl_1p8A_grid_predictions_0.mtz,0,0,1621,0.9213907
1621,./thermolysin_dw/thl_1p8A_grid_predictions_0.mtz,0,0,1622,0.58683157
1622,./thermolysin_dw/thl_1p8A_grid_predictions_0.mtz,0,0,1623,0.85803443
1623,./thermolysin_dw/thl_1p8A_grid_predictions_0.mtz,0,0,1624,0.8298439
1624,./thermolysin_dw/thl_1p8A_grid_predictions_0.mtz,0,0,1625,0.91672194
1625,./thermolysin_dw/thl_1p8A_grid_predictions_0.mtz,0,0,1626,0.88121885
1626,./thermolysin_dw/thl_1p8A_grid_predictions_0.mtz,0,0,1627,0.9479733
1627,./thermolysin_dw/thl_1p8A_grid_predictions_0.mtz,0,0,1628,0.6741128
1628,./thermolysin_dw/thl_1p8A_grid_predictions_0.mtz,0,0,1629,0.93827677
1629,./thermolysin_dw/thl_1p8A_grid_predictions_0.mtz,0,0,1630,0.9395137
1630,./thermolysin_dw/thl_1p8A_grid_predictions_0.mtz,0,0,1631,0.88329136
1631,./thermolysin_dw/thl_1p8A_grid_predictions_0.mtz,0,0,1632,0.9439078
1632,./thermolysin_dw/thl_1p8A_grid_predictions_0.mtz,0,0,1633,0.9629661
1633,./thermolysin_dw/thl_1p8A_grid_predictions_0.mtz,0,0,1634,0.8430529
1634,./thermolysin_dw/thl_1p8A_grid_predictions_0.mtz,0,0,1635,0.7804246
1635,./thermolysin_dw/thl_1p8A_grid_predictions_0.mtz,0,0,1636,0.88116384
1636,./thermolysin_dw/thl_1p8A_grid_predictions_0.mtz,0,0,1637,0.87920487
1637,./thermolysin_dw/thl_1p8A_grid_predictions_0.mtz,0,0,1638,0.9804628
1638,./thermolysin_dw/thl_1p8A_grid_predictions_0.mtz,0,0,1639,0.8861132
1639,./thermolysin_dw/thl_1p8A_grid_predictions_0.mtz,0,0,1640,0.96023136
1640,./thermolysin_dw/thl_1p8A_grid_predictions_0.mtz,0,0,1641,0.90008694
1641,./thermolysin_dw/thl_1p8A_grid_predictions_0.mtz,0,0,1642,0.90578055
1642,./thermolysin_dw/thl_1p8A_grid_predictions_0.mtz,0,0,1643,0.9814158
1643,./thermolysin_dw/thl_1p8A_grid_predictions_0.mtz,0,0,1644,0.9702021
1644,./thermolysin_dw/thl_1p8A_grid_predictions_0.mtz,0,0,1645,0.8299512
1645,./thermolysin_dw/thl_1p8A_grid_predictions_0.mtz,0,0,1646,0.9636749
1646,./thermolysin_dw/thl_1p8A_grid_predictions_0.mtz,0,0,1647,0.9728164
1647,./thermolysin_dw/thl_1p8A_grid_predictions_0.mtz,0,0,1648,0.91055727
1648,./thermolysin_dw/thl_1p8A_grid_predictions_0.mtz,0,0,1649,0.76413536
1649,./thermolysin_dw/thl_1p8A_grid_predictions_0.mtz,0,0,1650,0.83937967
1650,./thermolysin_dw/thl_1p8A_grid_predictions_0.mtz,0,0,1651,0.8601036
1651,./thermolysin_dw/thl_1p8A_grid_predictions_0.mtz,0,0,1652,0.8577756
1652,./thermolysin_dw/thl_1p8A_grid_predictions_0.mtz,0,0,1653,0.9376313
1653,./thermolysin_dw/thl_1p8A_grid_predictions_0.mtz,0,0,1654,0.9367879
1654,./thermolysin_dw/thl_1p8A_grid_predictions_0.mtz,0,0,1655,0.8088529
1655,./thermolysin_dw/thl_1p8A_grid_predictions_0.mtz,0,0,1656,0.92344546
1656,./thermolysin_dw/thl_1p8A_grid_predictions_0.mtz,0,0,1657,0.9539187
1657,./thermolysin_dw/thl_1p8A_grid_predictions_0.mtz,0,0,1658,0.90223783
1658,./thermolysin_dw/thl_1p8A_grid_predictions_0.mtz,0,0,1659,0.9060726
1659,./thermolysin_dw/thl_1p8A_grid_predictions_0.mtz,0,0,1660,0.8234023
1660,./thermolysin_dw/thl_1p8A_grid_predictions_0.mtz,0,0,1661,0.9006476
1661,./thermolysin_dw/thl_1p8A_grid_predictions_0.mtz,0,0,1662,0.75961494
1662,./thermolysin_dw/thl_1p8A_grid_predictions_0.mtz,0,0,1663,0.6834326
1663,./thermolysin_dw/thl_1p8A_grid_predictions_0.mtz,0,0,1664,0.9415504
1664,./thermolysin_dw/thl_1p8A_grid_predictions_0.mtz,0,0,1665,0.8973087
1665,./thermolysin_dw/thl_1p8A_grid_predictions_0.mtz,0,0,1666,0.9126531
1666,./thermolysin_dw/thl_1p8A_grid_predictions_0.mtz,0,0,1667,0.8629422
1667,./thermolysin_dw/thl_1p8A_grid_predictions_0.mtz,0,0,1668,0.96609634
1668,./thermolysin_dw/thl_1p8A_grid_predictions_0.mtz,0,0,1669,0.9597192
1669,./thermolysin_dw/thl_1p8A_grid_predictions_0.mtz,0,0,1670,0.90029097
1670,./thermolysin_dw/thl_1p8A_grid_predictions_0.mtz,0,0,1671,0.94845265
1671,./thermolysin_dw/thl_1p8A_grid_predictions_0.mtz,0,0,1672,0.8914042
1672,./thermolysin_dw/thl_1p8A_grid_predictions_0.mtz,0,0,1673,0.8609271
1673,./thermolysin_dw/thl_1p8A_grid_predictions_0.mtz,0,0,1674,0.8996582
1674,./thermolysin_dw/thl_1p8A_grid_predictions_0.mtz,0,0,1675,0.9323665
1675,./thermolysin_dw/thl_1p8A_grid_predictions_0.mtz,0,0,1676,0.95519775
1676,./thermolysin_dw/thl_1p8A_grid_predictions_0.mtz,0,0,1677,0.9733016
1677,./thermolysin_dw/thl_1p8A_grid_predictions_0.mtz,0,0,1678,0.93681264
1678,./thermolysin_dw/thl_1p8A_grid_predictions_0.mtz,0,0,1679,0.87058485
1679,./thermolysin_dw/thl_1p8A_grid_predictions_0.mtz,0,0,1680,0.969392
1680,./thermolysin_dw/thl_1p8A_grid_predictions_0.mtz,0,0,1681,0.9193071
1681,./thermolysin_dw/thl_1p8A_grid_predictions_0.mtz,0,0,1682,0.9464496
1682,./thermolysin_dw/thl_1p8A_grid_predictions_0.mtz,0,0,1683,0.86558914
1683,./thermolysin_dw/thl_1p8A_grid_predictions_0.mtz,0,0,1684,0.91632164
1684,./thermolysin_dw/thl_1p8A_grid_predictions_0.mtz,0,0,1685,0.956838
1685,./thermolysin_dw/thl_1p8A_grid_predictions_0.mtz,0,0,1686,0.9399866
1686,./thermolysin_dw/thl_1p8A_grid_predictions_0.mtz,0,0,1687,0.9351484
1687,./thermolysin_dw/thl_1p8A_grid_predictions_0.mtz,0,0,1688,0.92982364
1688,./thermolysin_dw/thl_1p8A_grid_predictions_0.mtz,0,0,1689,0.93323374
1689,./thermolysin_dw/thl_1p8A_grid_predictions_0.mtz,0,0,1690,0.9423115
1690,./thermolysin_dw/thl_1p8A_grid_predictions_0.mtz,0,0,1691,0.7118992
1691,./thermolysin_dw/thl_1p8A_grid_predictions_0.mtz,0,0,1692,0.91530955
1692,./thermolysin_dw/thl_1p8A_grid_predictions_0.mtz,0,0,1693,0.92426026
1693,./thermolysin_dw/thl_1p8A_grid_predictions_0.mtz,0,0,1694,0.9387884
1694,./thermolysin_dw/thl_1p8A_grid_predictions_0.mtz,0,0,1695,0.8963885
1695,./thermolysin_dw/thl_1p8A_grid_predictions_0.mtz,0,0,1696,0.9067243
1696,./thermolysin_dw/thl_1p8A_grid_predictions_0.mtz,0,0,1697,0.8801184
1697,./thermolysin_dw/thl_1p8A_grid_predictions_0.mtz,0,0,1698,0.9012768
1698,./thermolysin_dw/thl_1p8A_grid_predictions_0.mtz,0,0,1699,0.8782564
1699,./thermolysin_dw/thl_1p8A_grid_predictions_0.mtz,0,0,1700,0.9079118
1700,./thermolysin_dw/thl_1p8A_grid_predictions_0.mtz,0,0,1701,0.9106932
1701,./thermolysin_dw/thl_1p8A_grid_predictions_0.mtz,0,0,1702,0.87219256
1702,./thermolysin_dw/thl_1p8A_grid_predictions_0.mtz,0,0,1703,0.8861929
1703,./thermolysin_dw/thl_1p8A_grid_predictions_0.mtz,0,0,1704,0.86454237
1704,./thermolysin_dw/thl_1p8A_grid_predictions_0.mtz,0,0,1705,0.6397142
1705,./thermolysin_dw/thl_1p8A_grid_predictions_0.mtz,0,0,1706,0.9561645
1706,./thermolysin_dw/thl_1p8A_grid_predictions_0.mtz,0,0,1707,0.88814163
1707,./thermolysin_dw/thl_1p8A_grid_predictions_0.mtz,0,0,1708,0.90565485
1708,./thermolysin_dw/thl_1p8A_grid_predictions_0.mtz,0,0,1709,0.9203912
1709,./thermolysin_dw/thl_1p8A_grid_predictions_0.mtz,0,0,1710,0.9730161
1710,./thermolysin_dw/thl_1p8A_grid_predictions_0.mtz,0,0,1711,0.91362125
1711,./thermolysin_dw/thl_1p8A_grid_predictions_0.mtz,0,0,1712,0.89496714
1712,./thermolysin_dw/thl_1p8A_grid_predictions_0.mtz,0,0,1713,0.93921536
1713,./thermolysin_dw/thl_1p8A_grid_predictions_0.mtz,0,0,1714,0.91947794
1714,./thermolysin_dw/thl_1p8A_grid_predictions_0.mtz,0,0,1715,0.95250213
1715,./thermolysin_dw/thl_1p8A_grid_predictions_0.mtz,0,0,1716,0.90900654
1716,./thermolysin_dw/thl_1p8A_grid_predictions_0.mtz,0,0,1717,0.9202464
1717,./thermolysin_dw/thl_1p8A_grid_predictions_0.mtz,0,0,1718,0.9028553
1718,./thermolysin_dw/thl_1p8A_grid_predictions_0.mtz,0,0,1719,0.86457884
1719,./thermolysin_dw/thl_1p8A_grid_predictions_0.mtz,0,0,1720,0.90339756
1720,./thermolysin_dw/thl_1p8A_grid_predictions_0.mtz,0,0,1721,0.95555466
1721,./thermolysin_dw/thl_1p8A_grid_predictions_0.mtz,0,0,1722,0.93146473
1722,./thermolysin_dw/thl_1p8A_grid_predictions_0.mtz,0,0,1723,0.9560395
1723,./thermolysin_dw/thl_1p8A_grid_predictions_0.mtz,0,0,1724,0.94228005
1724,./thermolysin_dw/thl_1p8A_grid_predictions_0.mtz,0,0,1725,0.933856
1725,./thermolysin_dw/thl_1p8A_grid_predictions_0.mtz,0,0,1726,0.82107353
1726,./thermolysin_dw/thl_1p8A_grid_predictions_0.mtz,0,0,1727,0.9392731
1727,./thermolysin_dw/thl_1p8A_grid_predictions_0.mtz,0,0,1728,0.952755
1728,./thermolysin_dw/thl_1p8A_grid_predictions_0.mtz,0,0,1729,0.9395344
1729,./thermolysin_dw/thl_1p8A_grid_predictions_0.mtz,0,0,1730,0.7996983
1730,./thermolysin_dw/thl_1p8A_grid_predictions_0.mtz,0,0,1731,0.9640786
1731,./thermolysin_dw/thl_1p8A_grid_predictions_0.mtz,0,0,1732,0.8391844
1732,./thermolysin_dw/thl_1p8A_grid_predictions_0.mtz,0,0,1733,0.86520374
1733,./thermolysin_dw/thl_1p8A_grid_predictions_0.mtz,0,0,1734,0.9695197
1734,./thermolysin_dw/thl_1p8A_grid_predictions_0.mtz,0,0,1735,0.90040636
1735,./thermolysin_dw/thl_1p8A_grid_predictions_0.mtz,0,0,1736,0.93588346
1736,./thermolysin_dw/thl_1p8A_grid_predictions_0.mtz,0,0,1737,0.8990614
1737,./thermolysin_dw/thl_1p8A_grid_predictions_0.mtz,0,0,1738,0.9449027
1738,./thermolysin_dw/thl_1p8A_grid_predictions_0.mtz,0,0,1739,0.95317835
1739,./thermolysin_dw/thl_1p8A_grid_predictions_0.mtz,0,0,1740,0.9507238
1740,./thermolysin_dw/thl_1p8A_grid_predictions_0.mtz,0,0,1741,0.9604231
1741,./thermolysin_dw/thl_1p8A_grid_predictions_0.mtz,0,0,1742,0.9649588
1742,./thermolysin_dw/thl_1p8A_grid_predictions_0.mtz,0,0,1743,0.86641973
1743,./thermolysin_dw/thl_1p8A_grid_predictions_0.mtz,0,0,1744,0.9488293
1744,./thermolysin_dw/thl_1p8A_grid_predictions_0.mtz,0,0,1745,0.94876236
1745,./thermolysin_dw/thl_1p8A_grid_predictions_0.mtz,0,0,1746,0.8993327
1746,./thermolysin_dw/thl_1p8A_grid_predictions_0.mtz,0,0,1747,0.9019646
1747,./thermolysin_dw/thl_1p8A_grid_predictions_0.mtz,0,0,1748,0.92649275
1748,./thermolysin_dw/thl_1p8A_grid_predictions_0.mtz,0,0,1749,0.92378247
1749,./thermolysin_dw/thl_1p8A_grid_predictions_0.mtz,0,0,1750,0.91328126
1750,./thermolysin_dw/thl_1p8A_grid_predictions_0.mtz,0,0,1751,0.9136143
1751,./thermolysin_dw/thl_1p8A_grid_predictions_0.mtz,0,0,1752,0.947753
1752,./thermolysin_dw/thl_1p8A_grid_predictions_0.mtz,0,0,1753,0.91765636
1753,./thermolysin_dw/thl_1p8A_grid_predictions_0.mtz,0,0,1754,0.844025
1754,./thermolysin_dw/thl_1p8A_grid_predictions_0.mtz,0,0,1755,0.90979344
1755,./thermolysin_dw/thl_1p8A_grid_predictions_0.mtz,0,0,1756,0.94190437
1756,./thermolysin_dw/thl_1p8A_grid_predictions_0.mtz,0,0,1757,0.9326445
1757,./thermolysin_dw/thl_1p8A_grid_predictions_0.mtz,0,0,1758,0.81475544
1758,./thermolysin_dw/thl_1p8A_grid_predictions_0.mtz,0,0,1759,0.9664105
1759,./thermolysin_dw/thl_1p8A_grid_predictions_0.mtz,0,0,1760,0.96915156
1760,./thermolysin_dw/thl_1p8A_grid_predictions_0.mtz,0,0,1761,0.93174523
1761,./thermolysin_dw/thl_1p8A_grid_predictions_0.mtz,0,0,1762,0.907059
1762,./thermolysin_dw/thl_1p8A_grid_predictions_0.mtz,0,0,1763,0.5128223
1763,./thermolysin_dw/thl_1p8A_grid_predictions_0.mtz,0,0,1764,0.93572795
1764,./thermolysin_dw/thl_1p8A_grid_predictions_0.mtz,0,0,1765,0.9609679
1765,./thermolysin_dw/thl_1p8A_grid_predictions_0.mtz,0,0,1766,0.80725765
1766,./thermolysin_dw/thl_1p8A_grid_predictions_0.mtz,0,0,1767,0.94091064
1767,./thermolysin_dw/thl_1p8A_grid_predictions_0.mtz,0,0,1768,0.89447725
1768,./thermolysin_dw/thl_1p8A_grid_predictions_0.mtz,0,0,1769,0.9587629
1769,./thermolysin_dw/thl_1p8A_grid_predictions_0.mtz,0,0,1770,0.9518254
1770,./thermolysin_dw/thl_1p8A_grid_predictions_0.mtz,0,0,1771,0.94013053
1771,./thermolysin_dw/thl_1p8A_grid_predictions_0.mtz,0,0,1772,0.67881036
1772,./thermolysin_dw/thl_1p8A_grid_predictions_0.mtz,0,0,1773,0.90235126
1773,./thermolysin_dw/thl_1p8A_grid_predictions_0.mtz,0,0,1774,0.96436465
1774,./thermolysin_dw/thl_1p8A_grid_predictions_0.mtz,0,0,1775,0.8683974
1775,./thermolysin_dw/thl_1p8A_grid_predictions_0.mtz,0,0,1776,0.95732486
1776,./thermolysin_dw/thl_1p8A_grid_predictions_0.mtz,0,0,1777,0.9109797
1777,./thermolysin_dw/thl_1p8A_grid_predictions_0.mtz,0,0,1778,0.8463965
1778,./thermolysin_dw/thl_1p8A_grid_predictions_0.mtz,0,0,1779,0.76178306
1779,./thermolysin_dw/thl_1p8A_grid_predictions_0.mtz,0,0,1780,0.9709015
1780,./thermolysin_dw/thl_1p8A_grid_predictions_0.mtz,0,0,1781,0.9519378
1781,./thermolysin_dw/thl_1p8A_grid_predictions_0.mtz,0,0,1782,0.940379
1782,./thermolysin_dw/thl_1p8A_grid_predictions_0.mtz,0,0,1783,0.7766652
1783,./thermolysin_dw/thl_1p8A_grid_predictions_0.mtz,0,0,1784,0.9504843
1784,./thermolysin_dw/thl_1p8A_grid_predictions_0.mtz,0,0,1785,0.86712617
1785,./thermolysin_dw/thl_1p8A_grid_predictions_0.mtz,0,0,1786,0.9675086
1786,./thermolysin_dw/thl_1p8A_grid_predictions_0.mtz,0,0,1787,0.91413337
1787,./thermolysin_dw/thl_1p8A_grid_predictions_0.mtz,0,0,1788,0.84580606
1788,./thermolysin_dw/thl_1p8A_grid_predictions_0.mtz,0,0,1789,0.85232157
1789,./thermolysin_dw/thl_1p8A_grid_predictions_0.mtz,0,0,1790,0.8744586
1790,./thermolysin_dw/thl_1p8A_grid_predictions_0.mtz,0,0,1791,0.8904589
1791,./thermolysin_dw/thl_1p8A_grid_predictions_0.mtz,0,0,1792,0.9566492
1792,./thermolysin_dw/thl_1p8A_grid_predictions_0.mtz,0,0,1793,0.92299354
1793,./thermolysin_dw/thl_1p8A_grid_predictions_0.mtz,0,0,1794,0.9569801
1794,./thermolysin_dw/thl_1p8A_grid_predictions_0.mtz,0,0,1795,0.92814165
1795,./thermolysin_dw/thl_1p8A_grid_predictions_0.mtz,0,0,1796,0.9130094
1796,./thermolysin_dw/thl_1p8A_grid_predictions_0.mtz,0,0,1797,0.90244114
1797,./thermolysin_dw/thl_1p8A_grid_predictions_0.mtz,0,0,1798,0.90313727
1798,./thermolysin_dw/thl_1p8A_grid_predictions_0.mtz,0,0,1799,0.9560987
1799,./thermolysin_dw/thl_1p8A_grid_predictions_0.mtz,0,0,1800,0.91283596
1800,./thermolysin_dw/thl_1p8A_grid_predictions_0.mtz,0,0,1801,0.9283915
1801,./thermolysin_dw/thl_1p8A_grid_predictions_0.mtz,0,0,1802,0.82277364
1802,./thermolysin_dw/thl_1p8A_grid_predictions_0.mtz,0,0,1803,0.93944824
1803,./thermolysin_dw/thl_1p8A_grid_predictions_0.mtz,0,0,1804,0.902693
1804,./thermolysin_dw/thl_1p8A_grid_predictions_0.mtz,0,0,1805,0.9192029
1805,./thermolysin_dw/thl_1p8A_grid_predictions_0.mtz,0,0,1806,0.97042733
1806,./thermolysin_dw/thl_1p8A_grid_predictions_0.mtz,0,0,1807,0.9893629
1807,./thermolysin_dw/thl_1p8A_grid_predictions_0.mtz,0,0,1808,0.95427436
1808,./thermolysin_dw/thl_1p8A_grid_predictions_0.mtz,0,0,1809,0.9136677
1809,./thermolysin_dw/thl_1p8A_grid_predictions_0.mtz,0,0,1810,0.932484
1810,./thermolysin_dw/thl_1p8A_grid_predictions_0.mtz,0,0,1811,0.91692036
1811,./thermolysin_dw/thl_1p8A_grid_predictions_0.mtz,0,0,1812,0.89126825
1812,./thermolysin_dw/thl_1p8A_grid_predictions_0.mtz,0,0,1813,0.81169534
1813,./thermolysin_dw/thl_1p8A_grid_predictions_0.mtz,0,0,1814,0.95341545
1814,./thermolysin_dw/thl_1p8A_grid_predictions_0.mtz,0,0,1815,0.94090605
1815,./thermolysin_dw/thl_1p8A_grid_predictions_0.mtz,0,0,1816,0.91611665
1816,./thermolysin_dw/thl_1p8A_grid_predictions_0.mtz,0,0,1817,0.9184229
1817,./thermolysin_dw/thl_1p8A_grid_predictions_0.mtz,0,0,1818,0.9202599
1818,./thermolysin_dw/thl_1p8A_grid_predictions_0.mtz,0,0,1819,0.9052039
1819,./thermolysin_dw/thl_1p8A_grid_predictions_0.mtz,0,0,1820,0.9118647
1820,./thermolysin_dw/thl_1p8A_grid_predictions_0.mtz,0,0,1821,0.91780716
1821,./thermolysin_dw/thl_1p8A_grid_predictions_0.mtz,0,0,1822,0.88718736
1822,./thermolysin_dw/thl_1p8A_grid_predictions_0.mtz,0,0,1823,0.9116276
1823,./thermolysin_dw/thl_1p8A_grid_predictions_0.mtz,0,0,1824,0.9175019
1824,./thermolysin_dw/thl_1p8A_grid_predictions_0.mtz,0,0,1825,0.98285586
1825,./thermolysin_dw/thl_1p8A_grid_predictions_0.mtz,0,0,1826,0.9531437
1826,./thermolysin_dw/thl_1p8A_grid_predictions_0.mtz,0,0,1827,0.76952374
1827,./thermolysin_dw/thl_1p8A_grid_predictions_0.mtz,0,0,1828,0.9466811
1828,./thermolysin_dw/thl_1p8A_grid_predictions_0.mtz,0,0,1829,0.7613874
1829,./thermolysin_dw/thl_1p8A_grid_predictions_0.mtz,0,0,1830,0.93078256
1830,./thermolysin_dw/thl_1p8A_grid_predictions_0.mtz,0,0,1831,0.9423211
1831,./thermolysin_dw/thl_1p8A_grid_predictions_0.mtz,0,0,1832,0.9747004
1832,./thermolysin_dw/thl_1p8A_grid_predictions_0.mtz,0,0,1833,0.9135881
1833,./thermolysin_dw/thl_1p8A_grid_predictions_0.mtz,0,0,1834,0.94389117
1834,./thermolysin_dw/thl_1p8A_grid_predictions_0.mtz,0,0,1835,0.8186755
1835,./thermolysin_dw/thl_1p8A_grid_predictions_0.mtz,0,0,1836,0.77881444
1836,./thermolysin_dw/thl_1p8A_grid_predictions_0.mtz,0,0,1837,0.84468234
1837,./thermolysin_dw/thl_1p8A_grid_predictions_0.mtz,0,0,1838,0.9241311
1838,./thermolysin_dw/thl_1p8A_grid_predictions_0.mtz,0,0,1839,0.9246221
1839,./thermolysin_dw/thl_1p8A_grid_predictions_0.mtz,0,0,1840,0.9290799
1840,./thermolysin_dw/thl_1p8A_grid_predictions_0.mtz,0,0,1841,0.9326188
1841,./thermolysin_dw/thl_1p8A_grid_predictions_0.mtz,0,0,1842,0.90889305
1842,./thermolysin_dw/thl_1p8A_grid_predictions_0.mtz,0,0,1843,0.74012667
1843,./thermolysin_dw/thl_1p8A_grid_predictions_0.mtz,0,0,1844,0.9536098
1844,./thermolysin_dw/thl_1p8A_grid_predictions_0.mtz,0,0,1845,0.9150472
1845,./thermolysin_dw/thl_1p8A_grid_predictions_0.mtz,0,0,1846,0.96033865
1846,./thermolysin_dw/thl_1p8A_grid_predictions_0.mtz,0,0,1847,0.9631791
1847,./thermolysin_dw/thl_1p8A_grid_predictions_0.mtz,0,0,1848,0.93972635
1848,./thermolysin_dw/thl_1p8A_grid_predictions_0.mtz,0,0,1849,0.9642167
1849,./thermolysin_dw/thl_1p8A_grid_predictions_0.mtz,0,0,1850,0.9196709
1850,./thermolysin_dw/thl_1p8A_grid_predictions_0.mtz,0,0,1851,0.9116729
1851,./thermolysin_dw/thl_1p8A_grid_predictions_0.mtz,0,0,1852,0.941385
1852,./thermolysin_dw/thl_1p8A_grid_predictions_0.mtz,0,0,1853,0.97314185
1853,./thermolysin_dw/thl_1p8A_grid_predictions_0.mtz,0,0,1854,0.9544635
1854,./thermolysin_dw/thl_1p8A_grid_predictions_0.mtz,0,0,1855,0.83933645
1855,./thermolysin_dw/thl_1p8A_grid_predictions_0.mtz,0,0,1856,0.94490606
1856,./thermolysin_dw/thl_1p8A_grid_predictions_0.mtz,0,0,1857,0.9458059
1857,./thermolysin_dw/thl_1p8A_grid_predictions_0.mtz,0,0,1858,0.84001094
1858,./thermolysin_dw/thl_1p8A_grid_predictions_0.mtz,0,0,1859,0.9420167
1859,./thermolysin_dw/thl_1p8A_grid_predictions_0.mtz,0,0,1860,0.9317974
1860,./thermolysin_dw/thl_1p8A_grid_predictions_0.mtz,0,0,1861,0.89903307
1861,./thermolysin_dw/thl_1p8A_grid_predictions_0.mtz,0,0,1862,0.8733386
1862,./thermolysin_dw/thl_1p8A_grid_predictions_0.mtz,0,0,1863,0.9267925
1863,./thermolysin_dw/thl_1p8A_grid_predictions_0.mtz,0,0,1864,0.9510294
1864,./thermolysin_dw/thl_1p8A_grid_predictions_0.mtz,0,0,1865,0.9563132
1865,./thermolysin_dw/thl_1p8A_grid_predictions_0.mtz,0,0,1866,0.4943764
1866,./thermolysin_dw/thl_1p8A_grid_predictions_0.mtz,0,0,1867,0.8928948
1867,./thermolysin_dw/thl_1p8A_grid_predictions_0.mtz,0,0,1868,0.85098463
1868,./thermolysin_dw/thl_1p8A_grid_predictions_0.mtz,0,0,1869,0.952731
1869,./thermolysin_dw/thl_1p8A_grid_predictions_0.mtz,0,0,1870,0.9333183
1870,./thermolysin_dw/thl_1p8A_grid_predictions_0.mtz,0,0,1871,0.9463271
1871,./thermolysin_dw/thl_1p8A_grid_predictions_0.mtz,0,0,1872,0.9435804
1872,./thermolysin_dw/thl_1p8A_grid_predictions_0.mtz,0,0,1873,0.945467
1873,./thermolysin_dw/thl_1p8A_grid_predictions_0.mtz,0,0,1874,0.94750845
1874,./thermolysin_dw/thl_1p8A_grid_predictions_0.mtz,0,0,1875,0.8160023
1875,./thermolysin_dw/thl_1p8A_grid_predictions_0.mtz,0,0,1876,0.90862256
1876,./thermolysin_dw/thl_1p8A_grid_predictions_0.mtz,0,0,1877,0.88574636
1877,./thermolysin_dw/thl_1p8A_grid_predictions_0.mtz,0,0,1878,0.8373201
1878,./thermolysin_dw/thl_1p8A_grid_predictions_0.mtz,0,0,1879,0.93693984
1879,./thermolysin_dw/thl_1p8A_grid_predictions_0.mtz,0,0,1880,0.87383443
1880,./thermolysin_dw/thl_1p8A_grid_predictions_0.mtz,0,0,1881,0.8823864
1881,./thermolysin_dw/thl_1p8A_grid_predictions_0.mtz,0,0,1882,0.9086943
1882,./thermolysin_dw/thl_1p8A_grid_predictions_0.mtz,0,0,1883,0.85232925
1883,./thermolysin_dw/thl_1p8A_grid_predictions_0.mtz,0,0,1884,0.94061
1884,./thermolysin_dw/thl_1p8A_grid_predictions_0.mtz,0,0,1885,0.91954213
1885,./thermolysin_dw/thl_1p8A_grid_predictions_0.mtz,0,0,1886,0.95402724
1886,./thermolysin_dw/thl_1p8A_grid_predictions_0.mtz,0,0,1887,0.95037496
1887,./thermolysin_dw/thl_1p8A_grid_predictions_0.mtz,0,0,1888,0.92002565
1888,./thermolysin_dw/thl_1p8A_grid_predictions_0.mtz,0,0,1889,0.7275072
1889,./thermolysin_dw/thl_1p8A_grid_predictions_0.mtz,0,0,1890,0.8684777
1890,./thermolysin_dw/thl_1p8A_grid_predictions_0.mtz,0,0,1891,0.8876004
1891,./thermolysin_dw/thl_1p8A_grid_predictions_0.mtz,0,0,1892,0.86671317
1892,./thermolysin_dw/thl_1p8A_grid_predictions_0.mtz,0,0,1893,0.8380861
1893,./thermolysin_dw/thl_1p8A_grid_predictions_0.mtz,0,0,1894,0.9220901
1894,./thermolysin_dw/thl_1p8A_grid_predictions_0.mtz,0,0,1895,0.95066124
1895,./thermolysin_dw/thl_1p8A_grid_predictions_0.mtz,0,0,1896,0.58247304
1896,./thermolysin_dw/thl_1p8A_grid_predictions_0.mtz,0,0,1897,0.72780466
1897,./thermolysin_dw/thl_1p8A_grid_predictions_0.mtz,0,0,1898,0.88950354
1898,./thermolysin_dw/thl_1p8A_grid_predictions_0.mtz,0,0,1899,0.8696871
1899,./thermolysin_dw/thl_1p8A_grid_predictions_0.mtz,0,0,1900,0.9451087
1900,./thermolysin_dw/thl_1p8A_grid_predictions_0.mtz,0,0,1901,0.91254175
1901,./thermolysin_dw/thl_1p8A_grid_predictions_0.mtz,0,0,1902,0.9339059
1902,./thermolysin_dw/thl_1p8A_grid_predictions_0.mtz,0,0,1903,0.9114972
1903,./thermolysin_dw/thl_1p8A_grid_predictions_0.mtz,0,0,1904,0.8396234
1904,./thermolysin_dw/thl_1p8A_grid_predictions_0.mtz,0,0,1905,0.88774997
1905,./thermolysin_dw/thl_1p8A_grid_predictions_0.mtz,0,0,1906,0.845323
1906,./thermolysin_dw/thl_1p8A_grid_predictions_0.mtz,0,0,1907,0.9265865
1907,./thermolysin_dw/thl_1p8A_grid_predictions_0.mtz,0,0,1908,0.9178166
1908,./thermolysin_dw/thl_1p8A_grid_predictions_0.mtz,0,0,1909,0.95534986
1909,./thermolysin_dw/thl_1p8A_grid_predictions_0.mtz,0,0,1910,0.9296351
1910,./thermolysin_dw/thl_1p8A_grid_predictions_0.mtz,0,0,1911,0.6606295
1911,./thermolysin_dw/thl_1p8A_grid_predictions_0.mtz,0,0,1912,0.8810734
1912,./thermolysin_dw/thl_1p8A_grid_predictions_0.mtz,0,0,1913,0.9156233
1913,./thermolysin_dw/thl_1p8A_grid_predictions_0.mtz,0,0,1914,0.8741719
1914,./thermolysin_dw/thl_1p8A_grid_predictions_0.mtz,0,0,1915,0.89518416
1915,./thermolysin_dw/thl_1p8A_grid_predictions_0.mtz,0,0,1916,0.9335597
1916,./thermolysin_dw/thl_1p8A_grid_predictions_0.mtz,0,0,1917,0.87541395
1917,./thermolysin_dw/thl_1p8A_grid_predictions_0.mtz,0,0,1918,0.92515683
1918,./thermolysin_dw/thl_1p8A_grid_predictions_0.mtz,0,0,1919,0.91346914
1919,./thermolysin_dw/thl_1p8A_grid_predictions_0.mtz,0,0,1920,0.8999296
1920,./thermolysin_dw/thl_1p8A_grid_predictions_0.mtz,0,0,1921,0.8068356
1921,./thermolysin_dw/thl_1p8A_grid_predictions_0.mtz,0,0,1922,0.8400777
1922,./thermolysin_dw/thl_1p8A_grid_predictions_0.mtz,0,0,1923,0.8433506
1923,./thermolysin_dw/thl_1p8A_grid_predictions_0.mtz,0,0,1924,0.9012026
1924,./thermolysin_dw/thl_1p8A_grid_predictions_0.mtz,0,0,1925,0.91185486
1925,./thermolysin_dw/thl_1p8A_grid_predictions_0.mtz,0,0,1926,0.8652312
1926,./thermolysin_dw/thl_1p8A_grid_predictions_0.mtz,0,0,1927,0.6982339
1927,./thermolysin_dw/thl_1p8A_grid_predictions_0.mtz,0,0,1928,0.79909086
1928,./thermolysin_dw/thl_1p8A_grid_predictions_0.mtz,0,0,1929,0.8850289
1929,./thermolysin_dw/thl_1p8A_grid_predictions_0.mtz,0,0,1930,0.7263497
1930,./thermolysin_dw/thl_1p8A_grid_predictions_0.mtz,0,0,1931,0.8117574
1931,./thermolysin_dw/thl_1p8A_grid_predictions_0.mtz,0,0,1932,0.9218757
1932,./thermolysin_dw/thl_1p8A_grid_predictions_0.mtz,0,0,1933,0.8584452
1933,./thermolysin_dw/thl_1p8A_grid_predictions_0.mtz,0,0,1934,0.8521
1934,./thermolysin_dw/thl_1p8A_grid_predictions_0.mtz,0,0,1935,0.91671723
1935,./thermolysin_dw/thl_1p8A_grid_predictions_0.mtz,0,0,1936,0.9793924
1936,./thermolysin_dw/thl_1p8A_grid_predictions_0.mtz,0,0,1937,0.75775677
1937,./thermolysin_dw/thl_1p8A_grid_predictions_0.mtz,0,0,1938,0.7775862
1938,./thermolysin_dw/thl_1p8A_grid_predictions_0.mtz,0,0,1939,0.8246951
1939,./thermolysin_dw/thl_1p8A_grid_predictions_0.mtz,0,0,1940,0.91274047
1940,./thermolysin_dw/thl_1p8A_grid_predictions_0.mtz,0,0,1941,0.937399
1941,./thermolysin_dw/thl_1p8A_grid_predictions_0.mtz,0,0,1942,0.9101541
1942,./thermolysin_dw/thl_1p8A_grid_predictions_0.mtz,0,0,1943,0.8749564
1943,./thermolysin_dw/thl_1p8A_grid_predictions_0.mtz,0,0,1944,0.9034986
1944,./thermolysin_dw/thl_1p8A_grid_predictions_0.mtz,0,0,1945,0.9370733
1945,./thermolysin_dw/thl_1p8A_grid_predictions_0.mtz,0,0,1946,0.9184974
1946,./thermolysin_dw/thl_1p8A_grid_predictions_0.mtz,0,0,1947,0.8272621
1947,./thermolysin_dw/thl_1p8A_grid_predictions_0.mtz,0,0,1948,0.8954623
1948,./thermolysin_dw/thl_1p8A_grid_predictions_0.mtz,0,0,1949,0.9473975
1949,./thermolysin_dw/thl_1p8A_grid_predictions_0.mtz,0,0,1950,0.9056224
1950,./thermolysin_dw/thl_1p8A_grid_predictions_0.mtz,0,0,1951,0.8431183
1951,./thermolysin_dw/thl_1p8A_grid_predictions_0.mtz,0,0,1952,0.9298793
1952,./thermolysin_dw/thl_1p8A_grid_predictions_0.mtz,0,0,1953,0.9297155
1953,./thermolysin_dw/thl_1p8A_grid_predictions_0.mtz,0,0,1954,0.8395214
1954,./thermolysin_dw/thl_1p8A_grid_predictions_0.mtz,0,0,1955,0.66761464
1955,./thermolysin_dw/thl_1p8A_grid_predictions_0.mtz,0,0,1956,0.8395112
1956,./thermolysin_dw/thl_1p8A_grid_predictions_0.mtz,0,0,1957,0.9319141
1957,./thermolysin_dw/thl_1p8A_grid_predictions_0.mtz,0,0,1958,0.92914194
1958,./thermolysin_dw/thl_1p8A_grid_predictions_0.mtz,0,0,1959,0.88204575
1959,./thermolysin_dw/thl_1p8A_grid_predictions_0.mtz,0,0,1960,0.8344837
1960,./thermolysin_dw/thl_1p8A_grid_predictions_0.mtz,0,0,1961,0.9253193
1961,./thermolysin_dw/thl_1p8A_grid_predictions_0.mtz,0,0,1962,0.9669205
1962,./thermolysin_dw/thl_1p8A_grid_predictions_0.mtz,0,0,1963,0.74346435
1963,./thermolysin_dw/thl_1p8A_grid_predictions_0.mtz,0,0,1964,0.8312042
1964,./thermolysin_dw/thl_1p8A_grid_predictions_0.mtz,0,0,1965,0.85666746
1965,./thermolysin_dw/thl_1p8A_grid_predictions_0.mtz,0,0,1966,0.8661674
1966,./thermolysin_dw/thl_1p8A_grid_predictions_0.mtz,0,0,1967,0.8970216
1967,./thermolysin_dw/thl_1p8A_grid_predictions_0.mtz,0,0,1968,0.8022645
1968,./thermolysin_dw/thl_1p8A_grid_predictions_0.mtz,0,0,1969,0.955885
1969,./thermolysin_dw/thl_1p8A_grid_predictions_0.mtz,0,0,1970,0.97264266
1970,./thermolysin_dw/thl_1p8A_grid_predictions_0.mtz,0,0,1971,0.8798376
1971,./thermolysin_dw/thl_1p8A_grid_predictions_0.mtz,0,0,1972,0.88368744
1972,./thermolysin_dw/thl_1p8A_grid_predictions_0.mtz,0,0,1973,0.9355328
1973,./thermolysin_dw/thl_1p8A_grid_predictions_0.mtz,0,0,1974,0.7748055
1974,./thermolysin_dw/thl_1p8A_grid_predictions_0.mtz,0,0,1975,0.8490099
1975,./thermolysin_dw/thl_1p8A_grid_predictions_0.mtz,0,0,1976,0.93538857
1976,./thermolysin_dw/thl_1p8A_grid_predictions_0.mtz,0,0,1977,0.90341794
1977,./thermolysin_dw/thl_1p8A_grid_predictions_0.mtz,0,0,1978,0.86741257
1978,./thermolysin_dw/thl_1p8A_grid_predictions_0.mtz,0,0,1979,0.88135886
1979,./thermolysin_dw/thl_1p8A_grid_predictions_0.mtz,0,0,1980,0.91220933
1980,./thermolysin_dw/thl_1p8A_grid_predictions_0.mtz,0,0,1981,0.9338902
1981,./thermolysin_dw/thl_1p8A_grid_predictions_0.mtz,0,0,1982,0.8350211
1982,./thermolysin_dw/thl_1p8A_grid_predictions_0.mtz,0,0,1983,0.90670675
1983,./thermolysin_dw/thl_1p8A_grid_predictions_0.mtz,0,0,1984,0.8623881
1984,./thermolysin_dw/thl_1p8A_grid_predictions_0.mtz,0,0,1985,0.90583163
1985,./thermolysin_dw/thl_1p8A_grid_predictions_0.mtz,0,0,1986,0.94932395
1986,./thermolysin_dw/thl_1p8A_grid_predictions_0.mtz,0,0,1987,0.8851833
1987,./thermolysin_dw/thl_1p8A_grid_predictions_0.mtz,0,0,1988,0.3763822
1988,./thermolysin_dw/thl_1p8A_grid_predictions_0.mtz,0,0,1989,0.85867226
1989,./thermolysin_dw/thl_1p8A_grid_predictions_0.mtz,0,0,1990,0.8620723
1990,./thermolysin_dw/thl_1p8A_grid_predictions_0.mtz,0,0,1991,0.91035706
1991,./thermolysin_dw/thl_1p8A_grid_predictions_0.mtz,0,0,1992,0.8957634
1992,./thermolysin_dw/thl_1p8A_grid_predictions_0.mtz,0,0,1993,0.95802045
1993,./thermolysin_dw/thl_1p8A_grid_predictions_0.mtz,0,0,1994,0.9319265
1994,./thermolysin_dw/thl_1p8A_grid_predictions_0.mtz,0,0,1995,0.94830006
1995,./thermolysin_dw/thl_1p8A_grid_predictions_0.mtz,0,0,1996,0.917633
1996,./thermolysin_dw/thl_1p8A_grid_predictions_0.mtz,0,0,1997,0.9028868
1997,./thermolysin_dw/thl_1p8A_grid_predictions_0.mtz,0,0,1998,0.9296767
1998,./thermolysin_dw/thl_1p8A_grid_predictions_0.mtz,0,0,1999,0.9551988
1999,./thermolysin_dw/thl_1p8A_grid_predictions_0.mtz,0,0,2000,0.91565025
2000,./thermolysin_dw/thl_1p8A_grid_predictions_0.mtz,0,0,2001,0.86439747
2001,./thermolysin_dw/thl_1p8A_grid_predictions_0.mtz,0,0,2002,0.90316707
2002,./thermolysin_dw/thl_1p8A_grid_predictions_0.mtz,0,0,2003,0.8939048
2003,./thermolysin_dw/thl_1p8A_grid_predictions_0.mtz,0,0,2004,0.8079605
2004,./thermolysin_dw/thl_1p8A_grid_predictions_0.mtz,0,0,2005,0.94904906
2005,./thermolysin_dw/thl_1p8A_grid_predictions_0.mtz,0,0,2006,0.83008945
2006,./thermolysin_dw/thl_1p8A_grid_predictions_0.mtz,0,0,2007,0.8569491
2007,./thermolysin_dw/thl_1p8A_grid_predictions_0.mtz,0,0,2008,0.881896
2008,./thermolysin_dw/thl_1p8A_grid_predictions_0.mtz,0,0,2009,0.938993
2009,./thermolysin_dw/thl_1p8A_grid_predictions_0.mtz,0,0,2010,0.87297446
2010,./thermolysin_dw/thl_1p8A_grid_predictions_0.mtz,0,0,2011,0.9544724
2011,./thermolysin_dw/thl_1p8A_grid_predictions_0.mtz,0,0,2012,0.8728208
2012,./thermolysin_dw/thl_1p8A_grid_predictions_0.mtz,0,0,2013,0.9261363
2013,./thermolysin_dw/thl_1p8A_grid_predictions_0.mtz,0,0,2014,0.9525669
2014,./thermolysin_dw/thl_1p8A_grid_predictions_0.mtz,0,0,2015,0.8871863
2015,./thermolysin_dw/thl_1p8A_grid_predictions_0.mtz,0,0,2016,0.8339699
2016,./thermolysin_dw/thl_1p8A_grid_predictions_0.mtz,0,0,2017,0.7962973
2017,./thermolysin_dw/thl_1p8A_grid_predictions_0.mtz,0,0,2018,0.92197096
2018,./thermolysin_dw/thl_1p8A_grid_predictions_0.mtz,0,0,2019,0.88959825
2019,./thermolysin_dw/thl_1p8A_grid_predictions_0.mtz,0,0,2020,0.834798
2020,./thermolysin_dw/thl_1p8A_grid_predictions_0.mtz,0,0,2021,0.86893827
2021,./thermolysin_dw/thl_1p8A_grid_predictions_0.mtz,0,0,2022,0.8807012
2022,./thermolysin_dw/thl_1p8A_grid_predictions_0.mtz,0,0,2023,0.9433908
2023,./thermolysin_dw/thl_1p8A_grid_predictions_0.mtz,0,0,2024,0.84631795
2024,./thermolysin_dw/thl_1p8A_grid_predictions_0.mtz,0,0,2025,0.7880389
2025,./thermolysin_dw/thl_1p8A_grid_predictions_0.mtz,0,0,2026,0.68250734
2026,./thermolysin_dw/thl_1p8A_grid_predictions_0.mtz,0,0,2027,0.93171275
2027,./thermolysin_dw/thl_1p8A_grid_predictions_0.mtz,0,0,2028,0.91066074
2028,./thermolysin_dw/thl_1p8A_grid_predictions_0.mtz,0,0,2029,0.8582615
2029,./thermolysin_dw/thl_1p8A_grid_predictions_0.mtz,0,0,2030,0.8217212
2030,./thermolysin_dw/thl_1p8A_grid_predictions_0.mtz,0,0,2031,0.95712316
2031,./thermolysin_dw/thl_1p8A_grid_predictions_0.mtz,0,0,2032,0.63962376
2032,./thermolysin_dw/thl_1p8A_grid_predictions_0.mtz,0,0,2033,0.8891989
2033,./thermolysin_dw/thl_1p8A_grid_predictions_0.mtz,0,0,2034,0.90894914
2034,./thermolysin_dw/thl_1p8A_grid_predictions_0.mtz,0,0,2035,0.759907
2035,./thermolysin_dw/thl_1p8A_grid_predictions_0.mtz,0,0,2036,0.7195225
2036,./thermolysin_dw/thl_1p8A_grid_predictions_0.mtz,0,0,2037,0.8463863
2037,./thermolysin_dw/thl_1p8A_grid_predictions_0.mtz,0,0,2038,0.94490576
2038,./thermolysin_dw/thl_1p8A_grid_predictions_0.mtz,0,0,2039,0.94041765
2039,./thermolysin_dw/thl_1p8A_grid_predictions_0.mtz,0,0,2040,0.9483989
2040,./thermolysin_dw/thl_1p8A_grid_predictions_0.mtz,0,0,2041,0.9012499
2041,./thermolysin_dw/thl_1p8A_grid_predictions_0.mtz,0,0,2042,0.9153167
2042,./thermolysin_dw/thl_1p8A_grid_predictions_0.mtz,0,0,2043,0.9184326
2043,./thermolysin_dw/thl_1p8A_grid_predictions_0.mtz,0,0,2044,0.8806636
2044,./thermolysin_dw/thl_1p8A_grid_predictions_0.mtz,0,0,2045,0.78519815
2045,./thermolysin_dw/thl_1p8A_grid_predictions_0.mtz,0,0,2046,0.9306174
2046,./thermolysin_dw/thl_1p8A_grid_predictions_0.mtz,0,0,2047,0.9246716
2047,./thermolysin_dw/thl_1p8A_grid_predictions_0.mtz,0,0,2048,0.93554354
2048,./thermolysin_dw/thl_1p8A_grid_predictions_0.mtz,0,0,2049,0.91206944
2049,./thermolysin_dw/thl_1p8A_grid_predictions_0.mtz,0,0,2050,0.8930477
2050,./thermolysin_dw/thl_1p8A_grid_predictions_0.mtz,0,0,2051,0.8719765
2051,./thermolysin_dw/thl_1p8A_grid_predictions_0.mtz,0,0,2052,0.887948
2052,./thermolysin_dw/thl_1p8A_grid_predictions_0.mtz,0,0,2053,0.89405316
2053,./thermolysin_dw/thl_1p8A_grid_predictions_0.mtz,0,0,2054,0.9157699
2054,./thermolysin_dw/thl_1p8A_grid_predictions_0.mtz,0,0,2055,0.8557366
2055,./thermolysin_dw/thl_1p8A_grid_predictions_0.mtz,0,0,2056,0.83396524
2056,./thermolysin_dw/thl_1p8A_grid_predictions_0.mtz,0,0,2057,0.83577836
2057,./thermolysin_dw/thl_1p8A_grid_predictions_0.mtz,0,0,2058,0.8473991
2058,./thermolysin_dw/thl_1p8A_grid_predictions_0.mtz,0,0,2059,0.7960021
2059,./thermolysin_dw/thl_1p8A_grid_predictions_0.mtz,0,0,2060,0.8320044
2060,./thermolysin_dw/thl_1p8A_grid_predictions_0.mtz,0,0,2061,0.84864765
2061,./thermolysin_dw/thl_1p8A_grid_predictions_0.mtz,0,0,2062,0.907863
2062,./thermolysin_dw/thl_1p8A_grid_predictions_0.mtz,0,0,2063,0.9363003
2063,./thermolysin_dw/thl_1p8A_grid_predictions_0.mtz,0,0,2064,0.95925564
2064,./thermolysin_dw/thl_1p8A_grid_predictions_0.mtz,0,0,2065,0.86415434
2065,./thermolysin_dw/thl_1p8A_grid_predictions_0.mtz,0,0,2066,0.81800157
2066,./thermolysin_dw/thl_1p8A_grid_predictions_0.mtz,0,0,2067,0.85806596
2067,./thermolysin_dw/thl_1p8A_grid_predictions_0.mtz,0,0,2068,0.8314163
2068,./thermolysin_dw/thl_1p8A_grid_predictions_0.mtz,0,0,2069,0.9735626
2069,./thermolysin_dw/thl_1p8A_grid_predictions_0.mtz,0,0,2070,0.77701837
2070,./thermolysin_dw/thl_1p8A_grid_predictions_0.mtz,0,0,2071,0.8532356
2071,./thermolysin_dw/thl_1p8A_grid_predictions_0.mtz,0,0,2072,0.6024248
2072,./thermolysin_dw/thl_1p8A_grid_predictions_0.mtz,0,0,2073,0.9337233
2073,./thermolysin_dw/thl_1p8A_grid_predictions_0.mtz,0,0,2074,0.8083696
2074,./thermolysin_dw/thl_1p8A_grid_predictions_0.mtz,0,0,2075,0.43618077
2075,./thermolysin_dw/thl_1p8A_grid_predictions_0.mtz,0,0,2076,0.78687793
2076,./thermolysin_dw/thl_1p8A_grid_predictions_0.mtz,0,0,2077,0.878942
2077,./thermolysin_dw/thl_1p8A_grid_predictions_0.mtz,0,0,2078,0.92427474
2078,./thermolysin_dw/thl_1p8A_grid_predictions_0.mtz,0,0,2079,0.94844186
2079,./thermolysin_dw/thl_1p8A_grid_predictions_0.mtz,0,0,2080,0.86066717
2080,./thermolysin_dw/thl_1p8A_grid_predictions_0.mtz,0,0,2081,0.9059242
2081,./thermolysin_dw/thl_1p8A_grid_predictions_0.mtz,0,0,2082,0.8899611
2082,./thermolysin_dw/thl_1p8A_grid_predictions_0.mtz,0,0,2083,0.8945008
2083,./thermolysin_dw/thl_1p8A_grid_predictions_0.mtz,0,0,2084,0.98117834
2084,./thermolysin_dw/thl_1p8A_grid_predictions_0.mtz,0,0,2085,0.84719414
2085,./thermolysin_dw/thl_1p8A_grid_predictions_0.mtz,0,0,2086,0.88470066
2086,./thermolysin_dw/thl_1p8A_grid_predictions_0.mtz,0,0,2087,0.9423766
2087,./thermolysin_dw/thl_1p8A_grid_predictions_0.mtz,0,0,2088,0.9088926
2088,./thermolysin_dw/thl_1p8A_grid_predictions_0.mtz,0,0,2089,0.9395063
2089,./thermolysin_dw/thl_1p8A_grid_predictions_0.mtz,0,0,2090,0.7638505
2090,./thermolysin_dw/thl_1p8A_grid_predictions_0.mtz,0,0,2091,0.965063
2091,./thermolysin_dw/thl_1p8A_grid_predictions_0.mtz,0,0,2092,0.9321566
2092,./thermolysin_dw/thl_1p8A_grid_predictions_0.mtz,0,0,2093,0.9260058
2093,./thermolysin_dw/thl_1p8A_grid_predictions_0.mtz,0,0,2094,0.9606639
2094,./thermolysin_dw/thl_1p8A_grid_predictions_0.mtz,0,0,2095,0.8857273
2095,./thermolysin_dw/thl_1p8A_grid_predictions_0.mtz,0,0,2096,0.9068877
2096,./thermolysin_dw/thl_1p8A_grid_predictions_0.mtz,0,0,2097,0.83772814
2097,./thermolysin_dw/thl_1p8A_grid_predictions_0.mtz,0,0,2098,0.8598363
2098,./thermolysin_dw/thl_1p8A_grid_predictions_0.mtz,0,0,2099,0.9008915
2099,./thermolysin_dw/thl_1p8A_grid_predictions_0.mtz,0,0,2100,0.9057098
2100,./thermolysin_dw/thl_1p8A_grid_predictions_0.mtz,0,0,2101,0.9211117
2101,./thermolysin_dw/thl_1p8A_grid_predictions_0.mtz,0,0,2102,0.8779578
2102,./thermolysin_dw/thl_1p8A_grid_predictions_0.mtz,0,0,2103,0.7448765
2103,./thermolysin_dw/thl_1p8A_grid_predictions_0.mtz,0,0,2104,0.92742044
2104,./thermolysin_dw/thl_1p8A_grid_predictions_0.mtz,0,0,2105,0.92119235
2105,./thermolysin_dw/thl_1p8A_grid_predictions_0.mtz,0,0,2106,0.7849553
2106,./thermolysin_dw/thl_1p8A_grid_predictions_0.mtz,0,0,2107,0.81337
2107,./thermolysin_dw/thl_1p8A_grid_predictions_0.mtz,0,0,2108,0.7805857
2108,./thermolysin_dw/thl_1p8A_grid_predictions_0.mtz,0,0,2109,0.89825505
2109,./thermolysin_dw/thl_1p8A_grid_predictions_0.mtz,0,0,2110,0.90371084
2110,./thermolysin_dw/thl_1p8A_grid_predictions_0.mtz,0,0,2111,0.8276534
2111,./thermolysin_dw/thl_1p8A_grid_predictions_0.mtz,0,0,2112,0.9376749
2112,./thermolysin_dw/thl_1p8A_grid_predictions_0.mtz,0,0,2113,0.82740813
2113,./thermolysin_dw/thl_1p8A_grid_predictions_0.mtz,0,0,2114,0.91442955
2114,./thermolysin_dw/thl_1p8A_grid_predictions_0.mtz,0,0,2115,0.7606031
2115,./thermolysin_dw/thl_1p8A_grid_predictions_0.mtz,0,0,2116,0.89749295
2116,./thermolysin_dw/thl_1p8A_grid_predictions_0.mtz,0,0,2117,0.9146012
2117,./thermolysin_dw/thl_1p8A_grid_predictions_0.mtz,0,0,2118,0.8351475
2118,./thermolysin_dw/thl_1p8A_grid_predictions_0.mtz,0,0,2119,0.8889337
2119,./thermolysin_dw/thl_1p8A_grid_predictions_0.mtz,0,0,2120,0.9079697
2120,./thermolysin_dw/thl_1p8A_grid_predictions_0.mtz,0,0,2121,0.86629033
2121,./thermolysin_dw/thl_1p8A_grid_predictions_0.mtz,0,0,2122,0.91306317
2122,./thermolysin_dw/thl_1p8A_grid_predictions_0.mtz,0,0,2123,0.93547094
2123,./thermolysin_dw/thl_1p8A_grid_predictions_0.mtz,0,0,2124,0.90191346
2124,./thermolysin_dw/thl_1p8A_grid_predictions_0.mtz,0,0,2125,0.9250657
2125,./thermolysin_dw/thl_1p8A_grid_predictions_0.mtz,0,0,2126,0.9167694
2126,./thermolysin_dw/thl_1p8A_grid_predictions_0.mtz,0,0,2127,0.9668029
2127,./thermolysin_dw/thl_1p8A_grid_predictions_0.mtz,0,0,2128,0.77207494
2128,./thermolysin_dw/thl_1p8A_grid_predictions_0.mtz,0,0,2129,0.80876607
2129,./thermolysin_dw/thl_1p8A_grid_predictions_0.mtz,0,0,2130,0.9156234
2130,./thermolysin_dw/thl_1p8A_grid_predictions_0.mtz,0,0,2131,0.8687315
2131,./thermolysin_dw/thl_1p8A_grid_predictions_0.mtz,0,0,2132,0.9557014
2132,./thermolysin_dw/thl_1p8A_grid_predictions_0.mtz,0,0,2133,0.9113678
2133,./thermolysin_dw/thl_1p8A_grid_predictions_0.mtz,0,0,2134,0.89911145
2134,./thermolysin_dw/thl_1p8A_grid_predictions_0.mtz,0,0,2135,0.92543983
2135,./thermolysin_dw/thl_1p8A_grid_predictions_0.mtz,0,0,2136,0.8849183
2136,./thermolysin_dw/thl_1p8A_grid_predictions_0.mtz,0,0,2137,0.98515654
2137,./thermolysin_dw/thl_1p8A_grid_predictions_0.mtz,0,0,2138,0.78445876
2138,./thermolysin_dw/thl_1p8A_grid_predictions_0.mtz,0,0,2139,0.74229854
2139,./thermolysin_dw/thl_1p8A_grid_predictions_0.mtz,0,0,2140,0.95857483
2140,./thermolysin_dw/thl_1p8A_grid_predictions_0.mtz,0,0,2141,0.840236
2141,./thermolysin_dw/thl_1p8A_grid_predictions_0.mtz,0,0,2142,0.9141633
2142,./thermolysin_dw/thl_1p8A_grid_predictions_0.mtz,0,0,2143,0.9468214
2143,./thermolysin_dw/thl_1p8A_grid_predictions_0.mtz,0,0,2144,0.71541524
2144,./thermolysin_dw/thl_1p8A_grid_predictions_0.mtz,0,0,2145,0.9070022
2145,./thermolysin_dw/thl_1p8A_grid_predictions_0.mtz,0,0,2146,0.7891378
2146,./thermolysin_dw/thl_1p8A_grid_predictions_0.mtz,0,0,2147,0.78325987
2147,./thermolysin_dw/thl_1p8A_grid_predictions_0.mtz,0,0,2148,0.9446318
2148,./thermolysin_dw/thl_1p8A_grid_predictions_0.mtz,0,0,2149,0.86030316
2149,./thermolysin_dw/thl_1p8A_grid_predictions_0.mtz,0,0,2150,0.8382037
2150,./thermolysin_dw/thl_1p8A_grid_predictions_0.mtz,0,0,2151,0.9455926
2151,./thermolysin_dw/thl_1p8A_grid_predictions_0.mtz,0,0,2152,0.8799618
2152,./thermolysin_dw/thl_1p8A_grid_predictions_0.mtz,0,0,2153,0.9160559
2153,./thermolysin_dw/thl_1p8A_grid_predictions_0.mtz,0,0,2154,0.934395
2154,./thermolysin_dw/thl_1p8A_grid_predictions_0.mtz,0,0,2155,0.9810858
2155,./thermolysin_dw/thl_1p8A_grid_predictions_0.mtz,0,0,2156,0.9536072
2156,./thermolysin_dw/thl_1p8A_grid_predictions_0.mtz,0,0,2157,0.9020782
2157,./thermolysin_dw/thl_1p8A_grid_predictions_0.mtz,0,0,2158,0.9133131
2158,./thermolysin_dw/thl_1p8A_grid_predictions_0.mtz,0,0,2159,0.89018005
2159,./thermolysin_dw/thl_1p8A_grid_predictions_0.mtz,0,0,2160,0.87513655
2160,./thermolysin_dw/thl_1p8A_grid_predictions_0.mtz,0,0,2161,0.92326456
2161,./thermolysin_dw/thl_1p8A_grid_predictions_0.mtz,0,0,2162,0.9579846
2162,./thermolysin_dw/thl_1p8A_grid_predictions_0.mtz,0,0,2163,0.8386594
2163,./thermolysin_dw/thl_1p8A_grid_predictions_0.mtz,0,0,2164,0.3650163
2164,./thermolysin_dw/thl_1p8A_grid_predictions_0.mtz,0,0,2165,0.9431085
2165,./thermolysin_dw/thl_1p8A_grid_predictions_0.mtz,0,0,2166,0.8989487
2166,./thermolysin_dw/thl_1p8A_grid_predictions_0.mtz,0,0,2167,0.9413749
2167,./thermolysin_dw/thl_1p8A_grid_predictions_0.mtz,0,0,2168,0.8804595
2168,./thermolysin_dw/thl_1p8A_grid_predictions_0.mtz,0,0,2169,0.9598982
2169,./thermolysin_dw/thl_1p8A_grid_predictions_0.mtz,0,0,2170,0.8627169
2170,./thermolysin_dw/thl_1p8A_grid_predictions_0.mtz,0,0,2171,0.94886756
2171,./thermolysin_dw/thl_1p8A_grid_predictions_0.mtz,0,0,2172,0.95305896
2172,./thermolysin_dw/thl_1p8A_grid_predictions_0.mtz,0,0,2173,0.8100051
2173,./thermolysin_dw/thl_1p8A_grid_predictions_0.mtz,0,0,2174,0.96044236
2174,./thermolysin_dw/thl_1p8A_grid_predictions_0.mtz,0,0,2175,0.6672178
2175,./thermolysin_dw/thl_1p8A_grid_predictions_0.mtz,0,0,2176,0.9373795
2176,./thermolysin_dw/thl_1p8A_grid_predictions_0.mtz,0,0,2177,0.9258717
2177,./thermolysin_dw/thl_1p8A_grid_predictions_0.mtz,0,0,2178,0.93306243
2178,./thermolysin_dw/thl_1p8A_grid_predictions_0.mtz,0,0,2179,0.8949341
2179,./thermolysin_dw/thl_1p8A_grid_predictions_0.mtz,0,0,2180,0.9043069
2180,./thermolysin_dw/thl_1p8A_grid_predictions_0.mtz,0,0,2181,0.9074649
2181,./thermolysin_dw/thl_1p8A_grid_predictions_0.mtz,0,0,2182,0.79646814
2182,./thermolysin_dw/thl_1p8A_grid_predictions_0.mtz,0,0,2183,0.9617466
2183,./thermolysin_dw/thl_1p8A_grid_predictions_0.mtz,0,0,2184,0.796935
2184,./thermolysin_dw/thl_1p8A_grid_predictions_0.mtz,0,0,2185,0.8238025
2185,./thermolysin_dw/thl_1p8A_grid_predictions_0.mtz,0,0,2186,0.8055768
2186,./thermolysin_dw/thl_1p8A_grid_predictions_0.mtz,0,0,2187,0.58859015
2187,./thermolysin_dw/thl_1p8A_grid_predictions_0.mtz,0,0,2188,0.9561923
2188,./thermolysin_dw/thl_1p8A_grid_predictions_0.mtz,0,0,2189,0.89929664
2189,./thermolysin_dw/thl_1p8A_grid_predictions_0.mtz,0,0,2190,0.8781376
2190,./thermolysin_dw/thl_1p8A_grid_predictions_0.mtz,0,0,2191,0.94854736
2191,./thermolysin_dw/thl_1p8A_grid_predictions_0.mtz,0,0,2192,0.93312436
2192,./thermolysin_dw/thl_1p8A_grid_predictions_0.mtz,0,0,2193,0.8719472
2193,./thermolysin_dw/thl_1p8A_grid_predictions_0.mtz,0,0,2194,0.90678996
2194,./thermolysin_dw/thl_1p8A_grid_predictions_0.mtz,0,0,2195,0.8480086
2195,./thermolysin_dw/thl_1p8A_grid_predictions_0.mtz,0,0,2196,0.9363248
2196,./thermolysin_dw/thl_1p8A_grid_predictions_0.mtz,0,0,2197,0.8724098
2197,./thermolysin_dw/thl_1p8A_grid_predictions_0.mtz,0,0,2198,0.89919996
2198,./thermolysin_dw/thl_1p8A_grid_predictions_0.mtz,0,0,2199,0.94699734
2199,./thermolysin_dw/thl_1p8A_grid_predictions_0.mtz,0,0,2200,0.90814507
2200,./thermolysin_dw/thl_1p8A_grid_predictions_0.mtz,0,0,2201,0.80623317
2201,./thermolysin_dw/thl_1p8A_grid_predictions_0.mtz,0,0,2202,0.9285284
2202,./thermolysin_dw/thl_1p8A_grid_predictions_0.mtz,0,0,2203,0.8556287
2203,./thermolysin_dw/thl_1p8A_grid_predictions_0.mtz,0,0,2204,0.8804747
2204,./thermolysin_dw/thl_1p8A_grid_predictions_0.mtz,0,0,2205,0.87642527
2205,./thermolysin_dw/thl_1p8A_grid_predictions_0.mtz,0,0,2206,0.8261402
2206,./thermolysin_dw/thl_1p8A_grid_predictions_0.mtz,0,0,2207,0.95510435
2207,./thermolysin_dw/thl_1p8A_grid_predictions_0.mtz,0,0,2208,0.9463615
2208,./thermolysin_dw/thl_1p8A_grid_predictions_0.mtz,0,0,2209,0.93432474
2209,./thermolysin_dw/thl_1p8A_grid_predictions_0.mtz,0,0,2210,0.43113554
2210,./thermolysin_dw/thl_1p8A_grid_predictions_0.mtz,0,0,2211,0.83422554
2211,./thermolysin_dw/thl_1p8A_grid_predictions_0.mtz,0,0,2212,0.81466746
2212,./thermolysin_dw/thl_1p8A_grid_predictions_0.mtz,0,0,2213,0.8791316
2213,./thermolysin_dw/thl_1p8A_grid_predictions_0.mtz,0,0,2214,0.83824295
2214,./thermolysin_dw/thl_1p8A_grid_predictions_0.mtz,0,0,2215,0.9750736
2215,./thermolysin_dw/thl_1p8A_grid_predictions_0.mtz,0,0,2216,0.941457
2216,./thermolysin_dw/thl_1p8A_grid_predictions_0.mtz,0,0,2217,0.93571234
2217,./thermolysin_dw/thl_1p8A_grid_predictions_0.mtz,0,0,2218,0.7819948
2218,./thermolysin_dw/thl_1p8A_grid_predictions_0.mtz,0,0,2219,0.9730068
2219,./thermolysin_dw/thl_1p8A_grid_predictions_0.mtz,0,0,2220,0.90325093
2220,./thermolysin_dw/thl_1p8A_grid_predictions_0.mtz,0,0,2221,0.8205432
2221,./thermolysin_dw/thl_1p8A_grid_predictions_0.mtz,0,0,2222,0.89453495
2222,./thermolysin_dw/thl_1p8A_grid_predictions_0.mtz,0,0,2223,0.81158054
2223,./thermolysin_dw/thl_1p8A_grid_predictions_0.mtz,0,0,2224,0.91295177
2224,./thermolysin_dw/thl_1p8A_grid_predictions_0.mtz,0,0,2225,0.7427329
2225,./thermolysin_dw/thl_1p8A_grid_predictions_0.mtz,0,0,2226,0.8090916
2226,./thermolysin_dw/thl_1p8A_grid_predictions_0.mtz,0,0,2227,0.85651964
2227,./thermolysin_dw/thl_1p8A_grid_predictions_0.mtz,0,0,2228,0.91912425
2228,./thermolysin_dw/thl_1p8A_grid_predictions_0.mtz,0,0,2229,0.8379078
2229,./thermolysin_dw/thl_1p8A_grid_predictions_0.mtz,0,0,2230,0.92923784
2230,./thermolysin_dw/thl_1p8A_grid_predictions_0.mtz,0,0,2231,0.9000716
2231,./thermolysin_dw/thl_1p8A_grid_predictions_0.mtz,0,0,2232,0.74030966
2232,./thermolysin_dw/thl_1p8A_grid_predictions_0.mtz,0,0,2233,0.9100952
2233,./thermolysin_dw/thl_1p8A_grid_predictions_0.mtz,0,0,2234,0.9144672
2234,./thermolysin_dw/thl_1p8A_grid_predictions_0.mtz,0,0,2235,0.7495843
2235,./thermolysin_dw/thl_1p8A_grid_predictions_0.mtz,0,0,2236,0.95204705
2236,./thermolysin_dw/thl_1p8A_grid_predictions_0.mtz,0,0,2237,0.91633385
2237,./thermolysin_dw/thl_1p8A_grid_predictions_0.mtz,0,0,2238,0.8028323
2238,./thermolysin_dw/thl_1p8A_grid_predictions_0.mtz,0,0,2239,0.86256254
2239,./thermolysin_dw/thl_1p8A_grid_predictions_0.mtz,0,0,2240,0.93353814
2240,./thermolysin_dw/thl_1p8A_grid_predictions_0.mtz,0,0,2241,0.8907513
2241,./thermolysin_dw/thl_1p8A_grid_predictions_0.mtz,0,0,2242,0.88076276
2242,./thermolysin_dw/thl_1p8A_grid_predictions_0.mtz,0,0,2243,0.9263262
2243,./thermolysin_dw/thl_1p8A_grid_predictions_0.mtz,0,0,2244,0.8111258
2244,./thermolysin_dw/thl_1p8A_grid_predictions_0.mtz,0,0,2245,0.9011168
2245,./thermolysin_dw/thl_1p8A_grid_predictions_0.mtz,0,0,2246,0.9330524
2246,./thermolysin_dw/thl_1p8A_grid_predictions_0.mtz,0,0,2247,0.8767332
2247,./thermolysin_dw/thl_1p8A_grid_predictions_0.mtz,0,0,2248,0.93891543
2248,./thermolysin_dw/thl_1p8A_grid_predictions_0.mtz,0,0,2249,0.91997117
2249,./thermolysin_dw/thl_1p8A_grid_predictions_0.mtz,0,0,2250,0.9285263
2250,./thermolysin_dw/thl_1p8A_grid_predictions_0.mtz,0,0,2251,0.68506515
2251,./thermolysin_dw/thl_1p8A_grid_predictions_0.mtz,0,0,2252,0.7123898
2252,./thermolysin_dw/thl_1p8A_grid_predictions_0.mtz,0,0,2253,0.8865599
2253,./thermolysin_dw/thl_1p8A_grid_predictions_0.mtz,0,0,2254,0.93807834
2254,./thermolysin_dw/thl_1p8A_grid_predictions_0.mtz,0,0,2255,0.9438535
2255,./thermolysin_dw/thl_1p8A_grid_predictions_0.mtz,0,0,2256,0.92013794
2256,./thermolysin_dw/thl_1p8A_grid_predictions_0.mtz,0,0,2257,0.9222889
2257,./thermolysin_dw/thl_1p8A_grid_predictions_0.mtz,0,0,2258,0.91856503
2258,./thermolysin_dw/thl_1p8A_grid_predictions_0.mtz,0,0,2259,0.9339417
2259,./thermolysin_dw/thl_1p8A_grid_predictions_0.mtz,0,0,2260,0.8616022
2260,./thermolysin_dw/thl_1p8A_grid_predictions_0.mtz,0,0,2261,0.77204573
2261,./thermolysin_dw/thl_1p8A_grid_predictions_0.mtz,0,0,2262,0.9311461
2262,./thermolysin_dw/thl_1p8A_grid_predictions_0.mtz,0,0,2263,0.8075323
2263,./thermolysin_dw/thl_1p8A_grid_predictions_0.mtz,0,0,2264,0.8837419
2264,./thermolysin_dw/thl_1p8A_grid_predictions_0.mtz,0,0,2265,0.9295626
2265,./thermolysin_dw/thl_1p8A_grid_predictions_0.mtz,0,0,2266,0.8315372
2266,./thermolysin_dw/thl_1p8A_grid_predictions_0.mtz,0,0,2267,0.95218813
2267,./thermolysin_dw/thl_1p8A_grid_predictions_0.mtz,0,0,2268,0.95807993
2268,./thermolysin_dw/thl_1p8A_grid_predictions_0.mtz,0,0,2269,0.8621164
2269,./thermolysin_dw/thl_1p8A_grid_predictions_0.mtz,0,0,2270,0.962151
2270,./thermolysin_dw/thl_1p8A_grid_predictions_0.mtz,0,0,2271,0.9185692
2271,./thermolysin_dw/thl_1p8A_grid_predictions_0.mtz,0,0,2272,0.9669066
2272,./thermolysin_dw/thl_1p8A_grid_predictions_0.mtz,0,0,2273,0.88697934
2273,./thermolysin_dw/thl_1p8A_grid_predictions_0.mtz,0,0,2274,0.9183964
2274,./thermolysin_dw/thl_1p8A_grid_predictions_0.mtz,0,0,2275,0.842128
2275,./thermolysin_dw/thl_1p8A_grid_predictions_0.mtz,0,0,2276,0.8792263
2276,./thermolysin_dw/thl_1p8A_grid_predictions_0.mtz,0,0,2277,0.9458952
2277,./thermolysin_dw/thl_1p8A_grid_predictions_0.mtz,0,0,2278,0.9361283
2278,./thermolysin_dw/thl_1p8A_grid_predictions_0.mtz,0,0,2279,0.8631788
2279,./thermolysin_dw/thl_1p8A_grid_predictions_0.mtz,0,0,2280,0.9322753
2280,./thermolysin_dw/thl_1p8A_grid_predictions_0.mtz,0,0,2281,0.94631374
2281,./thermolysin_dw/thl_1p8A_grid_predictions_0.mtz,0,0,2282,0.8760679
2282,./thermolysin_dw/thl_1p8A_grid_predictions_0.mtz,0,0,2283,0.9269317
2283,./thermolysin_dw/thl_1p8A_grid_predictions_0.mtz,0,0,2284,0.81943274
2284,./thermolysin_dw/thl_1p8A_grid_predictions_0.mtz,0,0,2285,0.8661541
2285,./thermolysin_dw/thl_1p8A_grid_predictions_0.mtz,0,0,2286,0.8867513
2286,./thermolysin_dw/thl_1p8A_grid_predictions_0.mtz,0,0,2287,0.9660903
2287,./thermolysin_dw/thl_1p8A_grid_predictions_0.mtz,0,0,2288,0.80631274
2288,./thermolysin_dw/thl_1p8A_grid_predictions_0.mtz,0,0,2289,0.9244159
2289,./thermolysin_dw/thl_1p8A_grid_predictions_0.mtz,0,0,2290,0.7413128
2290,./thermolysin_dw/thl_1p8A_grid_predictions_0.mtz,0,0,2291,0.8440334
2291,./thermolysin_dw/thl_1p8A_grid_predictions_0.mtz,0,0,2292,0.8503494
2292,./thermolysin_dw/thl_1p8A_grid_predictions_0.mtz,0,0,2293,0.80182964
2293,./thermolysin_dw/thl_1p8A_grid_predictions_0.mtz,0,0,2294,0.8051375
2294,./thermolysin_dw/thl_1p8A_grid_predictions_0.mtz,0,0,2295,0.90456
2295,./thermolysin_dw/thl_1p8A_grid_predictions_0.mtz,0,0,2296,0.9381782
2296,./thermolysin_dw/thl_1p8A_grid_predictions_0.mtz,0,0,2297,0.24736646
2297,./thermolysin_dw/thl_1p8A_grid_predictions_0.mtz,0,0,2298,0.9179144
2298,./thermolysin_dw/thl_1p8A_grid_predictions_0.mtz,0,0,2299,0.79602134
2299,./thermolysin_dw/thl_1p8A_grid_predictions_0.mtz,0,0,2300,0.90888214
2300,./thermolysin_dw/thl_1p8A_grid_predictions_0.mtz,0,0,2301,0.9255077
2301,./thermolysin_dw/thl_1p8A_grid_predictions_0.mtz,0,0,2302,0.9009687
2302,./thermolysin_dw/thl_1p8A_grid_predictions_0.mtz,0,0,2303,0.92308164
2303,./thermolysin_dw/thl_1p8A_grid_predictions_0.mtz,0,0,2304,0.8996763
2304,./thermolysin_dw/thl_1p8A_grid_predictions_0.mtz,0,0,2305,0.92141527
2305,./thermolysin_dw/thl_1p8A_grid_predictions_0.mtz,0,0,2306,0.88426673
2306,./thermolysin_dw/thl_1p8A_grid_predictions_0.mtz,0,0,2307,0.96672696
2307,./thermolysin_dw/thl_1p8A_grid_predictions_0.mtz,0,0,2308,0.726074
2308,./thermolysin_dw/thl_1p8A_grid_predictions_0.mtz,0,0,2309,0.943016
2309,./thermolysin_dw/thl_1p8A_grid_predictions_0.mtz,0,0,2310,0.9521362
2310,./thermolysin_dw/thl_1p8A_grid_predictions_0.mtz,0,0,2311,0.86823577
2311,./thermolysin_dw/thl_1p8A_grid_predictions_0.mtz,0,0,2312,0.7496897
2312,./thermolysin_dw/thl_1p8A_grid_predictions_0.mtz,0,0,2313,0.91692096
2313,./thermolysin_dw/thl_1p8A_grid_predictions_0.mtz,0,0,2314,0.91824925
2314,./thermolysin_dw/thl_1p8A_grid_predictions_0.mtz,0,0,2315,0.916746
2315,./thermolysin_dw/thl_1p8A_grid_predictions_0.mtz,0,0,2316,0.92137456
2316,./thermolysin_dw/thl_1p8A_grid_predictions_0.mtz,0,0,2317,0.74865955
2317,./thermolysin_dw/thl_1p8A_grid_predictions_0.mtz,0,0,2318,0.8723228
2318,./thermolysin_dw/thl_1p8A_grid_predictions_0.mtz,0,0,2319,0.86561036
2319,./thermolysin_dw/thl_1p8A_grid_predictions_0.mtz,0,0,2320,0.9442444
2320,./thermolysin_dw/thl_1p8A_grid_predictions_0.mtz,0,0,2321,0.8688255
2321,./thermolysin_dw/thl_1p8A_grid_predictions_0.mtz,0,0,2322,0.9531029
2322,./thermolysin_dw/thl_1p8A_grid_predictions_0.mtz,0,0,2323,0.9393925
2323,./thermolysin_dw/thl_1p8A_grid_predictions_0.mtz,0,0,2324,0.8121176
2324,./thermolysin_dw/thl_1p8A_grid_predictions_0.mtz,0,0,2325,0.8056762
2325,./thermolysin_dw/thl_1p8A_grid_predictions_0.mtz,0,0,2326,0.7733483
2326,./thermolysin_dw/thl_1p8A_grid_predictions_0.mtz,0,0,2327,0.87031215
2327,./thermolysin_dw/thl_1p8A_grid_predictions_0.mtz,0,0,2328,0.83679444
2328,./thermolysin_dw/thl_1p8A_grid_predictions_0.mtz,0,0,2329,0.9081017
2329,./thermolysin_dw/thl_1p8A_grid_predictions_0.mtz,0,0,2330,0.9398381
2330,./thermolysin_dw/thl_1p8A_grid_predictions_0.mtz,0,0,2331,0.9118696
2331,./thermolysin_dw/thl_1p8A_grid_predictions_0.mtz,0,0,2332,0.689439
2332,./thermolysin_dw/thl_1p8A_grid_predictions_0.mtz,0,0,2333,0.95295185
2333,./thermolysin_dw/thl_1p8A_grid_predictions_0.mtz,0,0,2334,0.8972665
2334,./thermolysin_dw/thl_1p8A_grid_predictions_0.mtz,0,0,2335,0.7895722
2335,./thermolysin_dw/thl_1p8A_grid_predictions_0.mtz,0,0,2336,0.926384
2336,./thermolysin_dw/thl_1p8A_grid_predictions_0.mtz,0,0,2337,0.86197364
2337,./thermolysin_dw/thl_1p8A_grid_predictions_0.mtz,0,0,2338,0.9651416
2338,./thermolysin_dw/thl_1p8A_grid_predictions_0.mtz,0,0,2339,0.9375574
2339,./thermolysin_dw/thl_1p8A_grid_predictions_0.mtz,0,0,2340,0.89502424
2340,./thermolysin_dw/thl_1p8A_grid_predictions_0.mtz,0,0,2341,0.80871177
2341,./thermolysin_dw/thl_1p8A_grid_predictions_0.mtz,0,0,2342,0.8060848
2342,./thermolysin_dw/thl_1p8A_grid_predictions_0.mtz,0,0,2343,0.77130693
2343,./thermolysin_dw/thl_1p8A_grid_predictions_0.mtz,0,0,2344,0.8820841
2344,./thermolysin_dw/thl_1p8A_grid_predictions_0.mtz,0,0,2345,0.94855756
2345,./thermolysin_dw/thl_1p8A_grid_predictions_0.mtz,0,0,2346,0.91507536
2346,./thermolysin_dw/thl_1p8A_grid_predictions_0.mtz,0,0,2347,0.74043906
2347,./thermolysin_dw/thl_1p8A_grid_predictions_0.mtz,0,0,2348,0.8767756
2348,./thermolysin_dw/thl_1p8A_grid_predictions_0.mtz,0,0,2349,0.9150702
2349,./thermolysin_dw/thl_1p8A_grid_predictions_0.mtz,0,0,2350,0.8945246
2350,./thermolysin_dw/thl_1p8A_grid_predictions_0.mtz,0,0,2351,0.8705916
2351,./thermolysin_dw/thl_1p8A_grid_predictions_0.mtz,0,0,2352,0.8865809
2352,./thermolysin_dw/thl_1p8A_grid_predictions_0.mtz,0,0,2353,0.9645818
2353,./thermolysin_dw/thl_1p8A_grid_predictions_0.mtz,0,0,2354,0.9144166
2354,./thermolysin_dw/thl_1p8A_grid_predictions_0.mtz,0,0,2355,0.87752473
2355,./thermolysin_dw/thl_1p8A_grid_predictions_0.mtz,0,0,2356,0.8917444
2356,./thermolysin_dw/thl_1p8A_grid_predictions_0.mtz,0,0,2357,0.9530903
2357,./thermolysin_dw/thl_1p8A_grid_predictions_0.mtz,0,0,2358,0.9678292
2358,./thermolysin_dw/thl_1p8A_grid_predictions_0.mtz,0,0,2359,0.7464436
2359,./thermolysin_dw/thl_1p8A_grid_predictions_0.mtz,0,0,2360,0.89516526
2360,./thermolysin_dw/thl_1p8A_grid_predictions_0.mtz,0,0,2361,0.91577965
2361,./thermolysin_dw/thl_1p8A_grid_predictions_0.mtz,0,0,2362,0.937816
2362,./thermolysin_dw/thl_1p8A_grid_predictions_0.mtz,0,0,2363,0.9549833
2363,./thermolysin_dw/thl_1p8A_grid_predictions_0.mtz,0,0,2364,0.9261143
2364,./thermolysin_dw/thl_1p8A_grid_predictions_0.mtz,0,0,2365,0.769518
2365,./thermolysin_dw/thl_1p8A_grid_predictions_0.mtz,0,0,2366,0.6466586
2366,./thermolysin_dw/thl_1p8A_grid_predictions_0.mtz,0,0,2367,0.9554929
2367,./thermolysin_dw/thl_1p8A_grid_predictions_0.mtz,0,0,2368,0.9012216
2368,./thermolysin_dw/thl_1p8A_grid_predictions_0.mtz,0,0,2369,0.87866235
2369,./thermolysin_dw/thl_1p8A_grid_predictions_0.mtz,0,0,2370,0.8408093
2370,./thermolysin_dw/thl_1p8A_grid_predictions_0.mtz,0,0,2371,0.91888154
2371,./thermolysin_dw/thl_1p8A_grid_predictions_0.mtz,0,0,2372,0.8848089
2372,./thermolysin_dw/thl_1p8A_grid_predictions_0.mtz,0,0,2373,0.9383722
2373,./thermolysin_dw/thl_1p8A_grid_predictions_0.mtz,0,0,2374,0.8610476
2374,./thermolysin_dw/thl_1p8A_grid_predictions_0.mtz,0,0,2375,0.9516551
2375,./thermolysin_dw/thl_1p8A_grid_predictions_0.mtz,0,0,2376,0.9152083
2376,./thermolysin_dw/thl_1p8A_grid_predictions_0.mtz,0,0,2377,0.9592606
2377,./thermolysin_dw/thl_1p8A_grid_predictions_0.mtz,0,0,2378,0.89831054
2378,./thermolysin_dw/thl_1p8A_grid_predictions_0.mtz,0,0,2379,0.8772028
2379,./thermolysin_dw/thl_1p8A_grid_predictions_0.mtz,0,0,2380,0.86838585
2380,./thermolysin_dw/thl_1p8A_grid_predictions_0.mtz,0,0,2381,0.92787814
2381,./thermolysin_dw/thl_1p8A_grid_predictions_0.mtz,0,0,2382,0.8786757
2382,./thermolysin_dw/thl_1p8A_grid_predictions_0.mtz,0,0,2383,0.9558523
2383,./thermolysin_dw/thl_1p8A_grid_predictions_0.mtz,0,0,2384,0.92590815
2384,./thermolysin_dw/thl_1p8A_grid_predictions_0.mtz,0,0,2385,0.8977886
2385,./thermolysin_dw/thl_1p8A_grid_predictions_0.mtz,0,0,2386,0.88211876
2386,./thermolysin_dw/thl_1p8A_grid_predictions_0.mtz,0,0,2387,0.916626
2387,./thermolysin_dw/thl_1p8A_grid_predictions_0.mtz,0,0,2388,0.6882847
2388,./thermolysin_dw/thl_1p8A_grid_predictions_0.mtz,0,0,2389,0.939603
2389,./thermolysin_dw/thl_1p8A_grid_predictions_0.mtz,0,0,2390,0.94647944
2390,./thermolysin_dw/thl_1p8A_grid_predictions_0.mtz,0,0,2391,0.9157323
2391,./thermolysin_dw/thl_1p8A_grid_predictions_0.mtz,0,0,2392,0.91424346
2392,./thermolysin_dw/thl_1p8A_grid_predictions_0.mtz,0,0,2393,0.8951215
2393,./thermolysin_dw/thl_1p8A_grid_predictions_0.mtz,0,0,2394,0.91690034
2394,./thermolysin_dw/thl_1p8A_grid_predictions_0.mtz,0,0,2395,0.8819783
2395,./thermolysin_dw/thl_1p8A_grid_predictions_0.mtz,0,0,2396,0.8554082
2396,./thermolysin_dw/thl_1p8A_grid_predictions_0.mtz,0,0,2397,0.81449413
2397,./thermolysin_dw/thl_1p8A_grid_predictions_0.mtz,0,0,2398,0.9530444
2398,./thermolysin_dw/thl_1p8A_grid_predictions_0.mtz,0,0,2399,0.69330657
2399,./thermolysin_dw/thl_1p8A_grid_predictions_0.mtz,0,0,2400,0.96429574
2400,./thermolysin_dw/thl_1p8A_grid_predictions_0.mtz,0,0,2401,0.8545262
2401,./thermolysin_dw/thl_1p8A_grid_predictions_0.mtz,0,0,2402,0.54860204
2402,./thermolysin_dw/thl_1p8A_grid_predictions_0.mtz,0,0,2403,0.8981054
2403,./thermolysin_dw/thl_1p8A_grid_predictions_0.mtz,0,0,2404,0.9337171
2404,./thermolysin_dw/thl_1p8A_grid_predictions_0.mtz,0,0,2405,0.8570899
2405,./thermolysin_dw/thl_1p8A_grid_predictions_0.mtz,0,0,2406,0.9677531
2406,./thermolysin_dw/thl_1p8A_grid_predictions_0.mtz,0,0,2407,0.9009117
2407,./thermolysin_dw/thl_1p8A_grid_predictions_0.mtz,0,0,2408,0.9302694
2408,./thermolysin_dw/thl_1p8A_grid_predictions_0.mtz,0,0,2409,0.95367986
2409,./thermolysin_dw/thl_1p8A_grid_predictions_0.mtz,0,0,2410,0.9292012
2410,./thermolysin_dw/thl_1p8A_grid_predictions_0.mtz,0,0,2411,0.57667774
2411,./thermolysin_dw/thl_1p8A_grid_predictions_0.mtz,0,0,2412,0.8081087
2412,./thermolysin_dw/thl_1p8A_grid_predictions_0.mtz,0,0,2413,0.92520577
2413,./thermolysin_dw/thl_1p8A_grid_predictions_0.mtz,0,0,2414,0.8895971
2414,./thermolysin_dw/thl_1p8A_grid_predictions_0.mtz,0,0,2415,0.90534043
2415,./thermolysin_dw/thl_1p8A_grid_predictions_0.mtz,0,0,2416,0.8890966
2416,./thermolysin_dw/thl_1p8A_grid_predictions_0.mtz,0,0,2417,0.87872446
2417,./thermolysin_dw/thl_1p8A_grid_predictions_0.mtz,0,0,2418,0.95211536
2418,./thermolysin_dw/thl_1p8A_grid_predictions_0.mtz,0,0,2419,0.8771842
2419,./thermolysin_dw/thl_1p8A_grid_predictions_0.mtz,0,0,2420,0.8925708
2420,./thermolysin_dw/thl_1p8A_grid_predictions_0.mtz,0,0,2421,0.9181588
2421,./thermolysin_dw/thl_1p8A_grid_predictions_0.mtz,0,0,2422,0.919992
2422,./thermolysin_dw/thl_1p8A_grid_predictions_0.mtz,0,0,2423,0.84047157
2423,./thermolysin_dw/thl_1p8A_grid_predictions_0.mtz,0,0,2424,0.9221189
2424,./thermolysin_dw/thl_1p8A_grid_predictions_0.mtz,0,0,2425,0.9086638
2425,./thermolysin_dw/thl_1p8A_grid_predictions_0.mtz,0,0,2426,0.93821836
2426,./thermolysin_dw/thl_1p8A_grid_predictions_0.mtz,0,0,2427,0.94573545
2427,./thermolysin_dw/thl_1p8A_grid_predictions_0.mtz,0,0,2428,0.7166872
2428,./thermolysin_dw/thl_1p8A_grid_predictions_0.mtz,0,0,2429,0.9425047
2429,./thermolysin_dw/thl_1p8A_grid_predictions_0.mtz,0,0,2430,0.92823476
2430,./thermolysin_dw/thl_1p8A_grid_predictions_0.mtz,0,0,2431,0.9461899
2431,./thermolysin_dw/thl_1p8A_grid_predictions_0.mtz,0,0,2432,0.9150375
2432,./thermolysin_dw/thl_1p8A_grid_predictions_0.mtz,0,0,2433,0.9410937
2433,./thermolysin_dw/thl_1p8A_grid_predictions_0.mtz,0,0,2434,0.97264415
2434,./thermolysin_dw/thl_1p8A_grid_predictions_0.mtz,0,0,2435,0.94688076
2435,./thermolysin_dw/thl_1p8A_grid_predictions_0.mtz,0,0,2436,0.833005
2436,./thermolysin_dw/thl_1p8A_grid_predictions_0.mtz,0,0,2437,0.9053195
2437,./thermolysin_dw/thl_1p8A_grid_predictions_0.mtz,0,0,2438,0.86482924
2438,./thermolysin_dw/thl_1p8A_grid_predictions_0.mtz,0,0,2439,0.91402465
2439,./thermolysin_dw/thl_1p8A_grid_predictions_0.mtz,0,0,2440,0.8648085
2440,./thermolysin_dw/thl_1p8A_grid_predictions_0.mtz,0,0,2441,0.9770025
2441,./thermolysin_dw/thl_1p8A_grid_predictions_0.mtz,0,0,2442,0.9703472
2442,./thermolysin_dw/thl_1p8A_grid_predictions_0.mtz,0,0,2443,0.9169771
2443,./thermolysin_dw/thl_1p8A_grid_predictions_0.mtz,0,0,2444,0.8897259
2444,./thermolysin_dw/thl_1p8A_grid_predictions_0.mtz,0,0,2445,0.9412614
2445,./thermolysin_dw/thl_1p8A_grid_predictions_0.mtz,0,0,2446,0.94361335
2446,./thermolysin_dw/thl_1p8A_grid_predictions_0.mtz,0,0,2447,0.92754054
2447,./thermolysin_dw/thl_1p8A_grid_predictions_0.mtz,0,0,2448,0.9105357
2448,./thermolysin_dw/thl_1p8A_grid_predictions_0.mtz,0,0,2449,0.92430013
2449,./thermolysin_dw/thl_1p8A_grid_predictions_0.mtz,0,0,2450,0.9001474
2450,./thermolysin_dw/thl_1p8A_grid_predictions_0.mtz,0,0,2451,0.9604294
2451,./thermolysin_dw/thl_1p8A_grid_predictions_0.mtz,0,0,2452,0.8232521
2452,./thermolysin_dw/thl_1p8A_grid_predictions_0.mtz,0,0,2453,0.9136
2453,./thermolysin_dw/thl_1p8A_grid_predictions_0.mtz,0,0,2454,0.9017732
2454,./thermolysin_dw/thl_1p8A_grid_predictions_0.mtz,0,0,2455,0.85914224
2455,./thermolysin_dw/thl_1p8A_grid_predictions_0.mtz,0,0,2456,0.96540785
2456,./thermolysin_dw/thl_1p8A_grid_predictions_0.mtz,0,0,2457,0.83059263
2457,./thermolysin_dw/thl_1p8A_grid_predictions_0.mtz,0,0,2458,0.8533738
2458,./thermolysin_dw/thl_1p8A_grid_predictions_0.mtz,0,0,2459,0.95443034
2459,./thermolysin_dw/thl_1p8A_grid_predictions_0.mtz,0,0,2460,0.8330115
2460,./thermolysin_dw/thl_1p8A_grid_predictions_0.mtz,0,0,2461,0.93830276
2461,./thermolysin_dw/thl_1p8A_grid_predictions_0.mtz,0,0,2462,0.86811167
2462,./thermolysin_dw/thl_1p8A_grid_predictions_0.mtz,0,0,2463,0.93978876
2463,./thermolysin_dw/thl_1p8A_grid_predictions_0.mtz,0,0,2464,0.94421047
2464,./thermolysin_dw/thl_1p8A_grid_predictions_0.mtz,0,0,2465,0.9225634
2465,./thermolysin_dw/thl_1p8A_grid_predictions_0.mtz,0,0,2466,0.954274
2466,./thermolysin_dw/thl_1p8A_grid_predictions_0.mtz,0,0,2467,0.74621314
2467,./thermolysin_dw/thl_1p8A_grid_predictions_0.mtz,0,0,2468,0.92830116
2468,./thermolysin_dw/thl_1p8A_grid_predictions_0.mtz,0,0,2469,0.9417202
2469,./thermolysin_dw/thl_1p8A_grid_predictions_0.mtz,0,0,2470,0.89463806
2470,./thermolysin_dw/thl_1p8A_grid_predictions_0.mtz,0,0,2471,0.893117
2471,./thermolysin_dw/thl_1p8A_grid_predictions_0.mtz,0,0,2472,0.87976295
2472,./thermolysin_dw/thl_1p8A_grid_predictions_0.mtz,0,0,2473,0.87563986
2473,./thermolysin_dw/thl_1p8A_grid_predictions_0.mtz,0,0,2474,0.8762419
2474,./thermolysin_dw/thl_1p8A_grid_predictions_0.mtz,0,0,2475,0.93476284
2475,./thermolysin_dw/thl_1p8A_grid_predictions_0.mtz,0,0,2476,0.93499553
2476,./thermolysin_dw/thl_1p8A_grid_predictions_0.mtz,0,0,2477,0.89867973
2477,./thermolysin_dw/thl_1p8A_grid_predictions_0.mtz,0,0,2478,0.92756236
2478,./thermolysin_dw/thl_1p8A_grid_predictions_0.mtz,0,0,2479,0.80068773
2479,./thermolysin_dw/thl_1p8A_grid_predictions_0.mtz,0,0,2480,0.95768976
2480,./thermolysin_dw/thl_1p8A_grid_predictions_0.mtz,0,0,2481,0.8375336
2481,./thermolysin_dw/thl_1p8A_grid_predictions_0.mtz,0,0,2482,0.941595
2482,./thermolysin_dw/thl_1p8A_grid_predictions_0.mtz,0,0,2483,0.8394756
2483,./thermolysin_dw/thl_1p8A_grid_predictions_0.mtz,0,0,2484,0.94331074
2484,./thermolysin_dw/thl_1p8A_grid_predictions_0.mtz,0,0,2485,0.8893542
2485,./thermolysin_dw/thl_1p8A_grid_predictions_0.mtz,0,0,2486,0.70175105
2486,./thermolysin_dw/thl_1p8A_grid_predictions_0.mtz,0,0,2487,0.9601429
2487,./thermolysin_dw/thl_1p8A_grid_predictions_0.mtz,0,0,2488,0.93140936
2488,./thermolysin_dw/thl_1p8A_grid_predictions_0.mtz,0,0,2489,0.91713136
2489,./thermolysin_dw/thl_1p8A_grid_predictions_0.mtz,0,0,2490,0.90790313
2490,./thermolysin_dw/thl_1p8A_grid_predictions_0.mtz,0,0,2491,0.8243687
2491,./thermolysin_dw/thl_1p8A_grid_predictions_0.mtz,0,0,2492,0.9505869
2492,./thermolysin_dw/thl_1p8A_grid_predictions_0.mtz,0,0,2493,0.8914957
2493,./thermolysin_dw/thl_1p8A_grid_predictions_0.mtz,0,0,2494,0.9505487
2494,./thermolysin_dw/thl_1p8A_grid_predictions_0.mtz,0,0,2495,0.93629295
2495,./thermolysin_dw/thl_1p8A_grid_predictions_0.mtz,0,0,2496,0.8914823
2496,./thermolysin_dw/thl_1p8A_grid_predictions_0.mtz,0,0,2497,0.93086606
2497,./thermolysin_dw/thl_1p8A_grid_predictions_0.mtz,0,0,2498,0.9629742
2498,./thermolysin_dw/thl_1p8A_grid_predictions_0.mtz,0,0,2499,0.95365214
2499,./thermolysin_dw/thl_1p8A_grid_predictions_0.mtz,0,0,2500,0.9590039
2500,./thermolysin_dw/thl_1p8A_grid_predictions_0.mtz,0,0,2501,0.919815
2501,./thermolysin_dw/thl_1p8A_grid_predictions_0.mtz,0,0,2502,0.9197185
2502,./thermolysin_dw/thl_1p8A_grid_predictions_0.mtz,0,0,2503,0.93950486
2503,./thermolysin_dw/thl_1p8A_grid_predictions_0.mtz,0,0,2504,0.96473724
2504,./thermolysin_dw/thl_1p8A_grid_predictions_0.mtz,0,0,2505,0.8941061
2505,./thermolysin_dw/thl_1p8A_grid_predictions_0.mtz,0,0,2506,0.9375037
2506,./thermolysin_dw/thl_1p8A_grid_predictions_0.mtz,0,0,2507,0.92773736
2507,./thermolysin_dw/thl_1p8A_grid_predictions_0.mtz,0,0,2508,0.93539464
2508,./thermolysin_dw/thl_1p8A_grid_predictions_0.mtz,0,0,2509,0.9548235
2509,./thermolysin_dw/thl_1p8A_grid_predictions_0.mtz,0,0,2510,0.9515448
2510,./thermolysin_dw/thl_1p8A_grid_predictions_0.mtz,0,0,2511,0.89031655
2511,./thermolysin_dw/thl_1p8A_grid_predictions_0.mtz,0,0,2512,0.91742986
2512,./thermolysin_dw/thl_1p8A_grid_predictions_0.mtz,0,0,2513,0.90228105
2513,./thermolysin_dw/thl_1p8A_grid_predictions_0.mtz,0,0,2514,0.95969975
2514,./thermolysin_dw/thl_1p8A_grid_predictions_0.mtz,0,0,2515,0.7841299
2515,./thermolysin_dw/thl_1p8A_grid_predictions_0.mtz,0,0,2516,0.9318169
2516,./thermolysin_dw/thl_1p8A_grid_predictions_0.mtz,0,0,2517,0.9425007
2517,./thermolysin_dw/thl_1p8A_grid_predictions_0.mtz,0,0,2518,0.8713372
2518,./thermolysin_dw/thl_1p8A_grid_predictions_0.mtz,0,0,2519,0.7871439
2519,./thermolysin_dw/thl_1p8A_grid_predictions_0.mtz,0,0,2520,0.942483
2520,./thermolysin_dw/thl_1p8A_grid_predictions_0.mtz,0,0,2521,0.9349475
2521,./thermolysin_dw/thl_1p8A_grid_predictions_0.mtz,0,0,2522,0.8754573
2522,./thermolysin_dw/thl_1p8A_grid_predictions_0.mtz,0,0,2523,0.9140223
2523,./thermolysin_dw/thl_1p8A_grid_predictions_0.mtz,0,0,2524,0.7154531
2524,./thermolysin_dw/thl_1p8A_grid_predictions_0.mtz,0,0,2525,0.94513243
2525,./thermolysin_dw/thl_1p8A_grid_predictions_0.mtz,0,0,2526,0.89060575
2526,./thermolysin_dw/thl_1p8A_grid_predictions_0.mtz,0,0,2527,0.9177674
2527,./thermolysin_dw/thl_1p8A_grid_predictions_0.mtz,0,0,2528,0.9208461
2528,./thermolysin_dw/thl_1p8A_grid_predictions_0.mtz,0,0,2529,0.9304213
2529,./thermolysin_dw/thl_1p8A_grid_predictions_0.mtz,0,0,2530,0.94747716
2530,./thermolysin_dw/thl_1p8A_grid_predictions_0.mtz,0,0,2531,0.88661057
2531,./thermolysin_dw/thl_1p8A_grid_predictions_0.mtz,0,0,2532,0.90979177
2532,./thermolysin_dw/thl_1p8A_grid_predictions_0.mtz,0,0,2533,0.9343166
2533,./thermolysin_dw/thl_1p8A_grid_predictions_0.mtz,0,0,2534,0.94438654
2534,./thermolysin_dw/thl_1p8A_grid_predictions_0.mtz,0,0,2535,0.94316167
2535,./thermolysin_dw/thl_1p8A_grid_predictions_0.mtz,0,0,2536,0.9008783
2536,./thermolysin_dw/thl_1p8A_grid_predictions_0.mtz,0,0,2537,0.8683862
2537,./thermolysin_dw/thl_1p8A_grid_predictions_0.mtz,0,0,2538,0.939875
2538,./thermolysin_dw/thl_1p8A_grid_predictions_0.mtz,0,0,2539,0.9301777
2539,./thermolysin_dw/thl_1p8A_grid_predictions_0.mtz,0,0,2540,0.91869205
2540,./thermolysin_dw/thl_1p8A_grid_predictions_0.mtz,0,0,2541,0.85984534
2541,./thermolysin_dw/thl_1p8A_grid_predictions_0.mtz,0,0,2542,0.9582207
2542,./thermolysin_dw/thl_1p8A_grid_predictions_0.mtz,0,0,2543,0.8141334
2543,./thermolysin_dw/thl_1p8A_grid_predictions_0.mtz,0,0,2544,0.9423854
2544,./thermolysin_dw/thl_1p8A_grid_predictions_0.mtz,0,0,2545,0.96154124
2545,./thermolysin_dw/thl_1p8A_grid_predictions_0.mtz,0,0,2546,0.80560154
2546,./thermolysin_dw/thl_1p8A_grid_predictions_0.mtz,0,0,2547,0.93921757
2547,./thermolysin_dw/thl_1p8A_grid_predictions_0.mtz,0,0,2548,0.87172514
2548,./thermolysin_dw/thl_1p8A_grid_predictions_0.mtz,0,0,2549,0.9599244
2549,./thermolysin_dw/thl_1p8A_grid_predictions_0.mtz,0,0,2550,0.89678746
2550,./thermolysin_dw/thl_1p8A_grid_predictions_0.mtz,0,0,2551,0.91449255
2551,./thermolysin_dw/thl_1p8A_grid_predictions_0.mtz,0,0,2552,0.8702387
2552,./thermolysin_dw/thl_1p8A_grid_predictions_0.mtz,0,0,2553,0.94374335
2553,./thermolysin_dw/thl_1p8A_grid_predictions_0.mtz,0,0,2554,0.8755513
2554,./thermolysin_dw/thl_1p8A_grid_predictions_0.mtz,0,0,2555,0.96077573
2555,./thermolysin_dw/thl_1p8A_grid_predictions_0.mtz,0,0,2556,0.9113462
2556,./thermolysin_dw/thl_1p8A_grid_predictions_0.mtz,0,0,2557,0.9493062
2557,./thermolysin_dw/thl_1p8A_grid_predictions_0.mtz,0,0,2558,0.94029355
2558,./thermolysin_dw/thl_1p8A_grid_predictions_0.mtz,0,0,2559,0.86681485
2559,./thermolysin_dw/thl_1p8A_grid_predictions_0.mtz,0,0,2560,0.91972107
2560,./thermolysin_dw/thl_1p8A_grid_predictions_0.mtz,0,0,2561,0.87981355
2561,./thermolysin_dw/thl_1p8A_grid_predictions_0.mtz,0,0,2562,0.9422147
2562,./thermolysin_dw/thl_1p8A_grid_predictions_0.mtz,0,0,2563,0.91209155
2563,./thermolysin_dw/thl_1p8A_grid_predictions_0.mtz,0,0,2564,0.91904795
2564,./thermolysin_dw/thl_1p8A_grid_predictions_0.mtz,0,0,2565,0.9167273
2565,./thermolysin_dw/thl_1p8A_grid_predictions_0.mtz,0,0,2566,0.9430437
2566,./thermolysin_dw/thl_1p8A_grid_predictions_0.mtz,0,0,2567,0.9643258
2567,./thermolysin_dw/thl_1p8A_grid_predictions_0.mtz,0,0,2568,0.927236
2568,./thermolysin_dw/thl_1p8A_grid_predictions_0.mtz,0,0,2569,0.84689724
2569,./thermolysin_dw/thl_1p8A_grid_predictions_0.mtz,0,0,2570,0.879148
2570,./thermolysin_dw/thl_1p8A_grid_predictions_0.mtz,0,0,2571,0.9260175
2571,./thermolysin_dw/thl_1p8A_grid_predictions_0.mtz,0,0,2572,0.91933537
2572,./thermolysin_dw/thl_1p8A_grid_predictions_0.mtz,0,0,2573,0.8870293
2573,./thermolysin_dw/thl_1p8A_grid_predictions_0.mtz,0,0,2574,0.943634
2574,./thermolysin_dw/thl_1p8A_grid_predictions_0.mtz,0,0,2575,0.912527
2575,./thermolysin_dw/thl_1p8A_grid_predictions_0.mtz,0,0,2576,0.94872147
2576,./thermolysin_dw/thl_1p8A_grid_predictions_0.mtz,0,0,2577,0.9264388
2577,./thermolysin_dw/thl_1p8A_grid_predictions_0.mtz,0,0,2578,0.93443704
2578,./thermolysin_dw/thl_1p8A_grid_predictions_0.mtz,0,0,2579,0.93253946
2579,./thermolysin_dw/thl_1p8A_grid_predictions_0.mtz,0,0,2580,0.7641016
2580,./thermolysin_dw/thl_1p8A_grid_predictions_0.mtz,0,0,2581,0.9570158
2581,./thermolysin_dw/thl_1p8A_grid_predictions_0.mtz,0,0,2582,0.942504
2582,./thermolysin_dw/thl_1p8A_grid_predictions_0.mtz,0,0,2583,0.91111064
2583,./thermolysin_dw/thl_1p8A_grid_predictions_0.mtz,0,0,2584,0.91105133
2584,./thermolysin_dw/thl_1p8A_grid_predictions_0.mtz,0,0,2585,0.94513875
2585,./thermolysin_dw/thl_1p8A_grid_predictions_0.mtz,0,0,2586,0.91897523
2586,./thermolysin_dw/thl_1p8A_grid_predictions_0.mtz,0,0,2587,0.92101926
2587,./thermolysin_dw/thl_1p8A_grid_predictions_0.mtz,0,0,2588,0.86636585
2588,./thermolysin_dw/thl_1p8A_grid_predictions_0.mtz,0,0,2589,0.9268573
2589,./thermolysin_dw/thl_1p8A_grid_predictions_0.mtz,0,0,2590,0.941176
2590,./thermolysin_dw/thl_1p8A_grid_predictions_0.mtz,0,0,2591,0.8879913
2591,./thermolysin_dw/thl_1p8A_grid_predictions_0.mtz,0,0,2592,0.83757615
2592,./thermolysin_dw/thl_1p8A_grid_predictions_0.mtz,0,0,2593,0.93441874
2593,./thermolysin_dw/thl_1p8A_grid_predictions_0.mtz,0,0,2594,0.87975883
2594,./thermolysin_dw/thl_1p8A_grid_predictions_0.mtz,0,0,2595,0.81283957
2595,./thermolysin_dw/thl_1p8A_grid_predictions_0.mtz,0,0,2596,0.9566418
2596,./thermolysin_dw/thl_1p8A_grid_predictions_0.mtz,0,0,2597,0.8713716
2597,./thermolysin_dw/thl_1p8A_grid_predictions_0.mtz,0,0,2598,0.93725634
2598,./thermolysin_dw/thl_1p8A_grid_predictions_0.mtz,0,0,2599,0.8394651
2599,./thermolysin_dw/thl_1p8A_grid_predictions_0.mtz,0,0,2600,0.87617266
2600,./thermolysin_dw/thl_1p8A_grid_predictions_0.mtz,0,0,2601,0.93002206
2601,./thermolysin_dw/thl_1p8A_grid_predictions_0.mtz,0,0,2602,0.7743227
2602,./thermolysin_dw/thl_1p8A_grid_predictions_0.mtz,0,0,2603,0.8956122
2603,./thermolysin_dw/thl_1p8A_grid_predictions_0.mtz,0,0,2604,0.9151799
2604,./thermolysin_dw/thl_1p8A_grid_predictions_0.mtz,0,0,2605,0.9610992
2605,./thermolysin_dw/thl_1p8A_grid_predictions_0.mtz,0,0,2606,0.80613625
2606,./thermolysin_dw/thl_1p8A_grid_predictions_0.mtz,0,0,2607,0.89881116
2607,./thermolysin_dw/thl_1p8A_grid_predictions_0.mtz,0,0,2608,0.91243255
2608,./thermolysin_dw/thl_1p8A_grid_predictions_0.mtz,0,0,2609,0.932749
2609,./thermolysin_dw/thl_1p8A_grid_predictions_0.mtz,0,0,2610,0.8970356
2610,./thermolysin_dw/thl_1p8A_grid_predictions_0.mtz,0,0,2611,0.9187517
2611,./thermolysin_dw/thl_1p8A_grid_predictions_0.mtz,0,0,2612,0.95298594
2612,./thermolysin_dw/thl_1p8A_grid_predictions_0.mtz,0,0,2613,0.93670005
2613,./thermolysin_dw/thl_1p8A_grid_predictions_0.mtz,0,0,2614,0.956811
2614,./thermolysin_dw/thl_1p8A_grid_predictions_0.mtz,0,0,2615,0.94203115
2615,./thermolysin_dw/thl_1p8A_grid_predictions_0.mtz,0,0,2616,0.9506447
2616,./thermolysin_dw/thl_1p8A_grid_predictions_0.mtz,0,0,2617,0.9381971
2617,./thermolysin_dw/thl_1p8A_grid_predictions_0.mtz,0,0,2618,0.8899839
2618,./thermolysin_dw/thl_1p8A_grid_predictions_0.mtz,0,0,2619,0.9599884
2619,./thermolysin_dw/thl_1p8A_grid_predictions_0.mtz,0,0,2620,0.8283955
2620,./thermolysin_dw/thl_1p8A_grid_predictions_0.mtz,0,0,2621,0.9073104
2621,./thermolysin_dw/thl_1p8A_grid_predictions_0.mtz,0,0,2622,0.924868
2622,./thermolysin_dw/thl_1p8A_grid_predictions_0.mtz,0,0,2623,0.86011106
2623,./thermolysin_dw/thl_1p8A_grid_predictions_0.mtz,0,0,2624,0.96929765
2624,./thermolysin_dw/thl_1p8A_grid_predictions_0.mtz,0,0,2625,0.93941456
2625,./thermolysin_dw/thl_1p8A_grid_predictions_0.mtz,0,0,2626,0.93011475
2626,./thermolysin_dw/thl_1p8A_grid_predictions_0.mtz,0,0,2627,0.9275472
2627,./thermolysin_dw/thl_1p8A_grid_predictions_0.mtz,0,0,2628,0.867586
2628,./thermolysin_dw/thl_1p8A_grid_predictions_0.mtz,0,0,2629,0.92574626
2629,./thermolysin_dw/thl_1p8A_grid_predictions_0.mtz,0,0,2630,0.93817055
2630,./thermolysin_dw/thl_1p8A_grid_predictions_0.mtz,0,0,2631,0.8453061
2631,./thermolysin_dw/thl_1p8A_grid_predictions_0.mtz,0,0,2632,0.96462446
2632,./thermolysin_dw/thl_1p8A_grid_predictions_0.mtz,0,0,2633,0.72039557
2633,./thermolysin_dw/thl_1p8A_grid_predictions_0.mtz,0,0,2634,0.91163874
2634,./thermolysin_dw/thl_1p8A_grid_predictions_0.mtz,0,0,2635,0.8164587
2635,./thermolysin_dw/thl_1p8A_grid_predictions_0.mtz,0,0,2636,0.9431727
2636,./thermolysin_dw/thl_1p8A_grid_predictions_0.mtz,0,0,2637,0.94385827
2637,./thermolysin_dw/thl_1p8A_grid_predictions_0.mtz,0,0,2638,0.89253956
2638,./thermolysin_dw/thl_1p8A_grid_predictions_0.mtz,0,0,2639,0.95288527
2639,./thermolysin_dw/thl_1p8A_grid_predictions_0.mtz,0,0,2640,0.9202074
2640,./thermolysin_dw/thl_1p8A_grid_predictions_0.mtz,0,0,2641,0.95320845
2641,./thermolysin_dw/thl_1p8A_grid_predictions_0.mtz,0,0,2642,0.9172338
2642,./thermolysin_dw/thl_1p8A_grid_predictions_0.mtz,0,0,2643,0.9414269
2643,./thermolysin_dw/thl_1p8A_grid_predictions_0.mtz,0,0,2644,0.8894879
2644,./thermolysin_dw/thl_1p8A_grid_predictions_0.mtz,0,0,2645,0.88068885
2645,./thermolysin_dw/thl_1p8A_grid_predictions_0.mtz,0,0,2646,0.89106077
2646,./thermolysin_dw/thl_1p8A_grid_predictions_0.mtz,0,0,2647,0.6914098
2647,./thermolysin_dw/thl_1p8A_grid_predictions_0.mtz,0,0,2648,0.88951206
2648,./thermolysin_dw/thl_1p8A_grid_predictions_0.mtz,0,0,2649,0.8493293
2649,./thermolysin_dw/thl_1p8A_grid_predictions_0.mtz,0,0,2650,0.90108377
2650,./thermolysin_dw/thl_1p8A_grid_predictions_0.mtz,0,0,2651,0.9278438
2651,./thermolysin_dw/thl_1p8A_grid_predictions_0.mtz,0,0,2652,0.9608022
2652,./thermolysin_dw/thl_1p8A_grid_predictions_0.mtz,0,0,2653,0.7600933
2653,./thermolysin_dw/thl_1p8A_grid_predictions_0.mtz,0,0,2654,0.86472
2654,./thermolysin_dw/thl_1p8A_grid_predictions_0.mtz,0,0,2655,0.8942508
2655,./thermolysin_dw/thl_1p8A_grid_predictions_0.mtz,0,0,2656,0.8657051
2656,./thermolysin_dw/thl_1p8A_grid_predictions_0.mtz,0,0,2657,0.7505656
2657,./thermolysin_dw/thl_1p8A_grid_predictions_0.mtz,0,0,2658,0.8957226
2658,./thermolysin_dw/thl_1p8A_grid_predictions_0.mtz,0,0,2659,0.92603713
2659,./thermolysin_dw/thl_1p8A_grid_predictions_0.mtz,0,0,2660,0.9548387
2660,./thermolysin_dw/thl_1p8A_grid_predictions_0.mtz,0,0,2661,0.9257284
2661,./thermolysin_dw/thl_1p8A_grid_predictions_0.mtz,0,0,2662,0.9300406
2662,./thermolysin_dw/thl_1p8A_grid_predictions_0.mtz,0,0,2663,0.91357714
2663,./thermolysin_dw/thl_1p8A_grid_predictions_0.mtz,0,0,2664,0.8362452
2664,./thermolysin_dw/thl_1p8A_grid_predictions_0.mtz,0,0,2665,0.8814478
2665,./thermolysin_dw/thl_1p8A_grid_predictions_0.mtz,0,0,2666,0.88944703
2666,./thermolysin_dw/thl_1p8A_grid_predictions_0.mtz,0,0,2667,0.92823035
2667,./thermolysin_dw/thl_1p8A_grid_predictions_0.mtz,0,0,2668,0.92774516
2668,./thermolysin_dw/thl_1p8A_grid_predictions_0.mtz,0,0,2669,0.9610557
2669,./thermolysin_dw/thl_1p8A_grid_predictions_0.mtz,0,0,2670,0.9644654
2670,./thermolysin_dw/thl_1p8A_grid_predictions_0.mtz,0,0,2671,0.8018003
2671,./thermolysin_dw/thl_1p8A_grid_predictions_0.mtz,0,0,2672,0.90356946
2672,./thermolysin_dw/thl_1p8A_grid_predictions_0.mtz,0,0,2673,0.8940118
2673,./thermolysin_dw/thl_1p8A_grid_predictions_0.mtz,0,0,2674,0.93354857
2674,./thermolysin_dw/thl_1p8A_grid_predictions_0.mtz,0,0,2675,0.915156
2675,./thermolysin_dw/thl_1p8A_grid_predictions_0.mtz,0,0,2676,0.9381758
2676,./thermolysin_dw/thl_1p8A_grid_predictions_0.mtz,0,0,2677,0.86899143
2677,./thermolysin_dw/thl_1p8A_grid_predictions_0.mtz,0,0,2678,0.9315773
2678,./thermolysin_dw/thl_1p8A_grid_predictions_0.mtz,0,0,2679,0.8831434
2679,./thermolysin_dw/thl_1p8A_grid_predictions_0.mtz,0,0,2680,0.8677234
2680,./thermolysin_dw/thl_1p8A_grid_predictions_0.mtz,0,0,2681,0.9120011
2681,./thermolysin_dw/thl_1p8A_grid_predictions_0.mtz,0,0,2682,0.93463236
2682,./thermolysin_dw/thl_1p8A_grid_predictions_0.mtz,0,0,2683,0.83097285
2683,./thermolysin_dw/thl_1p8A_grid_predictions_0.mtz,0,0,2684,0.960624
2684,./thermolysin_dw/thl_1p8A_grid_predictions_0.mtz,0,0,2685,0.7923806
2685,./thermolysin_dw/thl_1p8A_grid_predictions_0.mtz,0,0,2686,0.8650116
2686,./thermolysin_dw/thl_1p8A_grid_predictions_0.mtz,0,0,2687,0.8955744
2687,./thermolysin_dw/thl_1p8A_grid_predictions_0.mtz,0,0,2688,0.93280953
2688,./thermolysin_dw/thl_1p8A_grid_predictions_0.mtz,0,0,2689,0.89884883
2689,./thermolysin_dw/thl_1p8A_grid_predictions_0.mtz,0,0,2690,0.9434368
2690,./thermolysin_dw/thl_1p8A_grid_predictions_0.mtz,0,0,2691,0.9335704
2691,./thermolysin_dw/thl_1p8A_grid_predictions_0.mtz,0,0,2692,0.8950975
2692,./thermolysin_dw/thl_1p8A_grid_predictions_0.mtz,0,0,2693,0.9679534
2693,./thermolysin_dw/thl_1p8A_grid_predictions_0.mtz,0,0,2694,0.8154146
2694,./thermolysin_dw/thl_1p8A_grid_predictions_0.mtz,0,0,2695,0.8944506
2695,./thermolysin_dw/thl_1p8A_grid_predictions_0.mtz,0,0,2696,0.8857495
2696,./thermolysin_dw/thl_1p8A_grid_predictions_0.mtz,0,0,2697,0.88525224
2697,./thermolysin_dw/thl_1p8A_grid_predictions_0.mtz,0,0,2698,0.90922004
2698,./thermolysin_dw/thl_1p8A_grid_predictions_0.mtz,0,0,2699,0.9225645
2699,./thermolysin_dw/thl_1p8A_grid_predictions_0.mtz,0,0,2700,0.94317126
2700,./thermolysin_dw/thl_1p8A_grid_predictions_0.mtz,0,0,2701,0.90255356
2701,./thermolysin_dw/thl_1p8A_grid_predictions_0.mtz,0,0,2702,0.84501415
2702,./thermolysin_dw/thl_1p8A_grid_predictions_0.mtz,0,0,2703,0.96943974
2703,./thermolysin_dw/thl_1p8A_grid_predictions_0.mtz,0,0,2704,0.9158754
2704,./thermolysin_dw/thl_1p8A_grid_predictions_0.mtz,0,0,2705,0.9817683
2705,./thermolysin_dw/thl_1p8A_grid_predictions_0.mtz,0,0,2706,0.9220483
2706,./thermolysin_dw/thl_1p8A_grid_predictions_0.mtz,0,0,2707,0.954876
2707,./thermolysin_dw/thl_1p8A_grid_predictions_0.mtz,0,0,2708,0.93382275
2708,./thermolysin_dw/thl_1p8A_grid_predictions_0.mtz,0,0,2709,0.90527534
2709,./thermolysin_dw/thl_1p8A_grid_predictions_0.mtz,0,0,2710,0.9661646
2710,./thermolysin_dw/thl_1p8A_grid_predictions_0.mtz,0,0,2711,0.95580673
2711,./thermolysin_dw/thl_1p8A_grid_predictions_0.mtz,0,0,2712,0.9437525
2712,./thermolysin_dw/thl_1p8A_grid_predictions_0.mtz,0,0,2713,0.9801389
2713,./thermolysin_dw/thl_1p8A_grid_predictions_0.mtz,0,0,2714,0.93870854
2714,./thermolysin_dw/thl_1p8A_grid_predictions_0.mtz,0,0,2715,0.1500535
2715,./thermolysin_dw/thl_1p8A_grid_predictions_0.mtz,0,0,2716,0.7581661
2716,./thermolysin_dw/thl_1p8A_grid_predictions_0.mtz,0,0,2717,0.9630226
2717,./thermolysin_dw/thl_1p8A_grid_predictions_0.mtz,0,0,2718,0.9379755
2718,./thermolysin_dw/thl_1p8A_grid_predictions_0.mtz,0,0,2719,0.9599406
2719,./thermolysin_dw/thl_1p8A_grid_predictions_0.mtz,0,0,2720,0.9081437
2720,./thermolysin_dw/thl_1p8A_grid_predictions_0.mtz,0,0,2721,0.9626917
2721,./thermolysin_dw/thl_1p8A_grid_predictions_0.mtz,0,0,2722,0.9288553
2722,./thermolysin_dw/thl_1p8A_grid_predictions_0.mtz,0,0,2723,0.95255953
2723,./thermolysin_dw/thl_1p8A_grid_predictions_0.mtz,0,0,2724,0.90575266
2724,./thermolysin_dw/thl_1p8A_grid_predictions_0.mtz,0,0,2725,0.81739366
2725,./thermolysin_dw/thl_1p8A_grid_predictions_0.mtz,0,0,2726,0.8954697
2726,./thermolysin_dw/thl_1p8A_grid_predictions_0.mtz,0,0,2727,0.58977884
2727,./thermolysin_dw/thl_1p8A_grid_predictions_0.mtz,0,0,2728,0.94474244
2728,./thermolysin_dw/thl_1p8A_grid_predictions_0.mtz,0,0,2729,0.9740734
2729,./thermolysin_dw/thl_1p8A_grid_predictions_0.mtz,0,0,2730,0.92714316
2730,./thermolysin_dw/thl_1p8A_grid_predictions_0.mtz,0,0,2731,0.8895793
2731,./thermolysin_dw/thl_1p8A_grid_predictions_0.mtz,0,0,2732,0.78126127
2732,./thermolysin_dw/thl_1p8A_grid_predictions_0.mtz,0,0,2733,0.9354922
2733,./thermolysin_dw/thl_1p8A_grid_predictions_0.mtz,0,0,2734,0.90155387
2734,./thermolysin_dw/thl_1p8A_grid_predictions_0.mtz,0,0,2735,0.9678598
2735,./thermolysin_dw/thl_1p8A_grid_predictions_0.mtz,0,0,2736,0.9161883
2736,./thermolysin_dw/thl_1p8A_grid_predictions_0.mtz,0,0,2737,0.76112443
2737,./thermolysin_dw/thl_1p8A_grid_predictions_0.mtz,0,0,2738,0.90147406
2738,./thermolysin_dw/thl_1p8A_grid_predictions_0.mtz,0,0,2739,0.9610302
2739,./thermolysin_dw/thl_1p8A_grid_predictions_0.mtz,0,0,2740,0.8607123
2740,./thermolysin_dw/thl_1p8A_grid_predictions_0.mtz,0,0,2741,0.94812536
2741,./thermolysin_dw/thl_1p8A_grid_predictions_0.mtz,0,0,2742,0.7865861
2742,./thermolysin_dw/thl_1p8A_grid_predictions_0.mtz,0,0,2743,0.8700091
2743,./thermolysin_dw/thl_1p8A_grid_predictions_0.mtz,0,0,2744,0.92654943
2744,./thermolysin_dw/thl_1p8A_grid_predictions_0.mtz,0,0,2745,0.924855
2745,./thermolysin_dw/thl_1p8A_grid_predictions_0.mtz,0,0,2746,0.8980923
2746,./thermolysin_dw/thl_1p8A_grid_predictions_0.mtz,0,0,2747,0.9306874
2747,./thermolysin_dw/thl_1p8A_grid_predictions_0.mtz,0,0,2748,0.75031865
2748,./thermolysin_dw/thl_1p8A_grid_predictions_0.mtz,0,0,2749,0.90511584
2749,./thermolysin_dw/thl_1p8A_grid_predictions_0.mtz,0,0,2750,0.8836398
2750,./thermolysin_dw/thl_1p8A_grid_predictions_0.mtz,0,0,2751,0.91800624
2751,./thermolysin_dw/thl_1p8A_grid_predictions_0.mtz,0,0,2752,0.96173084
2752,./thermolysin_dw/thl_1p8A_grid_predictions_0.mtz,0,0,2753,0.94463503
2753,./thermolysin_dw/thl_1p8A_grid_predictions_0.mtz,0,0,2754,0.85732293
2754,./thermolysin_dw/thl_1p8A_grid_predictions_0.mtz,0,0,2755,0.9521979
2755,./thermolysin_dw/thl_1p8A_grid_predictions_0.mtz,0,0,2756,0.926303
2756,./thermolysin_dw/thl_1p8A_grid_predictions_0.mtz,0,0,2757,0.9016058
2757,./thermolysin_dw/thl_1p8A_grid_predictions_0.mtz,0,0,2758,0.93815255
2758,./thermolysin_dw/thl_1p8A_grid_predictions_0.mtz,0,0,2759,0.9472334
2759,./thermolysin_dw/thl_1p8A_grid_predictions_0.mtz,0,0,2760,0.94435966
2760,./thermolysin_dw/thl_1p8A_grid_predictions_0.mtz,0,0,2761,0.9360859
2761,./thermolysin_dw/thl_1p8A_grid_predictions_0.mtz,0,0,2762,0.88781494
2762,./thermolysin_dw/thl_1p8A_grid_predictions_0.mtz,0,0,2763,0.80456
2763,./thermolysin_dw/thl_1p8A_grid_predictions_0.mtz,0,0,2764,0.7471184
2764,./thermolysin_dw/thl_1p8A_grid_predictions_0.mtz,0,0,2765,0.8959195
2765,./thermolysin_dw/thl_1p8A_grid_predictions_0.mtz,0,0,2766,0.9419908
2766,./thermolysin_dw/thl_1p8A_grid_predictions_0.mtz,0,0,2767,0.9048732
2767,./thermolysin_dw/thl_1p8A_grid_predictions_0.mtz,0,0,2768,0.8986385
2768,./thermolysin_dw/thl_1p8A_grid_predictions_0.mtz,0,0,2769,0.9572553
2769,./thermolysin_dw/thl_1p8A_grid_predictions_0.mtz,0,0,2770,0.9402691
2770,./thermolysin_dw/thl_1p8A_grid_predictions_0.mtz,0,0,2771,0.9048458
2771,./thermolysin_dw/thl_1p8A_grid_predictions_0.mtz,0,0,2772,0.91125476
2772,./thermolysin_dw/thl_1p8A_grid_predictions_0.mtz,0,0,2773,0.9420441
2773,./thermolysin_dw/thl_1p8A_grid_predictions_0.mtz,0,0,2774,0.8076418
2774,./thermolysin_dw/thl_1p8A_grid_predictions_0.mtz,0,0,2775,0.76394516
2775,./thermolysin_dw/thl_1p8A_grid_predictions_0.mtz,0,0,2776,0.86025214
2776,./thermolysin_dw/thl_1p8A_grid_predictions_0.mtz,0,0,2777,0.9645423
2777,./thermolysin_dw/thl_1p8A_grid_predictions_0.mtz,0,0,2778,0.86835235
2778,./thermolysin_dw/thl_1p8A_grid_predictions_0.mtz,0,0,2779,0.9437521
2779,./thermolysin_dw/thl_1p8A_grid_predictions_0.mtz,0,0,2780,0.9093116
2780,./thermolysin_dw/thl_1p8A_grid_predictions_0.mtz,0,0,2781,0.6885895
2781,./thermolysin_dw/thl_1p8A_grid_predictions_0.mtz,0,0,2782,0.9280429
2782,./thermolysin_dw/thl_1p8A_grid_predictions_0.mtz,0,0,2783,0.89126897
2783,./thermolysin_dw/thl_1p8A_grid_predictions_0.mtz,0,0,2784,0.8502044
2784,./thermolysin_dw/thl_1p8A_grid_predictions_0.mtz,0,0,2785,0.9242979
2785,./thermolysin_dw/thl_1p8A_grid_predictions_0.mtz,0,0,2786,0.9430551
2786,./thermolysin_dw/thl_1p8A_grid_predictions_0.mtz,0,0,2787,0.79327583
2787,./thermolysin_dw/thl_1p8A_grid_predictions_0.mtz,0,0,2788,0.979637
2788,./thermolysin_dw/thl_1p8A_grid_predictions_0.mtz,0,0,2789,0.9532089
2789,./thermolysin_dw/thl_1p8A_grid_predictions_0.mtz,0,0,2790,0.84444964
2790,./thermolysin_dw/thl_1p8A_grid_predictions_0.mtz,0,0,2791,0.8574035
2791,./thermolysin_dw/thl_1p8A_grid_predictions_0.mtz,0,0,2792,0.90215415
2792,./thermolysin_dw/thl_1p8A_grid_predictions_0.mtz,0,0,2793,0.9127347
2793,./thermolysin_dw/thl_1p8A_grid_predictions_0.mtz,0,0,2794,0.93004155
2794,./thermolysin_dw/thl_1p8A_grid_predictions_0.mtz,0,0,2795,0.9408509
2795,./thermolysin_dw/thl_1p8A_grid_predictions_0.mtz,0,0,2796,0.966752
2796,./thermolysin_dw/thl_1p8A_grid_predictions_0.mtz,0,0,2797,0.8250698
2797,./thermolysin_dw/thl_1p8A_grid_predictions_0.mtz,0,0,2798,0.90208745
2798,./thermolysin_dw/thl_1p8A_grid_predictions_0.mtz,0,0,2799,0.9325518
2799,./thermolysin_dw/thl_1p8A_grid_predictions_0.mtz,0,0,2800,0.92647797
2800,./thermolysin_dw/thl_1p8A_grid_predictions_0.mtz,0,0,2801,0.9673124
2801,./thermolysin_dw/thl_1p8A_grid_predictions_0.mtz,0,0,2802,0.9285985
2802,./thermolysin_dw/thl_1p8A_grid_predictions_0.mtz,0,0,2803,0.93335754
2803,./thermolysin_dw/thl_1p8A_grid_predictions_0.mtz,0,0,2804,0.9137204
2804,./thermolysin_dw/thl_1p8A_grid_predictions_0.mtz,0,0,2805,0.8418637
2805,./thermolysin_dw/thl_1p8A_grid_predictions_0.mtz,0,0,2806,0.91091007
2806,./thermolysin_dw/thl_1p8A_grid_predictions_0.mtz,0,0,2807,0.8993977
2807,./thermolysin_dw/thl_1p8A_grid_predictions_0.mtz,0,0,2808,0.8457434
2808,./thermolysin_dw/thl_1p8A_grid_predictions_0.mtz,0,0,2809,0.9279254
2809,./thermolysin_dw/thl_1p8A_grid_predictions_0.mtz,0,0,2810,0.9189174
2810,./thermolysin_dw/thl_1p8A_grid_predictions_0.mtz,0,0,2811,0.9249179
2811,./thermolysin_dw/thl_1p8A_grid_predictions_0.mtz,0,0,2812,0.9754301
2812,./thermolysin_dw/thl_1p8A_grid_predictions_0.mtz,0,0,2813,0.82404
2813,./thermolysin_dw/thl_1p8A_grid_predictions_0.mtz,0,0,2814,0.88990223
2814,./thermolysin_dw/thl_1p8A_grid_predictions_0.mtz,0,0,2815,0.9045977
2815,./thermolysin_dw/thl_1p8A_grid_predictions_0.mtz,0,0,2816,0.8238613
2816,./thermolysin_dw/thl_1p8A_grid_predictions_0.mtz,0,0,2817,0.852373
2817,./thermolysin_dw/thl_1p8A_grid_predictions_0.mtz,0,0,2818,0.9313225
2818,./thermolysin_dw/thl_1p8A_grid_predictions_0.mtz,0,0,2819,0.89474803
2819,./thermolysin_dw/thl_1p8A_grid_predictions_0.mtz,0,0,2820,0.91550577
2820,./thermolysin_dw/thl_1p8A_grid_predictions_0.mtz,0,0,2821,0.88961
2821,./thermolysin_dw/thl_1p8A_grid_predictions_0.mtz,0,0,2822,0.88442904
2822,./thermolysin_dw/thl_1p8A_grid_predictions_0.mtz,0,0,2823,0.9108171
2823,./thermolysin_dw/thl_1p8A_grid_predictions_0.mtz,0,0,2824,0.96779716
2824,./thermolysin_dw/thl_1p8A_grid_predictions_0.mtz,0,0,2825,0.9143417
2825,./thermolysin_dw/thl_1p8A_grid_predictions_0.mtz,0,0,2826,0.80758965
2826,./thermolysin_dw/thl_1p8A_grid_predictions_0.mtz,0,0,2827,0.96385604
2827,./thermolysin_dw/thl_1p8A_grid_predictions_0.mtz,0,0,2828,0.8870792
2828,./thermolysin_dw/thl_1p8A_grid_predictions_0.mtz,0,0,2829,0.93897265
2829,./thermolysin_dw/thl_1p8A_grid_predictions_0.mtz,0,0,2830,0.86154217
2830,./thermolysin_dw/thl_1p8A_grid_predictions_0.mtz,0,0,2831,0.76193964
2831,./thermolysin_dw/thl_1p8A_grid_predictions_0.mtz,0,0,2832,0.80129844
2832,./thermolysin_dw/thl_1p8A_grid_predictions_0.mtz,0,0,2833,0.9638333
2833,./thermolysin_dw/thl_1p8A_grid_predictions_0.mtz,0,0,2834,0.9375998
2834,./thermolysin_dw/thl_1p8A_grid_predictions_0.mtz,0,0,2835,0.86526066
2835,./thermolysin_dw/thl_1p8A_grid_predictions_0.mtz,0,0,2836,0.9321346
2836,./thermolysin_dw/thl_1p8A_grid_predictions_0.mtz,0,0,2837,0.9362164
2837,./thermolysin_dw/thl_1p8A_grid_predictions_0.mtz,0,0,2838,0.7263354
2838,./thermolysin_dw/thl_1p8A_grid_predictions_0.mtz,0,0,2839,0.8798903
2839,./thermolysin_dw/thl_1p8A_grid_predictions_0.mtz,0,0,2840,0.86458427
2840,./thermolysin_dw/thl_1p8A_grid_predictions_0.mtz,0,0,2841,0.8144884
2841,./thermolysin_dw/thl_1p8A_grid_predictions_0.mtz,0,0,2842,0.8260857
2842,./thermolysin_dw/thl_1p8A_grid_predictions_0.mtz,0,0,2843,0.8843674
2843,./thermolysin_dw/thl_1p8A_grid_predictions_0.mtz,0,0,2844,0.8955682
2844,./thermolysin_dw/thl_1p8A_grid_predictions_0.mtz,0,0,2845,0.96604645
2845,./thermolysin_dw/thl_1p8A_grid_predictions_0.mtz,0,0,2846,0.9208278
2846,./thermolysin_dw/thl_1p8A_grid_predictions_0.mtz,0,0,2847,0.9214118
2847,./thermolysin_dw/thl_1p8A_grid_predictions_0.mtz,0,0,2848,0.9038657
2848,./thermolysin_dw/thl_1p8A_grid_predictions_0.mtz,0,0,2849,0.8691097
2849,./thermolysin_dw/thl_1p8A_grid_predictions_0.mtz,0,0,2850,0.9561406
2850,./thermolysin_dw/thl_1p8A_grid_predictions_0.mtz,0,0,2851,0.9696648
2851,./thermolysin_dw/thl_1p8A_grid_predictions_0.mtz,0,0,2852,0.9066805
2852,./thermolysin_dw/thl_1p8A_grid_predictions_0.mtz,0,0,2853,0.86262554
2853,./thermolysin_dw/thl_1p8A_grid_predictions_0.mtz,0,0,2854,0.8770323
2854,./thermolysin_dw/thl_1p8A_grid_predictions_0.mtz,0,0,2855,0.9139418
2855,./thermolysin_dw/thl_1p8A_grid_predictions_0.mtz,0,0,2856,0.85579705
2856,./thermolysin_dw/thl_1p8A_grid_predictions_0.mtz,0,0,2857,0.91218585
2857,./thermolysin_dw/thl_1p8A_grid_predictions_0.mtz,0,0,2858,0.90975
2858,./thermolysin_dw/thl_1p8A_grid_predictions_0.mtz,0,0,2859,0.883092
2859,./thermolysin_dw/thl_1p8A_grid_predictions_0.mtz,0,0,2860,0.8794107
2860,./thermolysin_dw/thl_1p8A_grid_predictions_0.mtz,0,0,2861,0.81178707
2861,./thermolysin_dw/thl_1p8A_grid_predictions_0.mtz,0,0,2862,0.9345631
2862,./thermolysin_dw/thl_1p8A_grid_predictions_0.mtz,0,0,2863,0.8849948
2863,./thermolysin_dw/thl_1p8A_grid_predictions_0.mtz,0,0,2864,0.9380252
2864,./thermolysin_dw/thl_1p8A_grid_predictions_0.mtz,0,0,2865,0.8981257
2865,./thermolysin_dw/thl_1p8A_grid_predictions_0.mtz,0,0,2866,0.9125139
2866,./thermolysin_dw/thl_1p8A_grid_predictions_0.mtz,0,0,2867,0.94309807
2867,./thermolysin_dw/thl_1p8A_grid_predictions_0.mtz,0,0,2868,0.7047478
2868,./thermolysin_dw/thl_1p8A_grid_predictions_0.mtz,0,0,2869,0.960203
2869,./thermolysin_dw/thl_1p8A_grid_predictions_0.mtz,0,0,2870,0.9554176
2870,./thermolysin_dw/thl_1p8A_grid_predictions_0.mtz,0,0,2871,0.8829355
2871,./thermolysin_dw/thl_1p8A_grid_predictions_0.mtz,0,0,2872,0.9189668
2872,./thermolysin_dw/thl_1p8A_grid_predictions_0.mtz,0,0,2873,0.9361394
2873,./thermolysin_dw/thl_1p8A_grid_predictions_0.mtz,0,0,2874,0.9309654
2874,./thermolysin_dw/thl_1p8A_grid_predictions_0.mtz,0,0,2875,0.7839282
2875,./thermolysin_dw/thl_1p8A_grid_predictions_0.mtz,0,0,2876,0.9543158
2876,./thermolysin_dw/thl_1p8A_grid_predictions_0.mtz,0,0,2877,0.90532374
2877,./thermolysin_dw/thl_1p8A_grid_predictions_0.mtz,0,0,2878,0.9353575
2878,./thermolysin_dw/thl_1p8A_grid_predictions_0.mtz,0,0,2879,0.9435733
2879,./thermolysin_dw/thl_1p8A_grid_predictions_0.mtz,0,0,2880,0.8986053
2880,./thermolysin_dw/thl_1p8A_grid_predictions_0.mtz,0,0,2881,0.8579145
2881,./thermolysin_dw/thl_1p8A_grid_predictions_0.mtz,0,0,2882,0.8541301
2882,./thermolysin_dw/thl_1p8A_grid_predictions_0.mtz,0,0,2883,0.76055646
2883,./thermolysin_dw/thl_1p8A_grid_predictions_0.mtz,0,0,2884,0.9409065
2884,./thermolysin_dw/thl_1p8A_grid_predictions_0.mtz,0,0,2885,0.8356537
2885,./thermolysin_dw/thl_1p8A_grid_predictions_0.mtz,0,0,2886,0.93561375
2886,./thermolysin_dw/thl_1p8A_grid_predictions_0.mtz,0,0,2887,0.9569526
2887,./thermolysin_dw/thl_1p8A_grid_predictions_0.mtz,0,0,2888,0.9258246
2888,./thermolysin_dw/thl_1p8A_grid_predictions_0.mtz,0,0,2889,0.92241156
2889,./thermolysin_dw/thl_1p8A_grid_predictions_0.mtz,0,0,2890,0.9713051
2890,./thermolysin_dw/thl_1p8A_grid_predictions_0.mtz,0,0,2891,0.90557843
2891,./thermolysin_dw/thl_1p8A_grid_predictions_0.mtz,0,0,2892,0.768263
2892,./thermolysin_dw/thl_1p8A_grid_predictions_0.mtz,0,0,2893,0.9204079
2893,./thermolysin_dw/thl_1p8A_grid_predictions_0.mtz,0,0,2894,0.90692365
2894,./thermolysin_dw/thl_1p8A_grid_predictions_0.mtz,0,0,2895,0.95326555
2895,./thermolysin_dw/thl_1p8A_grid_predictions_0.mtz,0,0,2896,0.9278709
2896,./thermolysin_dw/thl_1p8A_grid_predictions_0.mtz,0,0,2897,0.79353034
2897,./thermolysin_dw/thl_1p8A_grid_predictions_0.mtz,0,0,2898,0.9401392
2898,./thermolysin_dw/thl_1p8A_grid_predictions_0.mtz,0,0,2899,0.940877
2899,./thermolysin_dw/thl_1p8A_grid_predictions_0.mtz,0,0,2900,0.9290291
2900,./thermolysin_dw/thl_1p8A_grid_predictions_0.mtz,0,0,2901,0.8004665
2901,./thermolysin_dw/thl_1p8A_grid_predictions_0.mtz,0,0,2902,0.94701815
2902,./thermolysin_dw/thl_1p8A_grid_predictions_0.mtz,0,0,2903,0.9034544
2903,./thermolysin_dw/thl_1p8A_grid_predictions_0.mtz,0,0,2904,0.8960175
2904,./thermolysin_dw/thl_1p8A_grid_predictions_0.mtz,0,0,2905,0.89563394
2905,./thermolysin_dw/thl_1p8A_grid_predictions_0.mtz,0,0,2906,0.8817022
2906,./thermolysin_dw/thl_1p8A_grid_predictions_0.mtz,0,0,2907,0.7365299
2907,./thermolysin_dw/thl_1p8A_grid_predictions_0.mtz,0,0,2908,0.89293504
2908,./thermolysin_dw/thl_1p8A_grid_predictions_0.mtz,0,0,2909,0.8014684
2909,./thermolysin_dw/thl_1p8A_grid_predictions_0.mtz,0,0,2910,0.85544693
2910,./thermolysin_dw/thl_1p8A_grid_predictions_0.mtz,0,0,2911,0.86017025
2911,./thermolysin_dw/thl_1p8A_grid_predictions_0.mtz,0,0,2912,0.9435087
2912,./thermolysin_dw/thl_1p8A_grid_predictions_0.mtz,0,0,2913,0.96966225
2913,./thermolysin_dw/thl_1p8A_grid_predictions_0.mtz,0,0,2914,0.93513036
2914,./thermolysin_dw/thl_1p8A_grid_predictions_0.mtz,0,0,2915,0.8898504
2915,./thermolysin_dw/thl_1p8A_grid_predictions_0.mtz,0,0,2916,0.8781832
2916,./thermolysin_dw/thl_1p8A_grid_predictions_0.mtz,0,0,2917,0.96382266
2917,./thermolysin_dw/thl_1p8A_grid_predictions_0.mtz,0,0,2918,0.7964454
2918,./thermolysin_dw/thl_1p8A_grid_predictions_0.mtz,0,0,2919,0.963214
2919,./thermolysin_dw/thl_1p8A_grid_predictions_0.mtz,0,0,2920,0.8523618
2920,./thermolysin_dw/thl_1p8A_grid_predictions_0.mtz,0,0,2921,0.9138172
2921,./thermolysin_dw/thl_1p8A_grid_predictions_0.mtz,0,0,2922,0.91502696
2922,./thermolysin_dw/thl_1p8A_grid_predictions_0.mtz,0,0,2923,0.8595632
2923,./thermolysin_dw/thl_1p8A_grid_predictions_0.mtz,0,0,2924,0.8558865
2924,./thermolysin_dw/thl_1p8A_grid_predictions_0.mtz,0,0,2925,0.862619
2925,./thermolysin_dw/thl_1p8A_grid_predictions_0.mtz,0,0,2926,0.82513773
2926,./thermolysin_dw/thl_1p8A_grid_predictions_0.mtz,0,0,2927,0.9754566
2927,./thermolysin_dw/thl_1p8A_grid_predictions_0.mtz,0,0,2928,0.83964646
2928,./thermolysin_dw/thl_1p8A_grid_predictions_0.mtz,0,0,2929,0.93700534
2929,./thermolysin_dw/thl_1p8A_grid_predictions_0.mtz,0,0,2930,0.94934046
2930,./thermolysin_dw/thl_1p8A_grid_predictions_0.mtz,0,0,2931,0.95365924
2931,./thermolysin_dw/thl_1p8A_grid_predictions_0.mtz,0,0,2932,0.83903927
2932,./thermolysin_dw/thl_1p8A_grid_predictions_0.mtz,0,0,2933,0.8928712
2933,./thermolysin_dw/thl_1p8A_grid_predictions_0.mtz,0,0,2934,0.9404289
2934,./thermolysin_dw/thl_1p8A_grid_predictions_0.mtz,0,0,2935,0.91515946
2935,./thermolysin_dw/thl_1p8A_grid_predictions_0.mtz,0,0,2936,0.813431
2936,./thermolysin_dw/thl_1p8A_grid_predictions_0.mtz,0,0,2937,0.94240123
2937,./thermolysin_dw/thl_1p8A_grid_predictions_0.mtz,0,0,2938,0.8994811
2938,./thermolysin_dw/thl_1p8A_grid_predictions_0.mtz,0,0,2939,0.9241628
2939,./thermolysin_dw/thl_1p8A_grid_predictions_0.mtz,0,0,2940,0.8824781
2940,./thermolysin_dw/thl_1p8A_grid_predictions_0.mtz,0,0,2941,0.9513802
2941,./thermolysin_dw/thl_1p8A_grid_predictions_0.mtz,0,0,2942,0.95809436
2942,./thermolysin_dw/thl_1p8A_grid_predictions_0.mtz,0,0,2943,0.93724465
2943,./thermolysin_dw/thl_1p8A_grid_predictions_0.mtz,0,0,2944,0.89393955
2944,./thermolysin_dw/thl_1p8A_grid_predictions_0.mtz,0,0,2945,0.932538
2945,./thermolysin_dw/thl_1p8A_grid_predictions_0.mtz,0,0,2946,0.8917899
2946,./thermolysin_dw/thl_1p8A_grid_predictions_0.mtz,0,0,2947,0.97629744
2947,./thermolysin_dw/thl_1p8A_grid_predictions_0.mtz,0,0,2948,0.9504724
2948,./thermolysin_dw/thl_1p8A_grid_predictions_0.mtz,0,0,2949,0.84742427
2949,./thermolysin_dw/thl_1p8A_grid_predictions_0.mtz,0,0,2950,0.9590718
2950,./thermolysin_dw/thl_1p8A_grid_predictions_0.mtz,0,0,2951,0.9288446
2951,./thermolysin_dw/thl_1p8A_grid_predictions_0.mtz,0,0,2952,0.9313368
2952,./thermolysin_dw/thl_1p8A_grid_predictions_0.mtz,0,0,2953,0.8260558
2953,./thermolysin_dw/thl_1p8A_grid_predictions_0.mtz,0,0,2954,0.9123763
2954,./thermolysin_dw/thl_1p8A_grid_predictions_0.mtz,0,0,2955,0.84880453
2955,./thermolysin_dw/thl_1p8A_grid_predictions_0.mtz,0,0,2956,0.9179043
2956,./thermolysin_dw/thl_1p8A_grid_predictions_0.mtz,0,0,2957,0.877393
2957,./thermolysin_dw/thl_1p8A_grid_predictions_0.mtz,0,0,2958,0.7674342
2958,./thermolysin_dw/thl_1p8A_grid_predictions_0.mtz,0,0,2959,0.84132093
2959,./thermolysin_dw/thl_1p8A_grid_predictions_0.mtz,0,0,2960,0.92723465
2960,./thermolysin_dw/thl_1p8A_grid_predictions_0.mtz,0,0,2961,0.92772263
2961,./thermolysin_dw/thl_1p8A_grid_predictions_0.mtz,0,0,2962,0.9266968
2962,./thermolysin_dw/thl_1p8A_grid_predictions_0.mtz,0,0,2963,0.96667147
2963,./thermolysin_dw/thl_1p8A_grid_predictions_0.mtz,0,0,2964,0.80340767
2964,./thermolysin_dw/thl_1p8A_grid_predictions_0.mtz,0,0,2965,0.9441317
2965,./thermolysin_dw/thl_1p8A_grid_predictions_0.mtz,0,0,2966,0.9266205
2966,./thermolysin_dw/thl_1p8A_grid_predictions_0.mtz,0,0,2967,0.97164816
2967,./thermolysin_dw/thl_1p8A_grid_predictions_0.mtz,0,0,2968,0.93299717
2968,./thermolysin_dw/thl_1p8A_grid_predictions_0.mtz,0,0,2969,0.8426399
2969,./thermolysin_dw/thl_1p8A_grid_predictions_0.mtz,0,0,2970,0.822666
2970,./thermolysin_dw/thl_1p8A_grid_predictions_0.mtz,0,0,2971,0.968389
2971,./thermolysin_dw/thl_1p8A_grid_predictions_0.mtz,0,0,2972,0.95179665
2972,./thermolysin_dw/thl_1p8A_grid_predictions_0.mtz,0,0,2973,0.9261398
2973,./thermolysin_dw/thl_1p8A_grid_predictions_0.mtz,0,0,2974,0.893714
2974,./thermolysin_dw/thl_1p8A_grid_predictions_0.mtz,0,0,2975,0.8764788
2975,./thermolysin_dw/thl_1p8A_grid_predictions_0.mtz,0,0,2976,0.92449003
2976,./thermolysin_dw/thl_1p8A_grid_predictions_0.mtz,0,0,2977,0.56319916
2977,./thermolysin_dw/thl_1p8A_grid_predictions_0.mtz,0,0,2978,0.9155664
2978,./thermolysin_dw/thl_1p8A_grid_predictions_0.mtz,0,0,2979,0.9308865
2979,./thermolysin_dw/thl_1p8A_grid_predictions_0.mtz,0,0,2980,0.964399
2980,./thermolysin_dw/thl_1p8A_grid_predictions_0.mtz,0,0,2981,0.92111826
2981,./thermolysin_dw/thl_1p8A_grid_predictions_0.mtz,0,0,2982,0.93866116
2982,./thermolysin_dw/thl_1p8A_grid_predictions_0.mtz,0,0,2983,0.9731275
2983,./thermolysin_dw/thl_1p8A_grid_predictions_0.mtz,0,0,2984,0.8218001
2984,./thermolysin_dw/thl_1p8A_grid_predictions_0.mtz,0,0,2985,0.915987
2985,./thermolysin_dw/thl_1p8A_grid_predictions_0.mtz,0,0,2986,0.8982101
2986,./thermolysin_dw/thl_1p8A_grid_predictions_0.mtz,0,0,2987,0.9074054
2987,./thermolysin_dw/thl_1p8A_grid_predictions_0.mtz,0,0,2988,0.8922839
2988,./thermolysin_dw/thl_1p8A_grid_predictions_0.mtz,0,0,2989,0.93677795
2989,./thermolysin_dw/thl_1p8A_grid_predictions_0.mtz,0,0,2990,0.86168355
2990,./thermolysin_dw/thl_1p8A_grid_predictions_0.mtz,0,0,2991,0.912412
2991,./thermolysin_dw/thl_1p8A_grid_predictions_0.mtz,0,0,2992,0.936109
2992,./thermolysin_dw/thl_1p8A_grid_predictions_0.mtz,0,0,2993,0.8523725
2993,./thermolysin_dw/thl_1p8A_grid_predictions_0.mtz,0,0,2994,0.9458988
2994,./thermolysin_dw/thl_1p8A_grid_predictions_0.mtz,0,0,2995,0.9040272
2995,./thermolysin_dw/thl_1p8A_grid_predictions_0.mtz,0,0,2996,0.8262705
2996,./thermolysin_dw/thl_1p8A_grid_predictions_0.mtz,0,0,2997,0.92731315
2997,./thermolysin_dw/thl_1p8A_grid_predictions_0.mtz,0,0,2998,0.9542991
2998,./thermolysin_dw/thl_1p8A_grid_predictions_0.mtz,0,0,2999,0.827767
2999,./thermolysin_dw/thl_1p8A_grid_predictions_0.mtz,0,0,3000,0.9691405
3000,./thermolysin_dw/thl_1p8A_grid_predictions_0.mtz,0,0,3001,0.76701075
3001,./thermolysin_dw/thl_1p8A_grid_predictions_0.mtz,0,0,3002,0.90047383
3002,./thermolysin_dw/thl_1p8A_grid_predictions_0.mtz,0,0,3003,0.8920889
3003,./thermolysin_dw/thl_1p8A_grid_predictions_0.mtz,0,0,3004,0.9215177
3004,./thermolysin_dw/thl_1p8A_grid_predictions_0.mtz,0,0,3005,0.91937006
3005,./thermolysin_dw/thl_1p8A_grid_predictions_0.mtz,0,0,3006,0.629309
3006,./thermolysin_dw/thl_1p8A_grid_predictions_0.mtz,0,0,3007,0.89504325
3007,./thermolysin_dw/thl_1p8A_grid_predictions_0.mtz,0,0,3008,0.95533144
3008,./thermolysin_dw/thl_1p8A_grid_predictions_0.mtz,0,0,3009,0.9635811
3009,./thermolysin_dw/thl_1p8A_grid_predictions_0.mtz,0,0,3010,0.87217826
3010,./thermolysin_dw/thl_1p8A_grid_predictions_0.mtz,0,0,3011,0.8536232
3011,./thermolysin_dw/thl_1p8A_grid_predictions_0.mtz,0,0,3012,0.93317217
3012,./thermolysin_dw/thl_1p8A_grid_predictions_0.mtz,0,0,3013,0.8896425
3013,./thermolysin_dw/thl_1p8A_grid_predictions_0.mtz,0,0,3014,0.89458966
3014,./thermolysin_dw/thl_1p8A_grid_predictions_0.mtz,0,0,3015,0.91746217
3015,./thermolysin_dw/thl_1p8A_grid_predictions_0.mtz,0,0,3016,0.9692282
3016,./thermolysin_dw/thl_1p8A_grid_predictions_0.mtz,0,0,3017,0.9671572
3017,./thermolysin_dw/thl_1p8A_grid_predictions_0.mtz,0,0,3018,0.8092021
3018,./thermolysin_dw/thl_1p8A_grid_predictions_0.mtz,0,0,3019,0.7369878
3019,./thermolysin_dw/thl_1p8A_grid_predictions_0.mtz,0,0,3020,0.8905842
3020,./thermolysin_dw/thl_1p8A_grid_predictions_0.mtz,0,0,3021,0.9697065
3021,./thermolysin_dw/thl_1p8A_grid_predictions_0.mtz,0,0,3022,0.92542636
3022,./thermolysin_dw/thl_1p8A_grid_predictions_0.mtz,0,0,3023,0.9286524
3023,./thermolysin_dw/thl_1p8A_grid_predictions_0.mtz,0,0,3024,0.94216174
3024,./thermolysin_dw/thl_1p8A_grid_predictions_0.mtz,0,0,3025,0.8387202
3025,./thermolysin_dw/thl_1p8A_grid_predictions_0.mtz,0,0,3026,0.8800488
3026,./thermolysin_dw/thl_1p8A_grid_predictions_0.mtz,0,0,3027,0.87518144
3027,./thermolysin_dw/thl_1p8A_grid_predictions_0.mtz,0,0,3028,0.90287215
3028,./thermolysin_dw/thl_1p8A_grid_predictions_0.mtz,0,0,3029,0.91279954
3029,./thermolysin_dw/thl_1p8A_grid_predictions_0.mtz,0,0,3030,0.9176292
3030,./thermolysin_dw/thl_1p8A_grid_predictions_0.mtz,0,0,3031,0.8981868
3031,./thermolysin_dw/thl_1p8A_grid_predictions_0.mtz,0,0,3032,0.95364785
3032,./thermolysin_dw/thl_1p8A_grid_predictions_0.mtz,0,0,3033,0.935406
3033,./thermolysin_dw/thl_1p8A_grid_predictions_0.mtz,0,0,3034,0.91622823
3034,./thermolysin_dw/thl_1p8A_grid_predictions_0.mtz,0,0,3035,0.9474162
3035,./thermolysin_dw/thl_1p8A_grid_predictions_0.mtz,0,0,3036,0.88733983
3036,./thermolysin_dw/thl_1p8A_grid_predictions_0.mtz,0,0,3037,0.9079472
3037,./thermolysin_dw/thl_1p8A_grid_predictions_0.mtz,0,0,3038,0.91733086
3038,./thermolysin_dw/thl_1p8A_grid_predictions_0.mtz,0,0,3039,0.89262563
3039,./thermolysin_dw/thl_1p8A_grid_predictions_0.mtz,0,0,3040,0.85660666
3040,./thermolysin_dw/thl_1p8A_grid_predictions_0.mtz,0,0,3041,0.9260453
3041,./thermolysin_dw/thl_1p8A_grid_predictions_0.mtz,0,0,3042,0.92299503
3042,./thermolysin_dw/thl_1p8A_grid_predictions_0.mtz,0,0,3043,0.8377317
3043,./thermolysin_dw/thl_1p8A_grid_predictions_0.mtz,0,0,3044,0.8672715
3044,./thermolysin_dw/thl_1p8A_grid_predictions_0.mtz,0,0,3045,0.62677443
3045,./thermolysin_dw/thl_1p8A_grid_predictions_0.mtz,0,0,3046,0.8917577
3046,./thermolysin_dw/thl_1p8A_grid_predictions_0.mtz,0,0,3047,0.9664381
3047,./thermolysin_dw/thl_1p8A_grid_predictions_0.mtz,0,0,3048,0.95033133
3048,./thermolysin_dw/thl_1p8A_grid_predictions_0.mtz,0,0,3049,0.87221783
3049,./thermolysin_dw/thl_1p8A_grid_predictions_0.mtz,0,0,3050,0.9576722
3050,./thermolysin_dw/thl_1p8A_grid_predictions_0.mtz,0,0,3051,0.9336813
3051,./thermolysin_dw/thl_1p8A_grid_predictions_0.mtz,0,0,3052,0.9166849
3052,./thermolysin_dw/thl_1p8A_grid_predictions_0.mtz,0,0,3053,0.90164167
3053,./thermolysin_dw/thl_1p8A_grid_predictions_0.mtz,0,0,3054,0.904261
3054,./thermolysin_dw/thl_1p8A_grid_predictions_0.mtz,0,0,3055,0.9400695
3055,./thermolysin_dw/thl_1p8A_grid_predictions_0.mtz,0,0,3056,0.9120642
3056,./thermolysin_dw/thl_1p8A_grid_predictions_0.mtz,0,0,3057,0.95718193
3057,./thermolysin_dw/thl_1p8A_grid_predictions_0.mtz,0,0,3058,0.83732456
3058,./thermolysin_dw/thl_1p8A_grid_predictions_0.mtz,0,0,3059,0.94639736
3059,./thermolysin_dw/thl_1p8A_grid_predictions_0.mtz,0,0,3060,0.8624698
3060,./thermolysin_dw/thl_1p8A_grid_predictions_0.mtz,0,0,3061,0.89470184
3061,./thermolysin_dw/thl_1p8A_grid_predictions_0.mtz,0,0,3062,0.9562403
3062,./thermolysin_dw/thl_1p8A_grid_predictions_0.mtz,0,0,3063,0.88693
3063,./thermolysin_dw/thl_1p8A_grid_predictions_0.mtz,0,0,3064,0.9091326
3064,./thermolysin_dw/thl_1p8A_grid_predictions_0.mtz,0,0,3065,0.9538835
3065,./thermolysin_dw/thl_1p8A_grid_predictions_0.mtz,0,0,3066,0.9456443
3066,./thermolysin_dw/thl_1p8A_grid_predictions_0.mtz,0,0,3067,0.98542464
3067,./thermolysin_dw/thl_1p8A_grid_predictions_0.mtz,0,0,3068,0.9237262
3068,./thermolysin_dw/thl_1p8A_grid_predictions_0.mtz,0,0,3069,0.8446309
3069,./thermolysin_dw/thl_1p8A_grid_predictions_0.mtz,0,0,3070,0.783044
3070,./thermolysin_dw/thl_1p8A_grid_predictions_0.mtz,0,0,3071,0.92213315
3071,./thermolysin_dw/thl_1p8A_grid_predictions_0.mtz,0,0,3072,0.8122053
3072,./thermolysin_dw/thl_1p8A_grid_predictions_0.mtz,0,0,3073,0.94216937
3073,./thermolysin_dw/thl_1p8A_grid_predictions_0.mtz,0,0,3074,0.85735226
3074,./thermolysin_dw/thl_1p8A_grid_predictions_0.mtz,0,0,3075,0.86475337
3075,./thermolysin_dw/thl_1p8A_grid_predictions_0.mtz,0,0,3076,0.86239487
3076,./thermolysin_dw/thl_1p8A_grid_predictions_0.mtz,0,0,3077,0.8581199
3077,./thermolysin_dw/thl_1p8A_grid_predictions_0.mtz,0,0,3078,0.92874134
3078,./thermolysin_dw/thl_1p8A_grid_predictions_0.mtz,0,0,3079,0.8550745
3079,./thermolysin_dw/thl_1p8A_grid_predictions_0.mtz,0,0,3080,0.9177632
3080,./thermolysin_dw/thl_1p8A_grid_predictions_0.mtz,0,0,3081,0.9187776
3081,./thermolysin_dw/thl_1p8A_grid_predictions_0.mtz,0,0,3082,0.95711946
3082,./thermolysin_dw/thl_1p8A_grid_predictions_0.mtz,0,0,3083,0.8688009
3083,./thermolysin_dw/thl_1p8A_grid_predictions_0.mtz,0,0,3084,0.9364775
3084,./thermolysin_dw/thl_1p8A_grid_predictions_0.mtz,0,0,3085,0.9078058
3085,./thermolysin_dw/thl_1p8A_grid_predictions_0.mtz,0,0,3086,0.9399389
3086,./thermolysin_dw/thl_1p8A_grid_predictions_0.mtz,0,0,3087,0.93793017
3087,./thermolysin_dw/thl_1p8A_grid_predictions_0.mtz,0,0,3088,0.8960134
3088,./thermolysin_dw/thl_1p8A_grid_predictions_0.mtz,0,0,3089,0.96180505
3089,./thermolysin_dw/thl_1p8A_grid_predictions_0.mtz,0,0,3090,0.8567647
3090,./thermolysin_dw/thl_1p8A_grid_predictions_0.mtz,0,0,3091,0.91044736
3091,./thermolysin_dw/thl_1p8A_grid_predictions_0.mtz,0,0,3092,0.90361047
3092,./thermolysin_dw/thl_1p8A_grid_predictions_0.mtz,0,0,3093,0.9050934
3093,./thermolysin_dw/thl_1p8A_grid_predictions_0.mtz,0,0,3094,0.9177556
3094,./thermolysin_dw/thl_1p8A_grid_predictions_0.mtz,0,0,3095,0.85232705
3095,./thermolysin_dw/thl_1p8A_grid_predictions_0.mtz,0,0,3096,0.90575755
3096,./thermolysin_dw/thl_1p8A_grid_predictions_0.mtz,0,0,3097,0.89467424
3097,./thermolysin_dw/thl_1p8A_grid_predictions_0.mtz,0,0,3098,0.91099507
3098,./thermolysin_dw/thl_1p8A_grid_predictions_0.mtz,0,0,3099,0.8688842
3099,./thermolysin_dw/thl_1p8A_grid_predictions_0.mtz,0,0,3100,0.87886614
3100,./thermolysin_dw/thl_1p8A_grid_predictions_0.mtz,0,0,3101,0.75116956
3101,./thermolysin_dw/thl_1p8A_grid_predictions_0.mtz,0,0,3102,0.89767337
3102,./thermolysin_dw/thl_1p8A_grid_predictions_0.mtz,0,0,3103,0.9463527
3103,./thermolysin_dw/thl_1p8A_grid_predictions_0.mtz,0,0,3104,0.9254184
3104,./thermolysin_dw/thl_1p8A_grid_predictions_0.mtz,0,0,3105,0.8556859
3105,./thermolysin_dw/thl_1p8A_grid_predictions_0.mtz,0,0,3106,0.8780418
3106,./thermolysin_dw/thl_1p8A_grid_predictions_0.mtz,0,0,3107,0.92927736
3107,./thermolysin_dw/thl_1p8A_grid_predictions_0.mtz,0,0,3108,0.82037926
3108,./thermolysin_dw/thl_1p8A_grid_predictions_0.mtz,0,0,3109,0.91033196
3109,./thermolysin_dw/thl_1p8A_grid_predictions_0.mtz,0,0,3110,0.8997599
3110,./thermolysin_dw/thl_1p8A_grid_predictions_0.mtz,0,0,3111,0.94798994
3111,./thermolysin_dw/thl_1p8A_grid_predictions_0.mtz,0,0,3112,0.9028083
3112,./thermolysin_dw/thl_1p8A_grid_predictions_0.mtz,0,0,3113,0.7594375
3113,./thermolysin_dw/thl_1p8A_grid_predictions_0.mtz,0,0,3114,0.9211525
3114,./thermolysin_dw/thl_1p8A_grid_predictions_0.mtz,0,0,3115,0.9124231
3115,./thermolysin_dw/thl_1p8A_grid_predictions_0.mtz,0,0,3116,0.9695345
3116,./thermolysin_dw/thl_1p8A_grid_predictions_0.mtz,0,0,3117,0.84895855
3117,./thermolysin_dw/thl_1p8A_grid_predictions_0.mtz,0,0,3118,0.9179113
3118,./thermolysin_dw/thl_1p8A_grid_predictions_0.mtz,0,0,3119,0.9405915
3119,./thermolysin_dw/thl_1p8A_grid_predictions_0.mtz,0,0,3120,0.7429876
3120,./thermolysin_dw/thl_1p8A_grid_predictions_0.mtz,0,0,3121,0.9320601
3121,./thermolysin_dw/thl_1p8A_grid_predictions_0.mtz,0,0,3122,0.9016224
3122,./thermolysin_dw/thl_1p8A_grid_predictions_0.mtz,0,0,3123,0.9429762
3123,./thermolysin_dw/thl_1p8A_grid_predictions_0.mtz,0,0,3124,0.9133965
3124,./thermolysin_dw/thl_1p8A_grid_predictions_0.mtz,0,0,3125,0.94706124
3125,./thermolysin_dw/thl_1p8A_grid_predictions_0.mtz,0,0,3126,0.8242153
3126,./thermolysin_dw/thl_1p8A_grid_predictions_0.mtz,0,0,3127,0.9694158
3127,./thermolysin_dw/thl_1p8A_grid_predictions_0.mtz,0,0,3128,0.9586051
3128,./thermolysin_dw/thl_1p8A_grid_predictions_0.mtz,0,0,3129,0.8951349
3129,./thermolysin_dw/thl_1p8A_grid_predictions_0.mtz,0,0,3130,0.92056143
3130,./thermolysin_dw/thl_1p8A_grid_predictions_0.mtz,0,0,3131,0.8767928
3131,./thermolysin_dw/thl_1p8A_grid_predictions_0.mtz,0,0,3132,0.962725
3132,./thermolysin_dw/thl_1p8A_grid_predictions_0.mtz,0,0,3133,0.92187905
3133,./thermolysin_dw/thl_1p8A_grid_predictions_0.mtz,0,0,3134,0.8405198
3134,./thermolysin_dw/thl_1p8A_grid_predictions_0.mtz,0,0,3135,0.89702094
3135,./thermolysin_dw/thl_1p8A_grid_predictions_0.mtz,0,0,3136,0.91275156
3136,./thermolysin_dw/thl_1p8A_grid_predictions_0.mtz,0,0,3137,0.96382457
3137,./thermolysin_dw/thl_1p8A_grid_predictions_0.mtz,0,0,3138,0.94077593
3138,./thermolysin_dw/thl_1p8A_grid_predictions_0.mtz,0,0,3139,0.79730165
3139,./thermolysin_dw/thl_1p8A_grid_predictions_0.mtz,0,0,3140,0.93476164
3140,./thermolysin_dw/thl_1p8A_grid_predictions_0.mtz,0,0,3141,0.908775
3141,./thermolysin_dw/thl_1p8A_grid_predictions_0.mtz,0,0,3142,0.8112851
3142,./thermolysin_dw/thl_1p8A_grid_predictions_0.mtz,0,0,3143,0.94971126
3143,./thermolysin_dw/thl_1p8A_grid_predictions_0.mtz,0,0,3144,0.9198311
3144,./thermolysin_dw/thl_1p8A_grid_predictions_0.mtz,0,0,3145,0.9612254
3145,./thermolysin_dw/thl_1p8A_grid_predictions_0.mtz,0,0,3146,0.9065532
3146,./thermolysin_dw/thl_1p8A_grid_predictions_0.mtz,0,0,3147,0.9168388
3147,./thermolysin_dw/thl_1p8A_grid_predictions_0.mtz,0,0,3148,0.78923726
3148,./thermolysin_dw/thl_1p8A_grid_predictions_0.mtz,0,0,3149,0.90482396
3149,./thermolysin_dw/thl_1p8A_grid_predictions_0.mtz,0,0,3150,0.89121366
3150,./thermolysin_dw/thl_1p8A_grid_predictions_0.mtz,0,0,3151,0.87226593
3151,./thermolysin_dw/thl_1p8A_grid_predictions_0.mtz,0,0,3152,0.8418971
3152,./thermolysin_dw/thl_1p8A_grid_predictions_0.mtz,0,0,3153,0.9241877
3153,./thermolysin_dw/thl_1p8A_grid_predictions_0.mtz,0,0,3154,0.9427703
3154,./thermolysin_dw/thl_1p8A_grid_predictions_0.mtz,0,0,3155,0.9268084
3155,./thermolysin_dw/thl_1p8A_grid_predictions_0.mtz,0,0,3156,0.9432287
3156,./thermolysin_dw/thl_1p8A_grid_predictions_0.mtz,0,0,3157,0.92877126
3157,./thermolysin_dw/thl_1p8A_grid_predictions_0.mtz,0,0,3158,0.8062237
3158,./thermolysin_dw/thl_1p8A_grid_predictions_0.mtz,0,0,3159,0.8804138
3159,./thermolysin_dw/thl_1p8A_grid_predictions_0.mtz,0,0,3160,0.9212695
3160,./thermolysin_dw/thl_1p8A_grid_predictions_1.mtz,1,1,1,0.9411412
3161,./thermolysin_dw/thl_1p8A_grid_predictions_1.mtz,1,1,2,0.96560246
3162,./thermolysin_dw/thl_1p8A_grid_predictions_1.mtz,1,1,3,0.9366239
3163,./thermolysin_dw/thl_1p8A_grid_predictions_1.mtz,1,1,4,0.9772355
3164,./thermolysin_dw/thl_1p8A_grid_predictions_1.mtz,1,1,5,0.966784
3165,./thermolysin_dw/thl_1p8A_grid_predictions_1.mtz,1,1,6,0.9453123
3166,./thermolysin_dw/thl_1p8A_grid_predictions_1.mtz,1,1,7,0.9033273
3167,./thermolysin_dw/thl_1p8A_grid_predictions_1.mtz,1,1,8,0.943252
3168,./thermolysin_dw/thl_1p8A_grid_predictions_1.mtz,1,1,9,0.9224308
3169,./thermolysin_dw/thl_1p8A_grid_predictions_1.mtz,1,1,10,0.9576409
3170,./thermolysin_dw/thl_1p8A_grid_predictions_1.mtz,1,1,11,0.9445012
3171,./thermolysin_dw/thl_1p8A_grid_predictions_1.mtz,1,1,12,0.87716186
3172,./thermolysin_dw/thl_1p8A_grid_predictions_1.mtz,1,1,13,0.94286263
3173,./thermolysin_dw/thl_1p8A_grid_predictions_1.mtz,1,1,14,0.7773676
3174,./thermolysin_dw/thl_1p8A_grid_predictions_1.mtz,1,1,15,0.9593825
3175,./thermolysin_dw/thl_1p8A_grid_predictions_1.mtz,1,1,16,0.81336266
3176,./thermolysin_dw/thl_1p8A_grid_predictions_1.mtz,1,1,17,0.92047554
3177,./thermolysin_dw/thl_1p8A_grid_predictions_1.mtz,1,1,18,0.9709548
3178,./thermolysin_dw/thl_1p8A_grid_predictions_1.mtz,1,1,19,0.857241
3179,./thermolysin_dw/thl_1p8A_grid_predictions_1.mtz,1,1,20,0.68218863
3180,./thermolysin_dw/thl_1p8A_grid_predictions_1.mtz,1,1,21,0.95732504
3181,./thermolysin_dw/thl_1p8A_grid_predictions_1.mtz,1,1,22,0.8950366
3182,./thermolysin_dw/thl_1p8A_grid_predictions_1.mtz,1,1,23,0.9421042
3183,./thermolysin_dw/thl_1p8A_grid_predictions_1.mtz,1,1,24,0.79614663
3184,./thermolysin_dw/thl_1p8A_grid_predictions_1.mtz,1,1,25,0.9289785
3185,./thermolysin_dw/thl_1p8A_grid_predictions_1.mtz,1,1,26,0.962895
3186,./thermolysin_dw/thl_1p8A_grid_predictions_1.mtz,1,1,27,0.94565576
3187,./thermolysin_dw/thl_1p8A_grid_predictions_1.mtz,1,1,28,0.70820796
3188,./thermolysin_dw/thl_1p8A_grid_predictions_1.mtz,1,1,29,0.9297555
3189,./thermolysin_dw/thl_1p8A_grid_predictions_1.mtz,1,1,30,0.93945867
3190,./thermolysin_dw/thl_1p8A_grid_predictions_1.mtz,1,1,31,0.91147375
3191,./thermolysin_dw/thl_1p8A_grid_predictions_1.mtz,1,1,32,0.95707273
3192,./thermolysin_dw/thl_1p8A_grid_predictions_1.mtz,1,1,33,0.93725634
3193,./thermolysin_dw/thl_1p8A_grid_predictions_1.mtz,1,1,34,0.94285816
3194,./thermolysin_dw/thl_1p8A_grid_predictions_1.mtz,1,1,35,0.87222004
3195,./thermolysin_dw/thl_1p8A_grid_predictions_1.mtz,1,1,36,0.87595683
3196,./thermolysin_dw/thl_1p8A_grid_predictions_1.mtz,1,1,37,0.93271816
3197,./thermolysin_dw/thl_1p8A_grid_predictions_1.mtz,1,1,38,0.8594835
3198,./thermolysin_dw/thl_1p8A_grid_predictions_1.mtz,1,1,39,0.9382692
3199,./thermolysin_dw/thl_1p8A_grid_predictions_1.mtz,1,1,40,0.9342281
3200,./thermolysin_dw/thl_1p8A_grid_predictions_1.mtz,1,1,41,0.98536736
3201,./thermolysin_dw/thl_1p8A_grid_predictions_1.mtz,1,1,42,0.9349186
3202,./thermolysin_dw/thl_1p8A_grid_predictions_1.mtz,1,1,43,0.89711016
3203,./thermolysin_dw/thl_1p8A_grid_predictions_1.mtz,1,1,44,0.9140008
3204,./thermolysin_dw/thl_1p8A_grid_predictions_1.mtz,1,1,45,0.86590075
3205,./thermolysin_dw/thl_1p8A_grid_predictions_1.mtz,1,1,46,0.81868994
3206,./thermolysin_dw/thl_1p8A_grid_predictions_1.mtz,1,1,47,0.9750964
3207,./thermolysin_dw/thl_1p8A_grid_predictions_1.mtz,1,1,48,0.9119376
3208,./thermolysin_dw/thl_1p8A_grid_predictions_1.mtz,1,1,49,0.92212427
3209,./thermolysin_dw/thl_1p8A_grid_predictions_1.mtz,1,1,50,0.9702181
3210,./thermolysin_dw/thl_1p8A_grid_predictions_1.mtz,1,1,51,0.894748
3211,./thermolysin_dw/thl_1p8A_grid_predictions_1.mtz,1,1,52,0.9494193
3212,./thermolysin_dw/thl_1p8A_grid_predictions_1.mtz,1,1,53,0.9415785
3213,./thermolysin_dw/thl_1p8A_grid_predictions_1.mtz,1,1,54,0.9091872
3214,./thermolysin_dw/thl_1p8A_grid_predictions_1.mtz,1,1,55,0.8984091
3215,./thermolysin_dw/thl_1p8A_grid_predictions_1.mtz,1,1,56,0.884269
3216,./thermolysin_dw/thl_1p8A_grid_predictions_1.mtz,1,1,57,0.9054592
3217,./thermolysin_dw/thl_1p8A_grid_predictions_1.mtz,1,1,58,0.9388553
3218,./thermolysin_dw/thl_1p8A_grid_predictions_1.mtz,1,1,59,0.9637853
3219,./thermolysin_dw/thl_1p8A_grid_predictions_1.mtz,1,1,60,0.96327627
3220,./thermolysin_dw/thl_1p8A_grid_predictions_1.mtz,1,1,61,0.9736851
3221,./thermolysin_dw/thl_1p8A_grid_predictions_1.mtz,1,1,62,0.93601173
3222,./thermolysin_dw/thl_1p8A_grid_predictions_1.mtz,1,1,63,0.92796135
3223,./thermolysin_dw/thl_1p8A_grid_predictions_1.mtz,1,1,64,0.93174165
3224,./thermolysin_dw/thl_1p8A_grid_predictions_1.mtz,1,1,65,0.85631824
3225,./thermolysin_dw/thl_1p8A_grid_predictions_1.mtz,1,1,66,0.7966647
3226,./thermolysin_dw/thl_1p8A_grid_predictions_1.mtz,1,1,67,0.9089012
3227,./thermolysin_dw/thl_1p8A_grid_predictions_1.mtz,1,1,68,0.831214
3228,./thermolysin_dw/thl_1p8A_grid_predictions_1.mtz,1,1,69,0.79382306
3229,./thermolysin_dw/thl_1p8A_grid_predictions_1.mtz,1,1,70,0.7883209
3230,./thermolysin_dw/thl_1p8A_grid_predictions_1.mtz,1,1,71,0.9032944
3231,./thermolysin_dw/thl_1p8A_grid_predictions_1.mtz,1,1,72,0.8818562
3232,./thermolysin_dw/thl_1p8A_grid_predictions_1.mtz,1,1,73,0.91959995
3233,./thermolysin_dw/thl_1p8A_grid_predictions_1.mtz,1,1,74,0.9273025
3234,./thermolysin_dw/thl_1p8A_grid_predictions_1.mtz,1,1,75,0.9185565
3235,./thermolysin_dw/thl_1p8A_grid_predictions_1.mtz,1,1,76,0.84418046
3236,./thermolysin_dw/thl_1p8A_grid_predictions_1.mtz,1,1,77,0.85854274
3237,./thermolysin_dw/thl_1p8A_grid_predictions_1.mtz,1,1,78,0.96017456
3238,./thermolysin_dw/thl_1p8A_grid_predictions_1.mtz,1,1,79,0.75141895
3239,./thermolysin_dw/thl_1p8A_grid_predictions_1.mtz,1,1,80,0.95452803
3240,./thermolysin_dw/thl_1p8A_grid_predictions_1.mtz,1,1,81,0.95515174
3241,./thermolysin_dw/thl_1p8A_grid_predictions_1.mtz,1,1,82,0.8396032
3242,./thermolysin_dw/thl_1p8A_grid_predictions_1.mtz,1,1,83,0.8138823
3243,./thermolysin_dw/thl_1p8A_grid_predictions_1.mtz,1,1,84,0.7700464
3244,./thermolysin_dw/thl_1p8A_grid_predictions_1.mtz,1,1,85,0.9253406
3245,./thermolysin_dw/thl_1p8A_grid_predictions_1.mtz,1,1,86,0.9732986
3246,./thermolysin_dw/thl_1p8A_grid_predictions_1.mtz,1,1,87,0.966328
3247,./thermolysin_dw/thl_1p8A_grid_predictions_1.mtz,1,1,88,0.92039627
3248,./thermolysin_dw/thl_1p8A_grid_predictions_1.mtz,1,1,89,0.96160644
3249,./thermolysin_dw/thl_1p8A_grid_predictions_1.mtz,1,1,90,0.91219634
3250,./thermolysin_dw/thl_1p8A_grid_predictions_1.mtz,1,1,91,0.95231175
3251,./thermolysin_dw/thl_1p8A_grid_predictions_1.mtz,1,1,92,0.9394921
3252,./thermolysin_dw/thl_1p8A_grid_predictions_1.mtz,1,1,93,0.961602
3253,./thermolysin_dw/thl_1p8A_grid_predictions_1.mtz,1,1,94,0.9370383
3254,./thermolysin_dw/thl_1p8A_grid_predictions_1.mtz,1,1,95,0.89861345
3255,./thermolysin_dw/thl_1p8A_grid_predictions_1.mtz,1,1,96,0.9108347
3256,./thermolysin_dw/thl_1p8A_grid_predictions_1.mtz,1,1,97,0.5749437
3257,./thermolysin_dw/thl_1p8A_grid_predictions_1.mtz,1,1,98,0.94195527
3258,./thermolysin_dw/thl_1p8A_grid_predictions_1.mtz,1,1,99,0.91668177
3259,./thermolysin_dw/thl_1p8A_grid_predictions_1.mtz,1,1,100,0.8596505
3260,./thermolysin_dw/thl_1p8A_grid_predictions_1.mtz,1,1,101,0.90704924
3261,./thermolysin_dw/thl_1p8A_grid_predictions_1.mtz,1,1,102,0.942617
3262,./thermolysin_dw/thl_1p8A_grid_predictions_1.mtz,1,1,103,0.8985469
3263,./thermolysin_dw/thl_1p8A_grid_predictions_1.mtz,1,1,104,0.90849453
3264,./thermolysin_dw/thl_1p8A_grid_predictions_1.mtz,1,1,105,0.8352617
3265,./thermolysin_dw/thl_1p8A_grid_predictions_1.mtz,1,1,106,0.9036308
3266,./thermolysin_dw/thl_1p8A_grid_predictions_1.mtz,1,1,107,0.85617596
3267,./thermolysin_dw/thl_1p8A_grid_predictions_1.mtz,1,1,108,0.9180351
3268,./thermolysin_dw/thl_1p8A_grid_predictions_1.mtz,1,1,109,0.89110875
3269,./thermolysin_dw/thl_1p8A_grid_predictions_1.mtz,1,1,110,0.8546897
3270,./thermolysin_dw/thl_1p8A_grid_predictions_1.mtz,1,1,111,0.9365427
3271,./thermolysin_dw/thl_1p8A_grid_predictions_1.mtz,1,1,112,0.7217978
3272,./thermolysin_dw/thl_1p8A_grid_predictions_1.mtz,1,1,113,0.95478356
3273,./thermolysin_dw/thl_1p8A_grid_predictions_1.mtz,1,1,114,0.8240303
3274,./thermolysin_dw/thl_1p8A_grid_predictions_1.mtz,1,1,115,0.938301
3275,./thermolysin_dw/thl_1p8A_grid_predictions_1.mtz,1,1,116,0.88611466
3276,./thermolysin_dw/thl_1p8A_grid_predictions_1.mtz,1,1,117,0.79752505
3277,./thermolysin_dw/thl_1p8A_grid_predictions_1.mtz,1,1,118,0.9154899
3278,./thermolysin_dw/thl_1p8A_grid_predictions_1.mtz,1,1,119,0.86703664
3279,./thermolysin_dw/thl_1p8A_grid_predictions_1.mtz,1,1,120,0.91862744
3280,./thermolysin_dw/thl_1p8A_grid_predictions_1.mtz,1,1,121,0.8639939
3281,./thermolysin_dw/thl_1p8A_grid_predictions_1.mtz,1,1,122,0.8188193
3282,./thermolysin_dw/thl_1p8A_grid_predictions_1.mtz,1,1,123,0.82310444
3283,./thermolysin_dw/thl_1p8A_grid_predictions_1.mtz,1,1,124,0.9199682
3284,./thermolysin_dw/thl_1p8A_grid_predictions_1.mtz,1,1,125,0.917013
3285,./thermolysin_dw/thl_1p8A_grid_predictions_1.mtz,1,1,126,0.9395331
3286,./thermolysin_dw/thl_1p8A_grid_predictions_1.mtz,1,1,127,0.60874003
3287,./thermolysin_dw/thl_1p8A_grid_predictions_1.mtz,1,1,128,0.6331702
3288,./thermolysin_dw/thl_1p8A_grid_predictions_1.mtz,1,1,129,0.88021135
3289,./thermolysin_dw/thl_1p8A_grid_predictions_1.mtz,1,1,130,0.95025635
3290,./thermolysin_dw/thl_1p8A_grid_predictions_1.mtz,1,1,131,0.97142243
3291,./thermolysin_dw/thl_1p8A_grid_predictions_1.mtz,1,1,132,0.95434785
3292,./thermolysin_dw/thl_1p8A_grid_predictions_1.mtz,1,1,133,0.942135
3293,./thermolysin_dw/thl_1p8A_grid_predictions_1.mtz,1,1,134,0.9265277
3294,./thermolysin_dw/thl_1p8A_grid_predictions_1.mtz,1,1,135,0.9073687
3295,./thermolysin_dw/thl_1p8A_grid_predictions_1.mtz,1,1,136,0.89855283
3296,./thermolysin_dw/thl_1p8A_grid_predictions_1.mtz,1,1,137,0.87154144
3297,./thermolysin_dw/thl_1p8A_grid_predictions_1.mtz,1,1,138,0.88398826
3298,./thermolysin_dw/thl_1p8A_grid_predictions_1.mtz,1,1,139,0.92858547
3299,./thermolysin_dw/thl_1p8A_grid_predictions_1.mtz,1,1,140,0.83568686
3300,./thermolysin_dw/thl_1p8A_grid_predictions_1.mtz,1,1,141,0.9202844
3301,./thermolysin_dw/thl_1p8A_grid_predictions_1.mtz,1,1,142,0.9002302
3302,./thermolysin_dw/thl_1p8A_grid_predictions_1.mtz,1,1,143,0.7930736
3303,./thermolysin_dw/thl_1p8A_grid_predictions_1.mtz,1,1,144,0.917975
3304,./thermolysin_dw/thl_1p8A_grid_predictions_1.mtz,1,1,145,0.9213953
3305,./thermolysin_dw/thl_1p8A_grid_predictions_1.mtz,1,1,146,0.8779124
3306,./thermolysin_dw/thl_1p8A_grid_predictions_1.mtz,1,1,147,0.7100869
3307,./thermolysin_dw/thl_1p8A_grid_predictions_1.mtz,1,1,148,0.8921436
3308,./thermolysin_dw/thl_1p8A_grid_predictions_1.mtz,1,1,149,0.91659546
3309,./thermolysin_dw/thl_1p8A_grid_predictions_1.mtz,1,1,150,0.96343625
3310,./thermolysin_dw/thl_1p8A_grid_predictions_1.mtz,1,1,151,0.91173446
3311,./thermolysin_dw/thl_1p8A_grid_predictions_1.mtz,1,1,152,0.8967539
3312,./thermolysin_dw/thl_1p8A_grid_predictions_1.mtz,1,1,153,0.92050064
3313,./thermolysin_dw/thl_1p8A_grid_predictions_1.mtz,1,1,154,0.86514634
3314,./thermolysin_dw/thl_1p8A_grid_predictions_1.mtz,1,1,155,0.8966691
3315,./thermolysin_dw/thl_1p8A_grid_predictions_1.mtz,1,1,156,0.8490526
3316,./thermolysin_dw/thl_1p8A_grid_predictions_1.mtz,1,1,157,0.95586497
3317,./thermolysin_dw/thl_1p8A_grid_predictions_1.mtz,1,1,158,0.9690032
3318,./thermolysin_dw/thl_1p8A_grid_predictions_1.mtz,1,1,159,0.8850733
3319,./thermolysin_dw/thl_1p8A_grid_predictions_1.mtz,1,1,160,0.88735545
3320,./thermolysin_dw/thl_1p8A_grid_predictions_1.mtz,1,1,161,0.8380534
3321,./thermolysin_dw/thl_1p8A_grid_predictions_1.mtz,1,1,162,0.9387378
3322,./thermolysin_dw/thl_1p8A_grid_predictions_1.mtz,1,1,163,0.9469847
3323,./thermolysin_dw/thl_1p8A_grid_predictions_1.mtz,1,1,164,0.8571341
3324,./thermolysin_dw/thl_1p8A_grid_predictions_1.mtz,1,1,165,0.9715552
3325,./thermolysin_dw/thl_1p8A_grid_predictions_1.mtz,1,1,166,0.8874711
3326,./thermolysin_dw/thl_1p8A_grid_predictions_1.mtz,1,1,167,0.9464955
3327,./thermolysin_dw/thl_1p8A_grid_predictions_1.mtz,1,1,168,0.9419622
3328,./thermolysin_dw/thl_1p8A_grid_predictions_1.mtz,1,1,169,0.93831116
3329,./thermolysin_dw/thl_1p8A_grid_predictions_1.mtz,1,1,170,0.9628669
3330,./thermolysin_dw/thl_1p8A_grid_predictions_1.mtz,1,1,171,0.81206524
3331,./thermolysin_dw/thl_1p8A_grid_predictions_1.mtz,1,1,172,0.94981575
3332,./thermolysin_dw/thl_1p8A_grid_predictions_1.mtz,1,1,173,0.84083235
3333,./thermolysin_dw/thl_1p8A_grid_predictions_1.mtz,1,1,174,0.8938865
3334,./thermolysin_dw/thl_1p8A_grid_predictions_1.mtz,1,1,175,0.7885904
3335,./thermolysin_dw/thl_1p8A_grid_predictions_1.mtz,1,1,176,0.88843703
3336,./thermolysin_dw/thl_1p8A_grid_predictions_1.mtz,1,1,177,0.8562721
3337,./thermolysin_dw/thl_1p8A_grid_predictions_1.mtz,1,1,178,0.9322139
3338,./thermolysin_dw/thl_1p8A_grid_predictions_1.mtz,1,1,179,0.9064728
3339,./thermolysin_dw/thl_1p8A_grid_predictions_1.mtz,1,1,180,0.93239534
3340,./thermolysin_dw/thl_1p8A_grid_predictions_1.mtz,1,1,181,0.61891866
3341,./thermolysin_dw/thl_1p8A_grid_predictions_1.mtz,1,1,182,0.88085943
3342,./thermolysin_dw/thl_1p8A_grid_predictions_1.mtz,1,1,183,0.86347497
3343,./thermolysin_dw/thl_1p8A_grid_predictions_1.mtz,1,1,184,0.9128265
3344,./thermolysin_dw/thl_1p8A_grid_predictions_1.mtz,1,1,185,0.9137482
3345,./thermolysin_dw/thl_1p8A_grid_predictions_1.mtz,1,1,186,0.95500684
3346,./thermolysin_dw/thl_1p8A_grid_predictions_1.mtz,1,1,187,0.93336713
3347,./thermolysin_dw/thl_1p8A_grid_predictions_1.mtz,1,1,188,0.9517391
3348,./thermolysin_dw/thl_1p8A_grid_predictions_1.mtz,1,1,189,0.9194403
3349,./thermolysin_dw/thl_1p8A_grid_predictions_1.mtz,1,1,190,0.931629
3350,./thermolysin_dw/thl_1p8A_grid_predictions_1.mtz,1,1,191,0.9142061
3351,./thermolysin_dw/thl_1p8A_grid_predictions_1.mtz,1,1,192,0.84146476
3352,./thermolysin_dw/thl_1p8A_grid_predictions_1.mtz,1,1,193,0.78556836
3353,./thermolysin_dw/thl_1p8A_grid_predictions_1.mtz,1,1,194,0.9545355
3354,./thermolysin_dw/thl_1p8A_grid_predictions_1.mtz,1,1,195,0.90908766
3355,./thermolysin_dw/thl_1p8A_grid_predictions_1.mtz,1,1,196,0.9392963
3356,./thermolysin_dw/thl_1p8A_grid_predictions_1.mtz,1,1,197,0.96423227
3357,./thermolysin_dw/thl_1p8A_grid_predictions_1.mtz,1,1,198,0.8605744
3358,./thermolysin_dw/thl_1p8A_grid_predictions_1.mtz,1,1,199,0.95795876
3359,./thermolysin_dw/thl_1p8A_grid_predictions_1.mtz,1,1,200,0.9366263
3360,./thermolysin_dw/thl_1p8A_grid_predictions_1.mtz,1,1,201,0.782192
3361,./thermolysin_dw/thl_1p8A_grid_predictions_1.mtz,1,1,202,0.93858546
3362,./thermolysin_dw/thl_1p8A_grid_predictions_1.mtz,1,1,203,0.96686816
3363,./thermolysin_dw/thl_1p8A_grid_predictions_1.mtz,1,1,204,0.95303905
3364,./thermolysin_dw/thl_1p8A_grid_predictions_1.mtz,1,1,205,0.8557233
3365,./thermolysin_dw/thl_1p8A_grid_predictions_1.mtz,1,1,206,0.8940283
3366,./thermolysin_dw/thl_1p8A_grid_predictions_1.mtz,1,1,207,0.7703928
3367,./thermolysin_dw/thl_1p8A_grid_predictions_1.mtz,1,1,208,0.8898628
3368,./thermolysin_dw/thl_1p8A_grid_predictions_1.mtz,1,1,209,0.9685968
3369,./thermolysin_dw/thl_1p8A_grid_predictions_1.mtz,1,1,210,0.8280444
3370,./thermolysin_dw/thl_1p8A_grid_predictions_1.mtz,1,1,211,0.80272496
3371,./thermolysin_dw/thl_1p8A_grid_predictions_1.mtz,1,1,212,0.92488533
3372,./thermolysin_dw/thl_1p8A_grid_predictions_1.mtz,1,1,213,0.94985056
3373,./thermolysin_dw/thl_1p8A_grid_predictions_1.mtz,1,1,214,0.7661262
3374,./thermolysin_dw/thl_1p8A_grid_predictions_1.mtz,1,1,215,0.9421996
3375,./thermolysin_dw/thl_1p8A_grid_predictions_1.mtz,1,1,216,0.9672344
3376,./thermolysin_dw/thl_1p8A_grid_predictions_1.mtz,1,1,217,0.8981427
3377,./thermolysin_dw/thl_1p8A_grid_predictions_1.mtz,1,1,218,0.7628548
3378,./thermolysin_dw/thl_1p8A_grid_predictions_1.mtz,1,1,219,0.8715883
3379,./thermolysin_dw/thl_1p8A_grid_predictions_1.mtz,1,1,220,0.8797117
3380,./thermolysin_dw/thl_1p8A_grid_predictions_1.mtz,1,1,221,0.8201312
3381,./thermolysin_dw/thl_1p8A_grid_predictions_1.mtz,1,1,222,0.9052229
3382,./thermolysin_dw/thl_1p8A_grid_predictions_1.mtz,1,1,223,0.8590765
3383,./thermolysin_dw/thl_1p8A_grid_predictions_1.mtz,1,1,224,0.9349447
3384,./thermolysin_dw/thl_1p8A_grid_predictions_1.mtz,1,1,225,0.91656697
3385,./thermolysin_dw/thl_1p8A_grid_predictions_1.mtz,1,1,226,0.88809747
3386,./thermolysin_dw/thl_1p8A_grid_predictions_1.mtz,1,1,227,0.89581925
3387,./thermolysin_dw/thl_1p8A_grid_predictions_1.mtz,1,1,228,0.92997015
3388,./thermolysin_dw/thl_1p8A_grid_predictions_1.mtz,1,1,229,0.8471705
3389,./thermolysin_dw/thl_1p8A_grid_predictions_1.mtz,1,1,230,0.9473457
3390,./thermolysin_dw/thl_1p8A_grid_predictions_1.mtz,1,1,231,0.9677254
3391,./thermolysin_dw/thl_1p8A_grid_predictions_1.mtz,1,1,232,0.91496646
3392,./thermolysin_dw/thl_1p8A_grid_predictions_1.mtz,1,1,233,0.8830095
3393,./thermolysin_dw/thl_1p8A_grid_predictions_1.mtz,1,1,234,0.9232591
3394,./thermolysin_dw/thl_1p8A_grid_predictions_1.mtz,1,1,235,0.7427108
3395,./thermolysin_dw/thl_1p8A_grid_predictions_1.mtz,1,1,236,0.769505
3396,./thermolysin_dw/thl_1p8A_grid_predictions_1.mtz,1,1,237,0.9164858
3397,./thermolysin_dw/thl_1p8A_grid_predictions_1.mtz,1,1,238,0.9166671
3398,./thermolysin_dw/thl_1p8A_grid_predictions_1.mtz,1,1,239,0.8723841
3399,./thermolysin_dw/thl_1p8A_grid_predictions_1.mtz,1,1,240,0.7666335
3400,./thermolysin_dw/thl_1p8A_grid_predictions_1.mtz,1,1,241,0.94464266
3401,./thermolysin_dw/thl_1p8A_grid_predictions_1.mtz,1,1,242,0.86191094
3402,./thermolysin_dw/thl_1p8A_grid_predictions_1.mtz,1,1,243,0.8539341
3403,./thermolysin_dw/thl_1p8A_grid_predictions_1.mtz,1,1,244,0.91192985
3404,./thermolysin_dw/thl_1p8A_grid_predictions_1.mtz,1,1,245,0.9374607
3405,./thermolysin_dw/thl_1p8A_grid_predictions_1.mtz,1,1,246,0.95685637
3406,./thermolysin_dw/thl_1p8A_grid_predictions_1.mtz,1,1,247,0.91029817
3407,./thermolysin_dw/thl_1p8A_grid_predictions_1.mtz,1,1,248,0.8883237
3408,./thermolysin_dw/thl_1p8A_grid_predictions_1.mtz,1,1,249,0.9649475
3409,./thermolysin_dw/thl_1p8A_grid_predictions_1.mtz,1,1,250,0.9269008
3410,./thermolysin_dw/thl_1p8A_grid_predictions_1.mtz,1,1,251,0.9066699
3411,./thermolysin_dw/thl_1p8A_grid_predictions_1.mtz,1,1,252,0.67842156
3412,./thermolysin_dw/thl_1p8A_grid_predictions_1.mtz,1,1,253,0.909538
3413,./thermolysin_dw/thl_1p8A_grid_predictions_1.mtz,1,1,254,0.85328054
3414,./thermolysin_dw/thl_1p8A_grid_predictions_1.mtz,1,1,255,0.745178
3415,./thermolysin_dw/thl_1p8A_grid_predictions_1.mtz,1,1,256,0.81407
3416,./thermolysin_dw/thl_1p8A_grid_predictions_1.mtz,1,1,257,0.8890583
3417,./thermolysin_dw/thl_1p8A_grid_predictions_1.mtz,1,1,258,0.9446791
3418,./thermolysin_dw/thl_1p8A_grid_predictions_1.mtz,1,1,259,0.98926395
3419,./thermolysin_dw/thl_1p8A_grid_predictions_1.mtz,1,1,260,0.89996445
3420,./thermolysin_dw/thl_1p8A_grid_predictions_1.mtz,1,1,261,0.9208108
3421,./thermolysin_dw/thl_1p8A_grid_predictions_1.mtz,1,1,262,0.90457815
3422,./thermolysin_dw/thl_1p8A_grid_predictions_1.mtz,1,1,263,0.8354844
3423,./thermolysin_dw/thl_1p8A_grid_predictions_1.mtz,1,1,264,0.8968375
3424,./thermolysin_dw/thl_1p8A_grid_predictions_1.mtz,1,1,265,0.89499915
3425,./thermolysin_dw/thl_1p8A_grid_predictions_1.mtz,1,1,266,0.9576556
3426,./thermolysin_dw/thl_1p8A_grid_predictions_1.mtz,1,1,267,0.9687532
3427,./thermolysin_dw/thl_1p8A_grid_predictions_1.mtz,1,1,268,0.94061095
3428,./thermolysin_dw/thl_1p8A_grid_predictions_1.mtz,1,1,269,0.89437205
3429,./thermolysin_dw/thl_1p8A_grid_predictions_1.mtz,1,1,270,0.88291305
3430,./thermolysin_dw/thl_1p8A_grid_predictions_1.mtz,1,1,271,0.9312072
3431,./thermolysin_dw/thl_1p8A_grid_predictions_1.mtz,1,1,272,0.82451606
3432,./thermolysin_dw/thl_1p8A_grid_predictions_1.mtz,1,1,273,0.84459955
3433,./thermolysin_dw/thl_1p8A_grid_predictions_1.mtz,1,1,274,0.909376
3434,./thermolysin_dw/thl_1p8A_grid_predictions_1.mtz,1,1,275,0.88424724
3435,./thermolysin_dw/thl_1p8A_grid_predictions_1.mtz,1,1,276,0.9484683
3436,./thermolysin_dw/thl_1p8A_grid_predictions_1.mtz,1,1,277,0.87878555
3437,./thermolysin_dw/thl_1p8A_grid_predictions_1.mtz,1,1,278,0.9373591
3438,./thermolysin_dw/thl_1p8A_grid_predictions_1.mtz,1,1,279,0.580353
3439,./thermolysin_dw/thl_1p8A_grid_predictions_1.mtz,1,1,280,0.9215678
3440,./thermolysin_dw/thl_1p8A_grid_predictions_1.mtz,1,1,281,0.93400145
3441,./thermolysin_dw/thl_1p8A_grid_predictions_1.mtz,1,1,282,0.956359
3442,./thermolysin_dw/thl_1p8A_grid_predictions_1.mtz,1,1,283,0.90507764
3443,./thermolysin_dw/thl_1p8A_grid_predictions_1.mtz,1,1,284,0.9083076
3444,./thermolysin_dw/thl_1p8A_grid_predictions_1.mtz,1,1,285,0.93977606
3445,./thermolysin_dw/thl_1p8A_grid_predictions_1.mtz,1,1,286,0.83607733
3446,./thermolysin_dw/thl_1p8A_grid_predictions_1.mtz,1,1,287,0.8733561
3447,./thermolysin_dw/thl_1p8A_grid_predictions_1.mtz,1,1,288,0.9467806
3448,./thermolysin_dw/thl_1p8A_grid_predictions_1.mtz,1,1,289,0.8983034
3449,./thermolysin_dw/thl_1p8A_grid_predictions_1.mtz,1,1,290,0.8011176
3450,./thermolysin_dw/thl_1p8A_grid_predictions_1.mtz,1,1,291,0.93946284
3451,./thermolysin_dw/thl_1p8A_grid_predictions_1.mtz,1,1,292,0.93213475
3452,./thermolysin_dw/thl_1p8A_grid_predictions_1.mtz,1,1,293,0.9236152
3453,./thermolysin_dw/thl_1p8A_grid_predictions_1.mtz,1,1,294,0.8227949
3454,./thermolysin_dw/thl_1p8A_grid_predictions_1.mtz,1,1,295,0.9069137
3455,./thermolysin_dw/thl_1p8A_grid_predictions_1.mtz,1,1,296,0.973294
3456,./thermolysin_dw/thl_1p8A_grid_predictions_1.mtz,1,1,297,0.94773847
3457,./thermolysin_dw/thl_1p8A_grid_predictions_1.mtz,1,1,298,0.92596984
3458,./thermolysin_dw/thl_1p8A_grid_predictions_1.mtz,1,1,299,0.92971313
3459,./thermolysin_dw/thl_1p8A_grid_predictions_1.mtz,1,1,300,0.9348993
3460,./thermolysin_dw/thl_1p8A_grid_predictions_1.mtz,1,1,301,0.9166776
3461,./thermolysin_dw/thl_1p8A_grid_predictions_1.mtz,1,1,302,0.8694802
3462,./thermolysin_dw/thl_1p8A_grid_predictions_1.mtz,1,1,303,0.8500301
3463,./thermolysin_dw/thl_1p8A_grid_predictions_1.mtz,1,1,304,0.96390617
3464,./thermolysin_dw/thl_1p8A_grid_predictions_1.mtz,1,1,305,0.7819933
3465,./thermolysin_dw/thl_1p8A_grid_predictions_1.mtz,1,1,306,0.85184073
3466,./thermolysin_dw/thl_1p8A_grid_predictions_1.mtz,1,1,307,0.8944817
3467,./thermolysin_dw/thl_1p8A_grid_predictions_1.mtz,1,1,308,0.96273154
3468,./thermolysin_dw/thl_1p8A_grid_predictions_1.mtz,1,1,309,0.9133292
3469,./thermolysin_dw/thl_1p8A_grid_predictions_1.mtz,1,1,310,0.89993876
3470,./thermolysin_dw/thl_1p8A_grid_predictions_1.mtz,1,1,311,0.79701996
3471,./thermolysin_dw/thl_1p8A_grid_predictions_1.mtz,1,1,312,0.8602219
3472,./thermolysin_dw/thl_1p8A_grid_predictions_1.mtz,1,1,313,0.8200567
3473,./thermolysin_dw/thl_1p8A_grid_predictions_1.mtz,1,1,314,0.9663403
3474,./thermolysin_dw/thl_1p8A_grid_predictions_1.mtz,1,1,315,0.9397327
3475,./thermolysin_dw/thl_1p8A_grid_predictions_1.mtz,1,1,316,0.8794723
3476,./thermolysin_dw/thl_1p8A_grid_predictions_1.mtz,1,1,317,0.90742755
3477,./thermolysin_dw/thl_1p8A_grid_predictions_1.mtz,1,1,318,0.9367377
3478,./thermolysin_dw/thl_1p8A_grid_predictions_1.mtz,1,1,319,0.772229
3479,./thermolysin_dw/thl_1p8A_grid_predictions_1.mtz,1,1,320,0.95021576
3480,./thermolysin_dw/thl_1p8A_grid_predictions_1.mtz,1,1,321,0.9075185
3481,./thermolysin_dw/thl_1p8A_grid_predictions_1.mtz,1,1,322,0.9528718
3482,./thermolysin_dw/thl_1p8A_grid_predictions_1.mtz,1,1,323,0.85168564
3483,./thermolysin_dw/thl_1p8A_grid_predictions_1.mtz,1,1,324,0.9729122
3484,./thermolysin_dw/thl_1p8A_grid_predictions_1.mtz,1,1,325,0.95089805
3485,./thermolysin_dw/thl_1p8A_grid_predictions_1.mtz,1,1,326,0.8758503
3486,./thermolysin_dw/thl_1p8A_grid_predictions_1.mtz,1,1,327,0.93403876
3487,./thermolysin_dw/thl_1p8A_grid_predictions_1.mtz,1,1,328,0.975923
3488,./thermolysin_dw/thl_1p8A_grid_predictions_1.mtz,1,1,329,0.96468806
3489,./thermolysin_dw/thl_1p8A_grid_predictions_1.mtz,1,1,330,0.9302304
3490,./thermolysin_dw/thl_1p8A_grid_predictions_1.mtz,1,1,331,0.9005605
3491,./thermolysin_dw/thl_1p8A_grid_predictions_1.mtz,1,1,332,0.93941224
3492,./thermolysin_dw/thl_1p8A_grid_predictions_1.mtz,1,1,333,0.8654772
3493,./thermolysin_dw/thl_1p8A_grid_predictions_1.mtz,1,1,334,0.83484846
3494,./thermolysin_dw/thl_1p8A_grid_predictions_1.mtz,1,1,335,0.8583966
3495,./thermolysin_dw/thl_1p8A_grid_predictions_1.mtz,1,1,336,0.64672947
3496,./thermolysin_dw/thl_1p8A_grid_predictions_1.mtz,1,1,337,0.85184586
3497,./thermolysin_dw/thl_1p8A_grid_predictions_1.mtz,1,1,338,0.9494156
3498,./thermolysin_dw/thl_1p8A_grid_predictions_1.mtz,1,1,339,0.90026057
3499,./thermolysin_dw/thl_1p8A_grid_predictions_1.mtz,1,1,340,0.9253031
3500,./thermolysin_dw/thl_1p8A_grid_predictions_1.mtz,1,1,341,0.9572025
3501,./thermolysin_dw/thl_1p8A_grid_predictions_1.mtz,1,1,342,0.91514707
3502,./thermolysin_dw/thl_1p8A_grid_predictions_1.mtz,1,1,343,0.9369279
3503,./thermolysin_dw/thl_1p8A_grid_predictions_1.mtz,1,1,344,0.948113
3504,./thermolysin_dw/thl_1p8A_grid_predictions_1.mtz,1,1,345,0.91850805
3505,./thermolysin_dw/thl_1p8A_grid_predictions_1.mtz,1,1,346,0.901156
3506,./thermolysin_dw/thl_1p8A_grid_predictions_1.mtz,1,1,347,0.86566365
3507,./thermolysin_dw/thl_1p8A_grid_predictions_1.mtz,1,1,348,0.9407723
3508,./thermolysin_dw/thl_1p8A_grid_predictions_1.mtz,1,1,349,0.95345503
3509,./thermolysin_dw/thl_1p8A_grid_predictions_1.mtz,1,1,350,0.9724677
3510,./thermolysin_dw/thl_1p8A_grid_predictions_1.mtz,1,1,351,0.95329785
3511,./thermolysin_dw/thl_1p8A_grid_predictions_1.mtz,1,1,352,0.77275157
3512,./thermolysin_dw/thl_1p8A_grid_predictions_1.mtz,1,1,353,0.8329666
3513,./thermolysin_dw/thl_1p8A_grid_predictions_1.mtz,1,1,354,0.6520949
3514,./thermolysin_dw/thl_1p8A_grid_predictions_1.mtz,1,1,355,0.8425356
3515,./thermolysin_dw/thl_1p8A_grid_predictions_1.mtz,1,1,356,0.9339558
3516,./thermolysin_dw/thl_1p8A_grid_predictions_1.mtz,1,1,357,0.91901827
3517,./thermolysin_dw/thl_1p8A_grid_predictions_1.mtz,1,1,358,0.66834724
3518,./thermolysin_dw/thl_1p8A_grid_predictions_1.mtz,1,1,359,0.69401866
3519,./thermolysin_dw/thl_1p8A_grid_predictions_1.mtz,1,1,360,0.918103
3520,./thermolysin_dw/thl_1p8A_grid_predictions_1.mtz,1,1,361,0.9218152
3521,./thermolysin_dw/thl_1p8A_grid_predictions_1.mtz,1,1,362,0.968206
3522,./thermolysin_dw/thl_1p8A_grid_predictions_1.mtz,1,1,363,0.6848926
3523,./thermolysin_dw/thl_1p8A_grid_predictions_1.mtz,1,1,364,0.9219538
3524,./thermolysin_dw/thl_1p8A_grid_predictions_1.mtz,1,1,365,0.8451965
3525,./thermolysin_dw/thl_1p8A_grid_predictions_1.mtz,1,1,366,0.78722167
3526,./thermolysin_dw/thl_1p8A_grid_predictions_1.mtz,1,1,367,0.8917539
3527,./thermolysin_dw/thl_1p8A_grid_predictions_1.mtz,1,1,368,0.9554502
3528,./thermolysin_dw/thl_1p8A_grid_predictions_1.mtz,1,1,369,0.8410443
3529,./thermolysin_dw/thl_1p8A_grid_predictions_1.mtz,1,1,370,0.89757067
3530,./thermolysin_dw/thl_1p8A_grid_predictions_1.mtz,1,1,371,0.8985904
3531,./thermolysin_dw/thl_1p8A_grid_predictions_1.mtz,1,1,372,0.7640756
3532,./thermolysin_dw/thl_1p8A_grid_predictions_1.mtz,1,1,373,0.9124138
3533,./thermolysin_dw/thl_1p8A_grid_predictions_1.mtz,1,1,374,0.9196878
3534,./thermolysin_dw/thl_1p8A_grid_predictions_1.mtz,1,1,375,0.9573588
3535,./thermolysin_dw/thl_1p8A_grid_predictions_1.mtz,1,1,376,0.84862745
3536,./thermolysin_dw/thl_1p8A_grid_predictions_1.mtz,1,1,377,0.96506983
3537,./thermolysin_dw/thl_1p8A_grid_predictions_1.mtz,1,1,378,0.7088192
3538,./thermolysin_dw/thl_1p8A_grid_predictions_1.mtz,1,1,379,0.94695157
3539,./thermolysin_dw/thl_1p8A_grid_predictions_1.mtz,1,1,380,0.82503945
3540,./thermolysin_dw/thl_1p8A_grid_predictions_1.mtz,1,1,381,0.9327631
3541,./thermolysin_dw/thl_1p8A_grid_predictions_1.mtz,1,1,382,0.76834935
3542,./thermolysin_dw/thl_1p8A_grid_predictions_1.mtz,1,1,383,0.9545617
3543,./thermolysin_dw/thl_1p8A_grid_predictions_1.mtz,1,1,384,0.96352726
3544,./thermolysin_dw/thl_1p8A_grid_predictions_1.mtz,1,1,385,0.8891918
3545,./thermolysin_dw/thl_1p8A_grid_predictions_1.mtz,1,1,386,0.7058729
3546,./thermolysin_dw/thl_1p8A_grid_predictions_1.mtz,1,1,387,0.88984394
3547,./thermolysin_dw/thl_1p8A_grid_predictions_1.mtz,1,1,388,0.9352584
3548,./thermolysin_dw/thl_1p8A_grid_predictions_1.mtz,1,1,389,0.96716356
3549,./thermolysin_dw/thl_1p8A_grid_predictions_1.mtz,1,1,390,0.9076627
3550,./thermolysin_dw/thl_1p8A_grid_predictions_1.mtz,1,1,391,0.79084426
3551,./thermolysin_dw/thl_1p8A_grid_predictions_1.mtz,1,1,392,0.94266576
3552,./thermolysin_dw/thl_1p8A_grid_predictions_1.mtz,1,1,393,0.6758106
3553,./thermolysin_dw/thl_1p8A_grid_predictions_1.mtz,1,1,394,0.91712636
3554,./thermolysin_dw/thl_1p8A_grid_predictions_1.mtz,1,1,395,0.7910017
3555,./thermolysin_dw/thl_1p8A_grid_predictions_1.mtz,1,1,396,0.9159754
3556,./thermolysin_dw/thl_1p8A_grid_predictions_1.mtz,1,1,397,0.8473914
3557,./thermolysin_dw/thl_1p8A_grid_predictions_1.mtz,1,1,398,0.94056535
3558,./thermolysin_dw/thl_1p8A_grid_predictions_1.mtz,1,1,399,0.9502243
3559,./thermolysin_dw/thl_1p8A_grid_predictions_1.mtz,1,1,400,0.9189408
3560,./thermolysin_dw/thl_1p8A_grid_predictions_1.mtz,1,1,401,0.9143894
3561,./thermolysin_dw/thl_1p8A_grid_predictions_1.mtz,1,1,402,0.919661
3562,./thermolysin_dw/thl_1p8A_grid_predictions_1.mtz,1,1,403,0.9492121
3563,./thermolysin_dw/thl_1p8A_grid_predictions_1.mtz,1,1,404,0.8862939
3564,./thermolysin_dw/thl_1p8A_grid_predictions_1.mtz,1,1,405,0.9159048
3565,./thermolysin_dw/thl_1p8A_grid_predictions_1.mtz,1,1,406,0.9015037
3566,./thermolysin_dw/thl_1p8A_grid_predictions_1.mtz,1,1,407,0.90407735
3567,./thermolysin_dw/thl_1p8A_grid_predictions_1.mtz,1,1,408,0.9528959
3568,./thermolysin_dw/thl_1p8A_grid_predictions_1.mtz,1,1,409,0.94954985
3569,./thermolysin_dw/thl_1p8A_grid_predictions_1.mtz,1,1,410,0.6479701
3570,./thermolysin_dw/thl_1p8A_grid_predictions_1.mtz,1,1,411,0.8943817
3571,./thermolysin_dw/thl_1p8A_grid_predictions_1.mtz,1,1,412,0.8988573
3572,./thermolysin_dw/thl_1p8A_grid_predictions_1.mtz,1,1,413,0.92206806
3573,./thermolysin_dw/thl_1p8A_grid_predictions_1.mtz,1,1,414,0.9016852
3574,./thermolysin_dw/thl_1p8A_grid_predictions_1.mtz,1,1,415,0.89110875
3575,./thermolysin_dw/thl_1p8A_grid_predictions_1.mtz,1,1,416,0.90072584
3576,./thermolysin_dw/thl_1p8A_grid_predictions_1.mtz,1,1,417,0.8584416
3577,./thermolysin_dw/thl_1p8A_grid_predictions_1.mtz,1,1,418,0.9047415
3578,./thermolysin_dw/thl_1p8A_grid_predictions_1.mtz,1,1,419,0.9008092
3579,./thermolysin_dw/thl_1p8A_grid_predictions_1.mtz,1,1,420,0.85687345
3580,./thermolysin_dw/thl_1p8A_grid_predictions_1.mtz,1,1,421,0.941756
3581,./thermolysin_dw/thl_1p8A_grid_predictions_1.mtz,1,1,422,0.8195692
3582,./thermolysin_dw/thl_1p8A_grid_predictions_1.mtz,1,1,423,0.8893945
3583,./thermolysin_dw/thl_1p8A_grid_predictions_1.mtz,1,1,424,0.92273945
3584,./thermolysin_dw/thl_1p8A_grid_predictions_1.mtz,1,1,425,0.6683664
3585,./thermolysin_dw/thl_1p8A_grid_predictions_1.mtz,1,1,426,0.88876015
3586,./thermolysin_dw/thl_1p8A_grid_predictions_1.mtz,1,1,427,0.804874
3587,./thermolysin_dw/thl_1p8A_grid_predictions_1.mtz,1,1,428,0.8597859
3588,./thermolysin_dw/thl_1p8A_grid_predictions_1.mtz,1,1,429,0.912018
3589,./thermolysin_dw/thl_1p8A_grid_predictions_1.mtz,1,1,430,0.90559465
3590,./thermolysin_dw/thl_1p8A_grid_predictions_1.mtz,1,1,431,0.8513634
3591,./thermolysin_dw/thl_1p8A_grid_predictions_1.mtz,1,1,432,0.9124149
3592,./thermolysin_dw/thl_1p8A_grid_predictions_1.mtz,1,1,433,0.967716
3593,./thermolysin_dw/thl_1p8A_grid_predictions_1.mtz,1,1,434,0.89405656
3594,./thermolysin_dw/thl_1p8A_grid_predictions_1.mtz,1,1,435,0.80835956
3595,./thermolysin_dw/thl_1p8A_grid_predictions_1.mtz,1,1,436,0.846211
3596,./thermolysin_dw/thl_1p8A_grid_predictions_1.mtz,1,1,437,0.8744746
3597,./thermolysin_dw/thl_1p8A_grid_predictions_1.mtz,1,1,438,0.8271343
3598,./thermolysin_dw/thl_1p8A_grid_predictions_1.mtz,1,1,439,0.9337645
3599,./thermolysin_dw/thl_1p8A_grid_predictions_1.mtz,1,1,440,0.8516807
3600,./thermolysin_dw/thl_1p8A_grid_predictions_1.mtz,1,1,441,0.843149
3601,./thermolysin_dw/thl_1p8A_grid_predictions_1.mtz,1,1,442,0.94653565
3602,./thermolysin_dw/thl_1p8A_grid_predictions_1.mtz,1,1,443,0.80360055
3603,./thermolysin_dw/thl_1p8A_grid_predictions_1.mtz,1,1,444,0.9360621
3604,./thermolysin_dw/thl_1p8A_grid_predictions_1.mtz,1,1,445,0.94515425
3605,./thermolysin_dw/thl_1p8A_grid_predictions_1.mtz,1,1,446,0.50198007
3606,./thermolysin_dw/thl_1p8A_grid_predictions_1.mtz,1,1,447,0.9083509
3607,./thermolysin_dw/thl_1p8A_grid_predictions_1.mtz,1,1,448,0.8887279
3608,./thermolysin_dw/thl_1p8A_grid_predictions_1.mtz,1,1,449,0.52679515
3609,./thermolysin_dw/thl_1p8A_grid_predictions_1.mtz,1,1,450,0.90629965
3610,./thermolysin_dw/thl_1p8A_grid_predictions_1.mtz,1,1,451,0.7903425
3611,./thermolysin_dw/thl_1p8A_grid_predictions_1.mtz,1,1,452,0.8358117
3612,./thermolysin_dw/thl_1p8A_grid_predictions_1.mtz,1,1,453,0.89949435
3613,./thermolysin_dw/thl_1p8A_grid_predictions_1.mtz,1,1,454,0.9073539
3614,./thermolysin_dw/thl_1p8A_grid_predictions_1.mtz,1,1,455,0.7372528
3615,./thermolysin_dw/thl_1p8A_grid_predictions_1.mtz,1,1,456,0.92296517
3616,./thermolysin_dw/thl_1p8A_grid_predictions_1.mtz,1,1,457,0.9735191
3617,./thermolysin_dw/thl_1p8A_grid_predictions_1.mtz,1,1,458,0.8777132
3618,./thermolysin_dw/thl_1p8A_grid_predictions_1.mtz,1,1,459,0.9495043
3619,./thermolysin_dw/thl_1p8A_grid_predictions_1.mtz,1,1,460,0.9621855
3620,./thermolysin_dw/thl_1p8A_grid_predictions_1.mtz,1,1,461,0.69576406
3621,./thermolysin_dw/thl_1p8A_grid_predictions_1.mtz,1,1,462,0.87713945
3622,./thermolysin_dw/thl_1p8A_grid_predictions_1.mtz,1,1,463,0.9420824
3623,./thermolysin_dw/thl_1p8A_grid_predictions_1.mtz,1,1,464,0.9159925
3624,./thermolysin_dw/thl_1p8A_grid_predictions_1.mtz,1,1,465,0.90686905
3625,./thermolysin_dw/thl_1p8A_grid_predictions_1.mtz,1,1,466,0.9133706
3626,./thermolysin_dw/thl_1p8A_grid_predictions_1.mtz,1,1,467,0.9375177
3627,./thermolysin_dw/thl_1p8A_grid_predictions_1.mtz,1,1,468,0.93482524
3628,./thermolysin_dw/thl_1p8A_grid_predictions_1.mtz,1,1,469,0.9128509
3629,./thermolysin_dw/thl_1p8A_grid_predictions_1.mtz,1,1,470,0.9551703
3630,./thermolysin_dw/thl_1p8A_grid_predictions_1.mtz,1,1,471,0.9171251
3631,./thermolysin_dw/thl_1p8A_grid_predictions_1.mtz,1,1,472,0.9414952
3632,./thermolysin_dw/thl_1p8A_grid_predictions_1.mtz,1,1,473,0.94802827
3633,./thermolysin_dw/thl_1p8A_grid_predictions_1.mtz,1,1,474,0.9040397
3634,./thermolysin_dw/thl_1p8A_grid_predictions_1.mtz,1,1,475,0.9275908
3635,./thermolysin_dw/thl_1p8A_grid_predictions_1.mtz,1,1,476,0.90677035
3636,./thermolysin_dw/thl_1p8A_grid_predictions_1.mtz,1,1,477,0.9336557
3637,./thermolysin_dw/thl_1p8A_grid_predictions_1.mtz,1,1,478,0.57518905
3638,./thermolysin_dw/thl_1p8A_grid_predictions_1.mtz,1,1,479,0.83888465
3639,./thermolysin_dw/thl_1p8A_grid_predictions_1.mtz,1,1,480,0.6874222
3640,./thermolysin_dw/thl_1p8A_grid_predictions_1.mtz,1,1,481,0.8197293
3641,./thermolysin_dw/thl_1p8A_grid_predictions_1.mtz,1,1,482,0.91260314
3642,./thermolysin_dw/thl_1p8A_grid_predictions_1.mtz,1,1,483,0.698102
3643,./thermolysin_dw/thl_1p8A_grid_predictions_1.mtz,1,1,484,0.92973644
3644,./thermolysin_dw/thl_1p8A_grid_predictions_1.mtz,1,1,485,0.9507283
3645,./thermolysin_dw/thl_1p8A_grid_predictions_1.mtz,1,1,486,0.76749736
3646,./thermolysin_dw/thl_1p8A_grid_predictions_1.mtz,1,1,487,0.9177615
3647,./thermolysin_dw/thl_1p8A_grid_predictions_1.mtz,1,1,488,0.71060175
3648,./thermolysin_dw/thl_1p8A_grid_predictions_1.mtz,1,1,489,0.9668102
3649,./thermolysin_dw/thl_1p8A_grid_predictions_1.mtz,1,1,490,0.9640992
3650,./thermolysin_dw/thl_1p8A_grid_predictions_1.mtz,1,1,491,0.9506438
3651,./thermolysin_dw/thl_1p8A_grid_predictions_1.mtz,1,1,492,0.95435447
3652,./thermolysin_dw/thl_1p8A_grid_predictions_1.mtz,1,1,493,0.8081414
3653,./thermolysin_dw/thl_1p8A_grid_predictions_1.mtz,1,1,494,0.91940576
3654,./thermolysin_dw/thl_1p8A_grid_predictions_1.mtz,1,1,495,0.71437526
3655,./thermolysin_dw/thl_1p8A_grid_predictions_1.mtz,1,1,496,0.8986214
3656,./thermolysin_dw/thl_1p8A_grid_predictions_1.mtz,1,1,497,0.832839
3657,./thermolysin_dw/thl_1p8A_grid_predictions_1.mtz,1,1,498,0.8741812
3658,./thermolysin_dw/thl_1p8A_grid_predictions_1.mtz,1,1,499,0.9491571
3659,./thermolysin_dw/thl_1p8A_grid_predictions_1.mtz,1,1,500,0.95917505
3660,./thermolysin_dw/thl_1p8A_grid_predictions_1.mtz,1,1,501,0.8932439
3661,./thermolysin_dw/thl_1p8A_grid_predictions_1.mtz,1,1,502,0.8875078
3662,./thermolysin_dw/thl_1p8A_grid_predictions_1.mtz,1,1,503,0.946574
3663,./thermolysin_dw/thl_1p8A_grid_predictions_1.mtz,1,1,504,0.9399807
3664,./thermolysin_dw/thl_1p8A_grid_predictions_1.mtz,1,1,505,0.9580607
3665,./thermolysin_dw/thl_1p8A_grid_predictions_1.mtz,1,1,506,0.8581777
3666,./thermolysin_dw/thl_1p8A_grid_predictions_1.mtz,1,1,507,0.94210094
3667,./thermolysin_dw/thl_1p8A_grid_predictions_1.mtz,1,1,508,0.91934997
3668,./thermolysin_dw/thl_1p8A_grid_predictions_1.mtz,1,1,509,0.8817052
3669,./thermolysin_dw/thl_1p8A_grid_predictions_1.mtz,1,1,510,0.9715941
3670,./thermolysin_dw/thl_1p8A_grid_predictions_1.mtz,1,1,511,0.84287024
3671,./thermolysin_dw/thl_1p8A_grid_predictions_1.mtz,1,1,512,0.95365113
3672,./thermolysin_dw/thl_1p8A_grid_predictions_1.mtz,1,1,513,0.84614486
3673,./thermolysin_dw/thl_1p8A_grid_predictions_1.mtz,1,1,514,0.92505646
3674,./thermolysin_dw/thl_1p8A_grid_predictions_1.mtz,1,1,515,0.9214702
3675,./thermolysin_dw/thl_1p8A_grid_predictions_1.mtz,1,1,516,0.83776057
3676,./thermolysin_dw/thl_1p8A_grid_predictions_1.mtz,1,1,517,0.8236272
3677,./thermolysin_dw/thl_1p8A_grid_predictions_1.mtz,1,1,518,0.86589366
3678,./thermolysin_dw/thl_1p8A_grid_predictions_1.mtz,1,1,519,0.7736746
3679,./thermolysin_dw/thl_1p8A_grid_predictions_1.mtz,1,1,520,0.68199724
3680,./thermolysin_dw/thl_1p8A_grid_predictions_1.mtz,1,1,521,0.91834706
3681,./thermolysin_dw/thl_1p8A_grid_predictions_1.mtz,1,1,522,0.7924592
3682,./thermolysin_dw/thl_1p8A_grid_predictions_1.mtz,1,1,523,0.79820716
3683,./thermolysin_dw/thl_1p8A_grid_predictions_1.mtz,1,1,524,0.917888
3684,./thermolysin_dw/thl_1p8A_grid_predictions_1.mtz,1,1,525,0.75074285
3685,./thermolysin_dw/thl_1p8A_grid_predictions_1.mtz,1,1,526,0.73529553
3686,./thermolysin_dw/thl_1p8A_grid_predictions_1.mtz,1,1,527,0.8529282
3687,./thermolysin_dw/thl_1p8A_grid_predictions_1.mtz,1,1,528,0.92570096
3688,./thermolysin_dw/thl_1p8A_grid_predictions_1.mtz,1,1,529,0.92220414
3689,./thermolysin_dw/thl_1p8A_grid_predictions_1.mtz,1,1,530,0.950505
3690,./thermolysin_dw/thl_1p8A_grid_predictions_1.mtz,1,1,531,0.96703666
3691,./thermolysin_dw/thl_1p8A_grid_predictions_1.mtz,1,1,532,0.8755379
3692,./thermolysin_dw/thl_1p8A_grid_predictions_1.mtz,1,1,533,0.91570926
3693,./thermolysin_dw/thl_1p8A_grid_predictions_1.mtz,1,1,534,0.9104856
3694,./thermolysin_dw/thl_1p8A_grid_predictions_1.mtz,1,1,535,0.79999304
3695,./thermolysin_dw/thl_1p8A_grid_predictions_1.mtz,1,1,536,0.8380425
3696,./thermolysin_dw/thl_1p8A_grid_predictions_1.mtz,1,1,537,0.8275204
3697,./thermolysin_dw/thl_1p8A_grid_predictions_1.mtz,1,1,538,0.9271532
3698,./thermolysin_dw/thl_1p8A_grid_predictions_1.mtz,1,1,539,0.7686759
3699,./thermolysin_dw/thl_1p8A_grid_predictions_1.mtz,1,1,540,0.8923664
3700,./thermolysin_dw/thl_1p8A_grid_predictions_1.mtz,1,1,541,0.8524234
3701,./thermolysin_dw/thl_1p8A_grid_predictions_1.mtz,1,1,542,0.94981545
3702,./thermolysin_dw/thl_1p8A_grid_predictions_1.mtz,1,1,543,0.88491064
3703,./thermolysin_dw/thl_1p8A_grid_predictions_1.mtz,1,1,544,0.9164697
3704,./thermolysin_dw/thl_1p8A_grid_predictions_1.mtz,1,1,545,0.8709932
3705,./thermolysin_dw/thl_1p8A_grid_predictions_1.mtz,1,1,546,0.9613306
3706,./thermolysin_dw/thl_1p8A_grid_predictions_1.mtz,1,1,547,0.86032337
3707,./thermolysin_dw/thl_1p8A_grid_predictions_1.mtz,1,1,548,0.7450179
3708,./thermolysin_dw/thl_1p8A_grid_predictions_1.mtz,1,1,549,0.9251919
3709,./thermolysin_dw/thl_1p8A_grid_predictions_1.mtz,1,1,550,0.9545484
3710,./thermolysin_dw/thl_1p8A_grid_predictions_1.mtz,1,1,551,0.955139
3711,./thermolysin_dw/thl_1p8A_grid_predictions_1.mtz,1,1,552,0.8136866
3712,./thermolysin_dw/thl_1p8A_grid_predictions_1.mtz,1,1,553,0.9394891
3713,./thermolysin_dw/thl_1p8A_grid_predictions_1.mtz,1,1,554,0.9303358
3714,./thermolysin_dw/thl_1p8A_grid_predictions_1.mtz,1,1,555,0.8109516
3715,./thermolysin_dw/thl_1p8A_grid_predictions_1.mtz,1,1,556,0.8836484
3716,./thermolysin_dw/thl_1p8A_grid_predictions_1.mtz,1,1,557,0.9650543
3717,./thermolysin_dw/thl_1p8A_grid_predictions_1.mtz,1,1,558,0.812517
3718,./thermolysin_dw/thl_1p8A_grid_predictions_1.mtz,1,1,559,0.92235976
3719,./thermolysin_dw/thl_1p8A_grid_predictions_1.mtz,1,1,560,0.9486695
3720,./thermolysin_dw/thl_1p8A_grid_predictions_1.mtz,1,1,561,0.83226126
3721,./thermolysin_dw/thl_1p8A_grid_predictions_1.mtz,1,1,562,0.8405999
3722,./thermolysin_dw/thl_1p8A_grid_predictions_1.mtz,1,1,563,0.92197156
3723,./thermolysin_dw/thl_1p8A_grid_predictions_1.mtz,1,1,564,0.96233
3724,./thermolysin_dw/thl_1p8A_grid_predictions_1.mtz,1,1,565,0.9415259
3725,./thermolysin_dw/thl_1p8A_grid_predictions_1.mtz,1,1,566,0.9031933
3726,./thermolysin_dw/thl_1p8A_grid_predictions_1.mtz,1,1,567,0.8973325
3727,./thermolysin_dw/thl_1p8A_grid_predictions_1.mtz,1,1,568,0.91223824
3728,./thermolysin_dw/thl_1p8A_grid_predictions_1.mtz,1,1,569,0.93701243
3729,./thermolysin_dw/thl_1p8A_grid_predictions_1.mtz,1,1,570,0.9615763
3730,./thermolysin_dw/thl_1p8A_grid_predictions_1.mtz,1,1,571,0.8637254
3731,./thermolysin_dw/thl_1p8A_grid_predictions_1.mtz,1,1,572,0.94908994
3732,./thermolysin_dw/thl_1p8A_grid_predictions_1.mtz,1,1,573,0.9494571
3733,./thermolysin_dw/thl_1p8A_grid_predictions_1.mtz,1,1,574,0.7811573
3734,./thermolysin_dw/thl_1p8A_grid_predictions_1.mtz,1,1,575,0.94145805
3735,./thermolysin_dw/thl_1p8A_grid_predictions_1.mtz,1,1,576,0.84988636
3736,./thermolysin_dw/thl_1p8A_grid_predictions_1.mtz,1,1,577,0.7750326
3737,./thermolysin_dw/thl_1p8A_grid_predictions_1.mtz,1,1,578,0.96198523
3738,./thermolysin_dw/thl_1p8A_grid_predictions_1.mtz,1,1,579,0.8306054
3739,./thermolysin_dw/thl_1p8A_grid_predictions_1.mtz,1,1,580,0.9444879
3740,./thermolysin_dw/thl_1p8A_grid_predictions_1.mtz,1,1,581,0.7246208
3741,./thermolysin_dw/thl_1p8A_grid_predictions_1.mtz,1,1,582,0.5931373
3742,./thermolysin_dw/thl_1p8A_grid_predictions_1.mtz,1,1,583,0.9440071
3743,./thermolysin_dw/thl_1p8A_grid_predictions_1.mtz,1,1,584,0.9848837
3744,./thermolysin_dw/thl_1p8A_grid_predictions_1.mtz,1,1,585,0.9428255
3745,./thermolysin_dw/thl_1p8A_grid_predictions_1.mtz,1,1,586,0.8352655
3746,./thermolysin_dw/thl_1p8A_grid_predictions_1.mtz,1,1,587,0.9829082
3747,./thermolysin_dw/thl_1p8A_grid_predictions_1.mtz,1,1,588,0.89378345
3748,./thermolysin_dw/thl_1p8A_grid_predictions_1.mtz,1,1,589,0.87481594
3749,./thermolysin_dw/thl_1p8A_grid_predictions_1.mtz,1,1,590,0.7299663
3750,./thermolysin_dw/thl_1p8A_grid_predictions_1.mtz,1,1,591,0.8534436
3751,./thermolysin_dw/thl_1p8A_grid_predictions_1.mtz,1,1,592,0.9385771
3752,./thermolysin_dw/thl_1p8A_grid_predictions_1.mtz,1,1,593,0.8639638
3753,./thermolysin_dw/thl_1p8A_grid_predictions_1.mtz,1,1,594,0.96188885
3754,./thermolysin_dw/thl_1p8A_grid_predictions_1.mtz,1,1,595,0.91249734
3755,./thermolysin_dw/thl_1p8A_grid_predictions_1.mtz,1,1,596,0.89005154
3756,./thermolysin_dw/thl_1p8A_grid_predictions_1.mtz,1,1,597,0.88423204
3757,./thermolysin_dw/thl_1p8A_grid_predictions_1.mtz,1,1,598,0.8250433
3758,./thermolysin_dw/thl_1p8A_grid_predictions_1.mtz,1,1,599,0.9180944
3759,./thermolysin_dw/thl_1p8A_grid_predictions_1.mtz,1,1,600,0.9297595
3760,./thermolysin_dw/thl_1p8A_grid_predictions_1.mtz,1,1,601,0.76086986
3761,./thermolysin_dw/thl_1p8A_grid_predictions_1.mtz,1,1,602,0.9389493
3762,./thermolysin_dw/thl_1p8A_grid_predictions_1.mtz,1,1,603,0.9492819
3763,./thermolysin_dw/thl_1p8A_grid_predictions_1.mtz,1,1,604,0.98248416
3764,./thermolysin_dw/thl_1p8A_grid_predictions_1.mtz,1,1,605,0.9575515
3765,./thermolysin_dw/thl_1p8A_grid_predictions_1.mtz,1,1,606,0.88269204
3766,./thermolysin_dw/thl_1p8A_grid_predictions_1.mtz,1,1,607,0.7449426
3767,./thermolysin_dw/thl_1p8A_grid_predictions_1.mtz,1,1,608,0.9079473
3768,./thermolysin_dw/thl_1p8A_grid_predictions_1.mtz,1,1,609,0.9283838
3769,./thermolysin_dw/thl_1p8A_grid_predictions_1.mtz,1,1,610,0.97622013
3770,./thermolysin_dw/thl_1p8A_grid_predictions_1.mtz,1,1,611,0.9372424
3771,./thermolysin_dw/thl_1p8A_grid_predictions_1.mtz,1,1,612,0.98171496
3772,./thermolysin_dw/thl_1p8A_grid_predictions_1.mtz,1,1,613,0.75579095
3773,./thermolysin_dw/thl_1p8A_grid_predictions_1.mtz,1,1,614,0.95209086
3774,./thermolysin_dw/thl_1p8A_grid_predictions_1.mtz,1,1,615,0.96665764
3775,./thermolysin_dw/thl_1p8A_grid_predictions_1.mtz,1,1,616,0.8684999
3776,./thermolysin_dw/thl_1p8A_grid_predictions_1.mtz,1,1,617,0.91873723
3777,./thermolysin_dw/thl_1p8A_grid_predictions_1.mtz,1,1,618,0.9172892
3778,./thermolysin_dw/thl_1p8A_grid_predictions_1.mtz,1,1,619,0.52899164
3779,./thermolysin_dw/thl_1p8A_grid_predictions_1.mtz,1,1,620,0.9494778
3780,./thermolysin_dw/thl_1p8A_grid_predictions_1.mtz,1,1,621,0.94740343
3781,./thermolysin_dw/thl_1p8A_grid_predictions_1.mtz,1,1,622,0.9102304
3782,./thermolysin_dw/thl_1p8A_grid_predictions_1.mtz,1,1,623,0.7085774
3783,./thermolysin_dw/thl_1p8A_grid_predictions_1.mtz,1,1,624,0.7884463
3784,./thermolysin_dw/thl_1p8A_grid_predictions_1.mtz,1,1,625,0.9054121
3785,./thermolysin_dw/thl_1p8A_grid_predictions_1.mtz,1,1,626,0.9341584
3786,./thermolysin_dw/thl_1p8A_grid_predictions_1.mtz,1,1,627,0.89299184
3787,./thermolysin_dw/thl_1p8A_grid_predictions_1.mtz,1,1,628,0.918388
3788,./thermolysin_dw/thl_1p8A_grid_predictions_1.mtz,1,1,629,0.8397981
3789,./thermolysin_dw/thl_1p8A_grid_predictions_1.mtz,1,1,630,0.9425803
3790,./thermolysin_dw/thl_1p8A_grid_predictions_1.mtz,1,1,631,0.7889472
3791,./thermolysin_dw/thl_1p8A_grid_predictions_1.mtz,1,1,632,0.95557404
3792,./thermolysin_dw/thl_1p8A_grid_predictions_1.mtz,1,1,633,0.94224274
3793,./thermolysin_dw/thl_1p8A_grid_predictions_1.mtz,1,1,634,0.9430118
3794,./thermolysin_dw/thl_1p8A_grid_predictions_1.mtz,1,1,635,0.8899202
3795,./thermolysin_dw/thl_1p8A_grid_predictions_1.mtz,1,1,636,0.9430933
3796,./thermolysin_dw/thl_1p8A_grid_predictions_1.mtz,1,1,637,0.94404066
3797,./thermolysin_dw/thl_1p8A_grid_predictions_1.mtz,1,1,638,0.8757574
3798,./thermolysin_dw/thl_1p8A_grid_predictions_1.mtz,1,1,639,0.85207784
3799,./thermolysin_dw/thl_1p8A_grid_predictions_1.mtz,1,1,640,0.92280483
3800,./thermolysin_dw/thl_1p8A_grid_predictions_1.mtz,1,1,641,0.79062927
3801,./thermolysin_dw/thl_1p8A_grid_predictions_1.mtz,1,1,642,0.9621761
3802,./thermolysin_dw/thl_1p8A_grid_predictions_1.mtz,1,1,643,0.917453
3803,./thermolysin_dw/thl_1p8A_grid_predictions_1.mtz,1,1,644,0.92586404
3804,./thermolysin_dw/thl_1p8A_grid_predictions_1.mtz,1,1,645,0.9426269
3805,./thermolysin_dw/thl_1p8A_grid_predictions_1.mtz,1,1,646,0.78057426
3806,./thermolysin_dw/thl_1p8A_grid_predictions_1.mtz,1,1,647,0.8848332
3807,./thermolysin_dw/thl_1p8A_grid_predictions_1.mtz,1,1,648,0.89384335
3808,./thermolysin_dw/thl_1p8A_grid_predictions_1.mtz,1,1,649,0.89195675
3809,./thermolysin_dw/thl_1p8A_grid_predictions_1.mtz,1,1,650,0.9521351
3810,./thermolysin_dw/thl_1p8A_grid_predictions_1.mtz,1,1,651,0.9287336
3811,./thermolysin_dw/thl_1p8A_grid_predictions_1.mtz,1,1,652,0.8926067
3812,./thermolysin_dw/thl_1p8A_grid_predictions_1.mtz,1,1,653,0.81415707
3813,./thermolysin_dw/thl_1p8A_grid_predictions_1.mtz,1,1,654,0.9073933
3814,./thermolysin_dw/thl_1p8A_grid_predictions_1.mtz,1,1,655,0.9607177
3815,./thermolysin_dw/thl_1p8A_grid_predictions_1.mtz,1,1,656,0.94711745
3816,./thermolysin_dw/thl_1p8A_grid_predictions_1.mtz,1,1,657,0.9430261
3817,./thermolysin_dw/thl_1p8A_grid_predictions_1.mtz,1,1,658,0.7990419
3818,./thermolysin_dw/thl_1p8A_grid_predictions_1.mtz,1,1,659,0.9113236
3819,./thermolysin_dw/thl_1p8A_grid_predictions_1.mtz,1,1,660,0.97903484
3820,./thermolysin_dw/thl_1p8A_grid_predictions_1.mtz,1,1,661,0.9063366
3821,./thermolysin_dw/thl_1p8A_grid_predictions_1.mtz,1,1,662,0.9163467
3822,./thermolysin_dw/thl_1p8A_grid_predictions_1.mtz,1,1,663,0.78186405
3823,./thermolysin_dw/thl_1p8A_grid_predictions_1.mtz,1,1,664,0.9248019
3824,./thermolysin_dw/thl_1p8A_grid_predictions_1.mtz,1,1,665,0.9362787
3825,./thermolysin_dw/thl_1p8A_grid_predictions_1.mtz,1,1,666,0.95756745
3826,./thermolysin_dw/thl_1p8A_grid_predictions_1.mtz,1,1,667,0.90702033
3827,./thermolysin_dw/thl_1p8A_grid_predictions_1.mtz,1,1,668,0.87199676
3828,./thermolysin_dw/thl_1p8A_grid_predictions_1.mtz,1,1,669,0.9043013
3829,./thermolysin_dw/thl_1p8A_grid_predictions_1.mtz,1,1,670,0.9387847
3830,./thermolysin_dw/thl_1p8A_grid_predictions_1.mtz,1,1,671,0.96735877
3831,./thermolysin_dw/thl_1p8A_grid_predictions_1.mtz,1,1,672,0.85889214
3832,./thermolysin_dw/thl_1p8A_grid_predictions_1.mtz,1,1,673,0.62813234
3833,./thermolysin_dw/thl_1p8A_grid_predictions_1.mtz,1,1,674,0.9406818
3834,./thermolysin_dw/thl_1p8A_grid_predictions_1.mtz,1,1,675,0.95520335
3835,./thermolysin_dw/thl_1p8A_grid_predictions_1.mtz,1,1,676,0.92907894
3836,./thermolysin_dw/thl_1p8A_grid_predictions_1.mtz,1,1,677,0.90769273
3837,./thermolysin_dw/thl_1p8A_grid_predictions_1.mtz,1,1,678,0.94145864
3838,./thermolysin_dw/thl_1p8A_grid_predictions_1.mtz,1,1,679,0.94226724
3839,./thermolysin_dw/thl_1p8A_grid_predictions_1.mtz,1,1,680,0.8764371
3840,./thermolysin_dw/thl_1p8A_grid_predictions_1.mtz,1,1,681,0.92230344
3841,./thermolysin_dw/thl_1p8A_grid_predictions_1.mtz,1,1,682,0.8975937
3842,./thermolysin_dw/thl_1p8A_grid_predictions_1.mtz,1,1,683,0.97420967
3843,./thermolysin_dw/thl_1p8A_grid_predictions_1.mtz,1,1,684,0.9190072
3844,./thermolysin_dw/thl_1p8A_grid_predictions_1.mtz,1,1,685,0.9411369
3845,./thermolysin_dw/thl_1p8A_grid_predictions_1.mtz,1,1,686,0.8688465
3846,./thermolysin_dw/thl_1p8A_grid_predictions_1.mtz,1,1,687,0.95141804
3847,./thermolysin_dw/thl_1p8A_grid_predictions_1.mtz,1,1,688,0.9373548
3848,./thermolysin_dw/thl_1p8A_grid_predictions_1.mtz,1,1,689,0.93586177
3849,./thermolysin_dw/thl_1p8A_grid_predictions_1.mtz,1,1,690,0.9374103
3850,./thermolysin_dw/thl_1p8A_grid_predictions_1.mtz,1,1,691,0.95433563
3851,./thermolysin_dw/thl_1p8A_grid_predictions_1.mtz,1,1,692,0.9518914
3852,./thermolysin_dw/thl_1p8A_grid_predictions_1.mtz,1,1,693,0.9674609
3853,./thermolysin_dw/thl_1p8A_grid_predictions_1.mtz,1,1,694,0.9330671
3854,./thermolysin_dw/thl_1p8A_grid_predictions_1.mtz,1,1,695,0.93538064
3855,./thermolysin_dw/thl_1p8A_grid_predictions_1.mtz,1,1,696,0.8049436
3856,./thermolysin_dw/thl_1p8A_grid_predictions_1.mtz,1,1,697,0.9298954
3857,./thermolysin_dw/thl_1p8A_grid_predictions_1.mtz,1,1,698,0.87201875
3858,./thermolysin_dw/thl_1p8A_grid_predictions_1.mtz,1,1,699,0.7605142
3859,./thermolysin_dw/thl_1p8A_grid_predictions_1.mtz,1,1,700,0.8891979
3860,./thermolysin_dw/thl_1p8A_grid_predictions_1.mtz,1,1,701,0.93878454
3861,./thermolysin_dw/thl_1p8A_grid_predictions_1.mtz,1,1,702,0.97514516
3862,./thermolysin_dw/thl_1p8A_grid_predictions_1.mtz,1,1,703,0.7087246
3863,./thermolysin_dw/thl_1p8A_grid_predictions_1.mtz,1,1,704,0.94531006
3864,./thermolysin_dw/thl_1p8A_grid_predictions_1.mtz,1,1,705,0.86651623
3865,./thermolysin_dw/thl_1p8A_grid_predictions_1.mtz,1,1,706,0.947167
3866,./thermolysin_dw/thl_1p8A_grid_predictions_1.mtz,1,1,707,0.72597843
3867,./thermolysin_dw/thl_1p8A_grid_predictions_1.mtz,1,1,708,0.9524752
3868,./thermolysin_dw/thl_1p8A_grid_predictions_1.mtz,1,1,709,0.84492636
3869,./thermolysin_dw/thl_1p8A_grid_predictions_1.mtz,1,1,710,0.9389102
3870,./thermolysin_dw/thl_1p8A_grid_predictions_1.mtz,1,1,711,0.9504503
3871,./thermolysin_dw/thl_1p8A_grid_predictions_1.mtz,1,1,712,0.5654014
3872,./thermolysin_dw/thl_1p8A_grid_predictions_1.mtz,1,1,713,0.94664073
3873,./thermolysin_dw/thl_1p8A_grid_predictions_1.mtz,1,1,714,0.90838814
3874,./thermolysin_dw/thl_1p8A_grid_predictions_1.mtz,1,1,715,0.95899785
3875,./thermolysin_dw/thl_1p8A_grid_predictions_1.mtz,1,1,716,0.9480486
3876,./thermolysin_dw/thl_1p8A_grid_predictions_1.mtz,1,1,717,0.9252201
3877,./thermolysin_dw/thl_1p8A_grid_predictions_1.mtz,1,1,718,0.93658066
3878,./thermolysin_dw/thl_1p8A_grid_predictions_1.mtz,1,1,719,0.82880753
3879,./thermolysin_dw/thl_1p8A_grid_predictions_1.mtz,1,1,720,0.95842725
3880,./thermolysin_dw/thl_1p8A_grid_predictions_1.mtz,1,1,721,0.9624829
3881,./thermolysin_dw/thl_1p8A_grid_predictions_1.mtz,1,1,722,0.87113076
3882,./thermolysin_dw/thl_1p8A_grid_predictions_1.mtz,1,1,723,0.9622458
3883,./thermolysin_dw/thl_1p8A_grid_predictions_1.mtz,1,1,724,0.6657372
3884,./thermolysin_dw/thl_1p8A_grid_predictions_1.mtz,1,1,725,0.95255727
3885,./thermolysin_dw/thl_1p8A_grid_predictions_1.mtz,1,1,726,0.8698882
3886,./thermolysin_dw/thl_1p8A_grid_predictions_1.mtz,1,1,727,0.8717819
3887,./thermolysin_dw/thl_1p8A_grid_predictions_1.mtz,1,1,728,0.94692045
3888,./thermolysin_dw/thl_1p8A_grid_predictions_1.mtz,1,1,729,0.9295774
3889,./thermolysin_dw/thl_1p8A_grid_predictions_1.mtz,1,1,730,0.94923365
3890,./thermolysin_dw/thl_1p8A_grid_predictions_1.mtz,1,1,731,0.9615331
3891,./thermolysin_dw/thl_1p8A_grid_predictions_1.mtz,1,1,732,0.91587985
3892,./thermolysin_dw/thl_1p8A_grid_predictions_1.mtz,1,1,733,0.8243939
3893,./thermolysin_dw/thl_1p8A_grid_predictions_1.mtz,1,1,734,0.93645674
3894,./thermolysin_dw/thl_1p8A_grid_predictions_1.mtz,1,1,735,0.9450677
3895,./thermolysin_dw/thl_1p8A_grid_predictions_1.mtz,1,1,736,0.91583914
3896,./thermolysin_dw/thl_1p8A_grid_predictions_1.mtz,1,1,737,0.9083892
3897,./thermolysin_dw/thl_1p8A_grid_predictions_1.mtz,1,1,738,0.93270344
3898,./thermolysin_dw/thl_1p8A_grid_predictions_1.mtz,1,1,739,0.8482769
3899,./thermolysin_dw/thl_1p8A_grid_predictions_1.mtz,1,1,740,0.93580884
3900,./thermolysin_dw/thl_1p8A_grid_predictions_1.mtz,1,1,741,0.8654562
3901,./thermolysin_dw/thl_1p8A_grid_predictions_1.mtz,1,1,742,0.9445308
3902,./thermolysin_dw/thl_1p8A_grid_predictions_1.mtz,1,1,743,0.949983
3903,./thermolysin_dw/thl_1p8A_grid_predictions_1.mtz,1,1,744,0.94341165
3904,./thermolysin_dw/thl_1p8A_grid_predictions_1.mtz,1,1,745,0.9156237
3905,./thermolysin_dw/thl_1p8A_grid_predictions_1.mtz,1,1,746,0.8705751
3906,./thermolysin_dw/thl_1p8A_grid_predictions_1.mtz,1,1,747,0.95266616
3907,./thermolysin_dw/thl_1p8A_grid_predictions_1.mtz,1,1,748,0.792299
3908,./thermolysin_dw/thl_1p8A_grid_predictions_1.mtz,1,1,749,0.86451936
3909,./thermolysin_dw/thl_1p8A_grid_predictions_1.mtz,1,1,750,0.9276768
3910,./thermolysin_dw/thl_1p8A_grid_predictions_1.mtz,1,1,751,0.95669943
3911,./thermolysin_dw/thl_1p8A_grid_predictions_1.mtz,1,1,752,0.90250105
3912,./thermolysin_dw/thl_1p8A_grid_predictions_1.mtz,1,1,753,0.9710929
3913,./thermolysin_dw/thl_1p8A_grid_predictions_1.mtz,1,1,754,0.9273709
3914,./thermolysin_dw/thl_1p8A_grid_predictions_1.mtz,1,1,755,0.27519828
3915,./thermolysin_dw/thl_1p8A_grid_predictions_1.mtz,1,1,756,0.95105666
3916,./thermolysin_dw/thl_1p8A_grid_predictions_1.mtz,1,1,757,0.8865947
3917,./thermolysin_dw/thl_1p8A_grid_predictions_1.mtz,1,1,758,0.97383106
3918,./thermolysin_dw/thl_1p8A_grid_predictions_1.mtz,1,1,759,0.7942367
3919,./thermolysin_dw/thl_1p8A_grid_predictions_1.mtz,1,1,760,0.9075981
3920,./thermolysin_dw/thl_1p8A_grid_predictions_1.mtz,1,1,761,0.914664
3921,./thermolysin_dw/thl_1p8A_grid_predictions_1.mtz,1,1,762,0.96823364
3922,./thermolysin_dw/thl_1p8A_grid_predictions_1.mtz,1,1,763,0.76033676
3923,./thermolysin_dw/thl_1p8A_grid_predictions_1.mtz,1,1,764,0.9685388
3924,./thermolysin_dw/thl_1p8A_grid_predictions_1.mtz,1,1,765,0.9004544
3925,./thermolysin_dw/thl_1p8A_grid_predictions_1.mtz,1,1,766,0.9685788
3926,./thermolysin_dw/thl_1p8A_grid_predictions_1.mtz,1,1,767,0.897585
3927,./thermolysin_dw/thl_1p8A_grid_predictions_1.mtz,1,1,768,0.98920226
3928,./thermolysin_dw/thl_1p8A_grid_predictions_1.mtz,1,1,769,0.862021
3929,./thermolysin_dw/thl_1p8A_grid_predictions_1.mtz,1,1,770,0.8695628
3930,./thermolysin_dw/thl_1p8A_grid_predictions_1.mtz,1,1,771,0.899747
3931,./thermolysin_dw/thl_1p8A_grid_predictions_1.mtz,1,1,772,0.62571275
3932,./thermolysin_dw/thl_1p8A_grid_predictions_1.mtz,1,1,773,0.743689
3933,./thermolysin_dw/thl_1p8A_grid_predictions_1.mtz,1,1,774,0.94408387
3934,./thermolysin_dw/thl_1p8A_grid_predictions_1.mtz,1,1,775,0.8477772
3935,./thermolysin_dw/thl_1p8A_grid_predictions_1.mtz,1,1,776,0.9420964
3936,./thermolysin_dw/thl_1p8A_grid_predictions_1.mtz,1,1,777,0.8693983
3937,./thermolysin_dw/thl_1p8A_grid_predictions_1.mtz,1,1,778,0.9457489
3938,./thermolysin_dw/thl_1p8A_grid_predictions_1.mtz,1,1,779,0.91034687
3939,./thermolysin_dw/thl_1p8A_grid_predictions_1.mtz,1,1,780,0.898655
3940,./thermolysin_dw/thl_1p8A_grid_predictions_1.mtz,1,1,781,0.7771339
3941,./thermolysin_dw/thl_1p8A_grid_predictions_1.mtz,1,1,782,0.838468
3942,./thermolysin_dw/thl_1p8A_grid_predictions_1.mtz,1,1,783,0.85087264
3943,./thermolysin_dw/thl_1p8A_grid_predictions_1.mtz,1,1,784,0.86303383
3944,./thermolysin_dw/thl_1p8A_grid_predictions_1.mtz,1,1,785,0.91904855
3945,./thermolysin_dw/thl_1p8A_grid_predictions_1.mtz,1,1,786,0.9388907
3946,./thermolysin_dw/thl_1p8A_grid_predictions_1.mtz,1,1,787,0.9280419
3947,./thermolysin_dw/thl_1p8A_grid_predictions_1.mtz,1,1,788,0.7567967
3948,./thermolysin_dw/thl_1p8A_grid_predictions_1.mtz,1,1,789,0.844104
3949,./thermolysin_dw/thl_1p8A_grid_predictions_1.mtz,1,1,790,0.72561646
3950,./thermolysin_dw/thl_1p8A_grid_predictions_1.mtz,1,1,791,0.8002913
3951,./thermolysin_dw/thl_1p8A_grid_predictions_1.mtz,1,1,792,0.88633096
3952,./thermolysin_dw/thl_1p8A_grid_predictions_1.mtz,1,1,793,0.8495081
3953,./thermolysin_dw/thl_1p8A_grid_predictions_1.mtz,1,1,794,0.95121145
3954,./thermolysin_dw/thl_1p8A_grid_predictions_1.mtz,1,1,795,0.9222399
3955,./thermolysin_dw/thl_1p8A_grid_predictions_1.mtz,1,1,796,0.93048865
3956,./thermolysin_dw/thl_1p8A_grid_predictions_1.mtz,1,1,797,0.9566968
3957,./thermolysin_dw/thl_1p8A_grid_predictions_1.mtz,1,1,798,0.8430779
3958,./thermolysin_dw/thl_1p8A_grid_predictions_1.mtz,1,1,799,0.66577727
3959,./thermolysin_dw/thl_1p8A_grid_predictions_1.mtz,1,1,800,0.6455792
3960,./thermolysin_dw/thl_1p8A_grid_predictions_1.mtz,1,1,801,0.88922894
3961,./thermolysin_dw/thl_1p8A_grid_predictions_1.mtz,1,1,802,0.7100081
3962,./thermolysin_dw/thl_1p8A_grid_predictions_1.mtz,1,1,803,0.95018446
3963,./thermolysin_dw/thl_1p8A_grid_predictions_1.mtz,1,1,804,0.89435565
3964,./thermolysin_dw/thl_1p8A_grid_predictions_1.mtz,1,1,805,0.96661246
3965,./thermolysin_dw/thl_1p8A_grid_predictions_1.mtz,1,1,806,0.9511857
3966,./thermolysin_dw/thl_1p8A_grid_predictions_1.mtz,1,1,807,0.95746976
3967,./thermolysin_dw/thl_1p8A_grid_predictions_1.mtz,1,1,808,0.8374331
3968,./thermolysin_dw/thl_1p8A_grid_predictions_1.mtz,1,1,809,0.8884471
3969,./thermolysin_dw/thl_1p8A_grid_predictions_1.mtz,1,1,810,0.91975087
3970,./thermolysin_dw/thl_1p8A_grid_predictions_1.mtz,1,1,811,0.85378516
3971,./thermolysin_dw/thl_1p8A_grid_predictions_1.mtz,1,1,812,0.94930506
3972,./thermolysin_dw/thl_1p8A_grid_predictions_1.mtz,1,1,813,0.7720252
3973,./thermolysin_dw/thl_1p8A_grid_predictions_1.mtz,1,1,814,0.8449033
3974,./thermolysin_dw/thl_1p8A_grid_predictions_1.mtz,1,1,815,0.8986535
3975,./thermolysin_dw/thl_1p8A_grid_predictions_1.mtz,1,1,816,0.9724044
3976,./thermolysin_dw/thl_1p8A_grid_predictions_1.mtz,1,1,817,0.9393933
3977,./thermolysin_dw/thl_1p8A_grid_predictions_1.mtz,1,1,818,0.81749713
3978,./thermolysin_dw/thl_1p8A_grid_predictions_1.mtz,1,1,819,0.88204306
3979,./thermolysin_dw/thl_1p8A_grid_predictions_1.mtz,1,1,820,0.87151957
3980,./thermolysin_dw/thl_1p8A_grid_predictions_1.mtz,1,1,821,0.89716303
3981,./thermolysin_dw/thl_1p8A_grid_predictions_1.mtz,1,1,822,0.8708069
3982,./thermolysin_dw/thl_1p8A_grid_predictions_1.mtz,1,1,823,0.9228235
3983,./thermolysin_dw/thl_1p8A_grid_predictions_1.mtz,1,1,824,0.6900407
3984,./thermolysin_dw/thl_1p8A_grid_predictions_1.mtz,1,1,825,0.9341192
3985,./thermolysin_dw/thl_1p8A_grid_predictions_1.mtz,1,1,826,0.9522649
3986,./thermolysin_dw/thl_1p8A_grid_predictions_1.mtz,1,1,827,0.8694365
3987,./thermolysin_dw/thl_1p8A_grid_predictions_1.mtz,1,1,828,0.6949292
3988,./thermolysin_dw/thl_1p8A_grid_predictions_1.mtz,1,1,829,0.90225047
3989,./thermolysin_dw/thl_1p8A_grid_predictions_1.mtz,1,1,830,0.7927353
3990,./thermolysin_dw/thl_1p8A_grid_predictions_1.mtz,1,1,831,0.86685675
3991,./thermolysin_dw/thl_1p8A_grid_predictions_1.mtz,1,1,832,0.9352398
3992,./thermolysin_dw/thl_1p8A_grid_predictions_1.mtz,1,1,833,0.91309106
3993,./thermolysin_dw/thl_1p8A_grid_predictions_1.mtz,1,1,834,0.8558821
3994,./thermolysin_dw/thl_1p8A_grid_predictions_1.mtz,1,1,835,0.90948343
3995,./thermolysin_dw/thl_1p8A_grid_predictions_1.mtz,1,1,836,0.7858444
3996,./thermolysin_dw/thl_1p8A_grid_predictions_1.mtz,1,1,837,0.908935
3997,./thermolysin_dw/thl_1p8A_grid_predictions_1.mtz,1,1,838,0.7304898
3998,./thermolysin_dw/thl_1p8A_grid_predictions_1.mtz,1,1,839,0.89881337
3999,./thermolysin_dw/thl_1p8A_grid_predictions_1.mtz,1,1,840,0.8191173
4000,./thermolysin_dw/thl_1p8A_grid_predictions_1.mtz,1,1,841,0.893441
4001,./thermolysin_dw/thl_1p8A_grid_predictions_1.mtz,1,1,842,0.9319404
4002,./thermolysin_dw/thl_1p8A_grid_predictions_1.mtz,1,1,843,0.92175394
4003,./thermolysin_dw/thl_1p8A_grid_predictions_1.mtz,1,1,844,0.627915
4004,./thermolysin_dw/thl_1p8A_grid_predictions_1.mtz,1,1,845,0.6568687
4005,./thermolysin_dw/thl_1p8A_grid_predictions_1.mtz,1,1,846,0.96167034
4006,./thermolysin_dw/thl_1p8A_grid_predictions_1.mtz,1,1,847,0.92519236
4007,./thermolysin_dw/thl_1p8A_grid_predictions_1.mtz,1,1,848,0.8174424
4008,./thermolysin_dw/thl_1p8A_grid_predictions_1.mtz,1,1,849,0.9599743
4009,./thermolysin_dw/thl_1p8A_grid_predictions_1.mtz,1,1,850,0.8795898
4010,./thermolysin_dw/thl_1p8A_grid_predictions_1.mtz,1,1,851,0.9102626
4011,./thermolysin_dw/thl_1p8A_grid_predictions_1.mtz,1,1,852,0.94390374
4012,./thermolysin_dw/thl_1p8A_grid_predictions_1.mtz,1,1,853,0.9478701
4013,./thermolysin_dw/thl_1p8A_grid_predictions_1.mtz,1,1,854,0.954535
4014,./thermolysin_dw/thl_1p8A_grid_predictions_1.mtz,1,1,855,0.8270645
4015,./thermolysin_dw/thl_1p8A_grid_predictions_1.mtz,1,1,856,0.73111767
4016,./thermolysin_dw/thl_1p8A_grid_predictions_1.mtz,1,1,857,0.9303663
4017,./thermolysin_dw/thl_1p8A_grid_predictions_1.mtz,1,1,858,0.9018073
4018,./thermolysin_dw/thl_1p8A_grid_predictions_1.mtz,1,1,859,0.59686166
4019,./thermolysin_dw/thl_1p8A_grid_predictions_1.mtz,1,1,860,0.85127825
4020,./thermolysin_dw/thl_1p8A_grid_predictions_1.mtz,1,1,861,0.90714306
4021,./thermolysin_dw/thl_1p8A_grid_predictions_1.mtz,1,1,862,0.9416671
4022,./thermolysin_dw/thl_1p8A_grid_predictions_1.mtz,1,1,863,0.95553195
4023,./thermolysin_dw/thl_1p8A_grid_predictions_1.mtz,1,1,864,0.87992245
4024,./thermolysin_dw/thl_1p8A_grid_predictions_1.mtz,1,1,865,0.86218673
4025,./thermolysin_dw/thl_1p8A_grid_predictions_1.mtz,1,1,866,0.9320458
4026,./thermolysin_dw/thl_1p8A_grid_predictions_1.mtz,1,1,867,0.9516896
4027,./thermolysin_dw/thl_1p8A_grid_predictions_1.mtz,1,1,868,0.8638202
4028,./thermolysin_dw/thl_1p8A_grid_predictions_1.mtz,1,1,869,0.9292492
4029,./thermolysin_dw/thl_1p8A_grid_predictions_1.mtz,1,1,870,0.89466983
4030,./thermolysin_dw/thl_1p8A_grid_predictions_1.mtz,1,1,871,0.8952548
4031,./thermolysin_dw/thl_1p8A_grid_predictions_1.mtz,1,1,872,0.8900046
4032,./thermolysin_dw/thl_1p8A_grid_predictions_1.mtz,1,1,873,0.9023224
4033,./thermolysin_dw/thl_1p8A_grid_predictions_1.mtz,1,1,874,0.9811801
4034,./thermolysin_dw/thl_1p8A_grid_predictions_1.mtz,1,1,875,0.8924123
4035,./thermolysin_dw/thl_1p8A_grid_predictions_1.mtz,1,1,876,0.883422
4036,./thermolysin_dw/thl_1p8A_grid_predictions_1.mtz,1,1,877,0.978137
4037,./thermolysin_dw/thl_1p8A_grid_predictions_1.mtz,1,1,878,0.9376854
4038,./thermolysin_dw/thl_1p8A_grid_predictions_1.mtz,1,1,879,0.916668
4039,./thermolysin_dw/thl_1p8A_grid_predictions_1.mtz,1,1,880,0.74584347
4040,./thermolysin_dw/thl_1p8A_grid_predictions_1.mtz,1,1,881,0.9441804
4041,./thermolysin_dw/thl_1p8A_grid_predictions_1.mtz,1,1,882,0.9136122
4042,./thermolysin_dw/thl_1p8A_grid_predictions_1.mtz,1,1,883,0.9554612
4043,./thermolysin_dw/thl_1p8A_grid_predictions_1.mtz,1,1,884,0.93218976
4044,./thermolysin_dw/thl_1p8A_grid_predictions_1.mtz,1,1,885,0.92062557
4045,./thermolysin_dw/thl_1p8A_grid_predictions_1.mtz,1,1,886,0.9323298
4046,./thermolysin_dw/thl_1p8A_grid_predictions_1.mtz,1,1,887,0.92250454
4047,./thermolysin_dw/thl_1p8A_grid_predictions_1.mtz,1,1,888,0.98076797
4048,./thermolysin_dw/thl_1p8A_grid_predictions_1.mtz,1,1,889,0.83554155
4049,./thermolysin_dw/thl_1p8A_grid_predictions_1.mtz,1,1,890,0.6200209
4050,./thermolysin_dw/thl_1p8A_grid_predictions_1.mtz,1,1,891,0.901629
4051,./thermolysin_dw/thl_1p8A_grid_predictions_1.mtz,1,1,892,0.86823756
4052,./thermolysin_dw/thl_1p8A_grid_predictions_1.mtz,1,1,893,0.87194806
4053,./thermolysin_dw/thl_1p8A_grid_predictions_1.mtz,1,1,894,0.8927805
4054,./thermolysin_dw/thl_1p8A_grid_predictions_1.mtz,1,1,895,0.89283043
4055,./thermolysin_dw/thl_1p8A_grid_predictions_1.mtz,1,1,896,0.7999861
4056,./thermolysin_dw/thl_1p8A_grid_predictions_1.mtz,1,1,897,0.6511113
4057,./thermolysin_dw/thl_1p8A_grid_predictions_1.mtz,1,1,898,0.95064926
4058,./thermolysin_dw/thl_1p8A_grid_predictions_1.mtz,1,1,899,0.9253679
4059,./thermolysin_dw/thl_1p8A_grid_predictions_1.mtz,1,1,900,0.90253294
4060,./thermolysin_dw/thl_1p8A_grid_predictions_1.mtz,1,1,901,0.96210396
4061,./thermolysin_dw/thl_1p8A_grid_predictions_1.mtz,1,1,902,0.9579945
4062,./thermolysin_dw/thl_1p8A_grid_predictions_1.mtz,1,1,903,0.909085
4063,./thermolysin_dw/thl_1p8A_grid_predictions_1.mtz,1,1,904,0.9408509
4064,./thermolysin_dw/thl_1p8A_grid_predictions_1.mtz,1,1,905,0.9369197
4065,./thermolysin_dw/thl_1p8A_grid_predictions_1.mtz,1,1,906,0.91420484
4066,./thermolysin_dw/thl_1p8A_grid_predictions_1.mtz,1,1,907,0.94621307
4067,./thermolysin_dw/thl_1p8A_grid_predictions_1.mtz,1,1,908,0.92074287
4068,./thermolysin_dw/thl_1p8A_grid_predictions_1.mtz,1,1,909,0.9596228
4069,./thermolysin_dw/thl_1p8A_grid_predictions_1.mtz,1,1,910,0.8964268
4070,./thermolysin_dw/thl_1p8A_grid_predictions_1.mtz,1,1,911,0.9330234
4071,./thermolysin_dw/thl_1p8A_grid_predictions_1.mtz,1,1,912,0.92887586
4072,./thermolysin_dw/thl_1p8A_grid_predictions_1.mtz,1,1,913,0.87871224
4073,./thermolysin_dw/thl_1p8A_grid_predictions_1.mtz,1,1,914,0.92681813
4074,./thermolysin_dw/thl_1p8A_grid_predictions_1.mtz,1,1,915,0.8960865
4075,./thermolysin_dw/thl_1p8A_grid_predictions_1.mtz,1,1,916,0.96618927
4076,./thermolysin_dw/thl_1p8A_grid_predictions_1.mtz,1,1,917,0.9683616
4077,./thermolysin_dw/thl_1p8A_grid_predictions_1.mtz,1,1,918,0.897555
4078,./thermolysin_dw/thl_1p8A_grid_predictions_1.mtz,1,1,919,0.7408327
4079,./thermolysin_dw/thl_1p8A_grid_predictions_1.mtz,1,1,920,0.94129723
4080,./thermolysin_dw/thl_1p8A_grid_predictions_1.mtz,1,1,921,0.94103473
4081,./thermolysin_dw/thl_1p8A_grid_predictions_1.mtz,1,1,922,0.9291765
4082,./thermolysin_dw/thl_1p8A_grid_predictions_1.mtz,1,1,923,0.9073624
4083,./thermolysin_dw/thl_1p8A_grid_predictions_1.mtz,1,1,924,0.9293105
4084,./thermolysin_dw/thl_1p8A_grid_predictions_1.mtz,1,1,925,0.81852865
4085,./thermolysin_dw/thl_1p8A_grid_predictions_1.mtz,1,1,926,0.941025
4086,./thermolysin_dw/thl_1p8A_grid_predictions_1.mtz,1,1,927,0.9399361
4087,./thermolysin_dw/thl_1p8A_grid_predictions_1.mtz,1,1,928,0.9075988
4088,./thermolysin_dw/thl_1p8A_grid_predictions_1.mtz,1,1,929,0.81643707
4089,./thermolysin_dw/thl_1p8A_grid_predictions_1.mtz,1,1,930,0.93310386
4090,./thermolysin_dw/thl_1p8A_grid_predictions_1.mtz,1,1,931,0.92096937
4091,./thermolysin_dw/thl_1p8A_grid_predictions_1.mtz,1,1,932,0.95169276
4092,./thermolysin_dw/thl_1p8A_grid_predictions_1.mtz,1,1,933,0.72714525
4093,./thermolysin_dw/thl_1p8A_grid_predictions_1.mtz,1,1,934,0.9388015
4094,./thermolysin_dw/thl_1p8A_grid_predictions_1.mtz,1,1,935,0.8358954
4095,./thermolysin_dw/thl_1p8A_grid_predictions_1.mtz,1,1,936,0.9205696
4096,./thermolysin_dw/thl_1p8A_grid_predictions_1.mtz,1,1,937,0.97017246
4097,./thermolysin_dw/thl_1p8A_grid_predictions_1.mtz,1,1,938,0.95963657
4098,./thermolysin_dw/thl_1p8A_grid_predictions_1.mtz,1,1,939,0.947831
4099,./thermolysin_dw/thl_1p8A_grid_predictions_1.mtz,1,1,940,0.87431943
4100,./thermolysin_dw/thl_1p8A_grid_predictions_1.mtz,1,1,941,0.937735
4101,./thermolysin_dw/thl_1p8A_grid_predictions_1.mtz,1,1,942,0.93157536
4102,./thermolysin_dw/thl_1p8A_grid_predictions_1.mtz,1,1,943,0.9077817
4103,./thermolysin_dw/thl_1p8A_grid_predictions_1.mtz,1,1,944,0.91049147
4104,./thermolysin_dw/thl_1p8A_grid_predictions_1.mtz,1,1,945,0.9178477
4105,./thermolysin_dw/thl_1p8A_grid_predictions_1.mtz,1,1,946,0.86493325
4106,./thermolysin_dw/thl_1p8A_grid_predictions_1.mtz,1,1,947,0.9343342
4107,./thermolysin_dw/thl_1p8A_grid_predictions_1.mtz,1,1,948,0.9330666
4108,./thermolysin_dw/thl_1p8A_grid_predictions_1.mtz,1,1,949,0.9054251
4109,./thermolysin_dw/thl_1p8A_grid_predictions_1.mtz,1,1,950,0.9596671
4110,./thermolysin_dw/thl_1p8A_grid_predictions_1.mtz,1,1,951,0.9264586
4111,./thermolysin_dw/thl_1p8A_grid_predictions_1.mtz,1,1,952,0.929371
4112,./thermolysin_dw/thl_1p8A_grid_predictions_1.mtz,1,1,953,0.89857274
4113,./thermolysin_dw/thl_1p8A_grid_predictions_1.mtz,1,1,954,0.94671506
4114,./thermolysin_dw/thl_1p8A_grid_predictions_1.mtz,1,1,955,0.8847841
4115,./thermolysin_dw/thl_1p8A_grid_predictions_1.mtz,1,1,956,0.9472468
4116,./thermolysin_dw/thl_1p8A_grid_predictions_1.mtz,1,1,957,0.96473235
4117,./thermolysin_dw/thl_1p8A_grid_predictions_1.mtz,1,1,958,0.9539585
4118,./thermolysin_dw/thl_1p8A_grid_predictions_1.mtz,1,1,959,0.95772684
4119,./thermolysin_dw/thl_1p8A_grid_predictions_1.mtz,1,1,960,0.970226
4120,./thermolysin_dw/thl_1p8A_grid_predictions_1.mtz,1,1,961,0.89798874
4121,./thermolysin_dw/thl_1p8A_grid_predictions_1.mtz,1,1,962,0.97541887
4122,./thermolysin_dw/thl_1p8A_grid_predictions_1.mtz,1,1,963,0.7803774
4123,./thermolysin_dw/thl_1p8A_grid_predictions_1.mtz,1,1,964,0.9383874
4124,./thermolysin_dw/thl_1p8A_grid_predictions_1.mtz,1,1,965,0.9396727
4125,./thermolysin_dw/thl_1p8A_grid_predictions_1.mtz,1,1,966,0.8756241
4126,./thermolysin_dw/thl_1p8A_grid_predictions_1.mtz,1,1,967,0.90333074
4127,./thermolysin_dw/thl_1p8A_grid_predictions_1.mtz,1,1,968,0.9668628
4128,./thermolysin_dw/thl_1p8A_grid_predictions_1.mtz,1,1,969,0.94422126
4129,./thermolysin_dw/thl_1p8A_grid_predictions_1.mtz,1,1,970,0.7865564
4130,./thermolysin_dw/thl_1p8A_grid_predictions_1.mtz,1,1,971,0.9009103
4131,./thermolysin_dw/thl_1p8A_grid_predictions_1.mtz,1,1,972,0.9056089
4132,./thermolysin_dw/thl_1p8A_grid_predictions_1.mtz,1,1,973,0.7214687
4133,./thermolysin_dw/thl_1p8A_grid_predictions_1.mtz,1,1,974,0.91515
4134,./thermolysin_dw/thl_1p8A_grid_predictions_1.mtz,1,1,975,0.9056396
4135,./thermolysin_dw/thl_1p8A_grid_predictions_1.mtz,1,1,976,0.92980003
4136,./thermolysin_dw/thl_1p8A_grid_predictions_1.mtz,1,1,977,0.8509791
4137,./thermolysin_dw/thl_1p8A_grid_predictions_1.mtz,1,1,978,0.9305878
4138,./thermolysin_dw/thl_1p8A_grid_predictions_1.mtz,1,1,979,0.92311573
4139,./thermolysin_dw/thl_1p8A_grid_predictions_1.mtz,1,1,980,0.9121865
4140,./thermolysin_dw/thl_1p8A_grid_predictions_1.mtz,1,1,981,0.86442435
4141,./thermolysin_dw/thl_1p8A_grid_predictions_1.mtz,1,1,982,0.9227688
4142,./thermolysin_dw/thl_1p8A_grid_predictions_1.mtz,1,1,983,0.952069
4143,./thermolysin_dw/thl_1p8A_grid_predictions_1.mtz,1,1,984,0.8182968
4144,./thermolysin_dw/thl_1p8A_grid_predictions_1.mtz,1,1,985,0.874319
4145,./thermolysin_dw/thl_1p8A_grid_predictions_1.mtz,1,1,986,0.91425395
4146,./thermolysin_dw/thl_1p8A_grid_predictions_1.mtz,1,1,987,0.9340345
4147,./thermolysin_dw/thl_1p8A_grid_predictions_1.mtz,1,1,988,0.49179792
4148,./thermolysin_dw/thl_1p8A_grid_predictions_1.mtz,1,1,989,0.9108983
4149,./thermolysin_dw/thl_1p8A_grid_predictions_1.mtz,1,1,990,0.9048709
4150,./thermolysin_dw/thl_1p8A_grid_predictions_1.mtz,1,1,991,0.7995737
4151,./thermolysin_dw/thl_1p8A_grid_predictions_1.mtz,1,1,992,0.8863662
4152,./thermolysin_dw/thl_1p8A_grid_predictions_1.mtz,1,1,993,0.755228
4153,./thermolysin_dw/thl_1p8A_grid_predictions_1.mtz,1,1,994,0.9274699
4154,./thermolysin_dw/thl_1p8A_grid_predictions_1.mtz,1,1,995,0.8583488
4155,./thermolysin_dw/thl_1p8A_grid_predictions_1.mtz,1,1,996,0.885521
4156,./thermolysin_dw/thl_1p8A_grid_predictions_1.mtz,1,1,997,0.92456055
4157,./thermolysin_dw/thl_1p8A_grid_predictions_1.mtz,1,1,998,0.84107053
4158,./thermolysin_dw/thl_1p8A_grid_predictions_1.mtz,1,1,999,0.873462
4159,./thermolysin_dw/thl_1p8A_grid_predictions_1.mtz,1,1,1000,0.8533271
4160,./thermolysin_dw/thl_1p8A_grid_predictions_1.mtz,1,1,1001,0.91511774
4161,./thermolysin_dw/thl_1p8A_grid_predictions_1.mtz,1,1,1002,0.89842516
4162,./thermolysin_dw/thl_1p8A_grid_predictions_1.mtz,1,1,1003,0.9486729
4163,./thermolysin_dw/thl_1p8A_grid_predictions_1.mtz,1,1,1004,0.8705645
4164,./thermolysin_dw/thl_1p8A_grid_predictions_1.mtz,1,1,1005,0.95999604
4165,./thermolysin_dw/thl_1p8A_grid_predictions_1.mtz,1,1,1006,0.93932277
4166,./thermolysin_dw/thl_1p8A_grid_predictions_1.mtz,1,1,1007,0.89824253
4167,./thermolysin_dw/thl_1p8A_grid_predictions_1.mtz,1,1,1008,0.86876255
4168,./thermolysin_dw/thl_1p8A_grid_predictions_1.mtz,1,1,1009,0.903787
4169,./thermolysin_dw/thl_1p8A_grid_predictions_1.mtz,1,1,1010,0.9453385
4170,./thermolysin_dw/thl_1p8A_grid_predictions_1.mtz,1,1,1011,0.9570039
4171,./thermolysin_dw/thl_1p8A_grid_predictions_1.mtz,1,1,1012,0.8281149
4172,./thermolysin_dw/thl_1p8A_grid_predictions_1.mtz,1,1,1013,0.8468659
4173,./thermolysin_dw/thl_1p8A_grid_predictions_1.mtz,1,1,1014,0.89094734
4174,./thermolysin_dw/thl_1p8A_grid_predictions_1.mtz,1,1,1015,0.93016714
4175,./thermolysin_dw/thl_1p8A_grid_predictions_1.mtz,1,1,1016,0.76368195
4176,./thermolysin_dw/thl_1p8A_grid_predictions_1.mtz,1,1,1017,0.93475366
4177,./thermolysin_dw/thl_1p8A_grid_predictions_1.mtz,1,1,1018,0.85641396
4178,./thermolysin_dw/thl_1p8A_grid_predictions_1.mtz,1,1,1019,0.9749812
4179,./thermolysin_dw/thl_1p8A_grid_predictions_1.mtz,1,1,1020,0.89065236
4180,./thermolysin_dw/thl_1p8A_grid_predictions_1.mtz,1,1,1021,0.886705
4181,./thermolysin_dw/thl_1p8A_grid_predictions_1.mtz,1,1,1022,0.88959056
4182,./thermolysin_dw/thl_1p8A_grid_predictions_1.mtz,1,1,1023,0.9428271
4183,./thermolysin_dw/thl_1p8A_grid_predictions_1.mtz,1,1,1024,0.9026334
4184,./thermolysin_dw/thl_1p8A_grid_predictions_1.mtz,1,1,1025,0.8946663
4185,./thermolysin_dw/thl_1p8A_grid_predictions_1.mtz,1,1,1026,0.6770122
4186,./thermolysin_dw/thl_1p8A_grid_predictions_1.mtz,1,1,1027,0.94479746
4187,./thermolysin_dw/thl_1p8A_grid_predictions_1.mtz,1,1,1028,0.9326813
4188,./thermolysin_dw/thl_1p8A_grid_predictions_1.mtz,1,1,1029,0.6430323
4189,./thermolysin_dw/thl_1p8A_grid_predictions_1.mtz,1,1,1030,0.9362192
4190,./thermolysin_dw/thl_1p8A_grid_predictions_1.mtz,1,1,1031,0.9198774
4191,./thermolysin_dw/thl_1p8A_grid_predictions_1.mtz,1,1,1032,0.91463655
4192,./thermolysin_dw/thl_1p8A_grid_predictions_1.mtz,1,1,1033,0.9480941
4193,./thermolysin_dw/thl_1p8A_grid_predictions_1.mtz,1,1,1034,0.9568888
4194,./thermolysin_dw/thl_1p8A_grid_predictions_1.mtz,1,1,1035,0.89729744
4195,./thermolysin_dw/thl_1p8A_grid_predictions_1.mtz,1,1,1036,0.89341253
4196,./thermolysin_dw/thl_1p8A_grid_predictions_1.mtz,1,1,1037,0.9433431
4197,./thermolysin_dw/thl_1p8A_grid_predictions_1.mtz,1,1,1038,0.9620744
4198,./thermolysin_dw/thl_1p8A_grid_predictions_1.mtz,1,1,1039,0.9161842
4199,./thermolysin_dw/thl_1p8A_grid_predictions_1.mtz,1,1,1040,0.8753333
4200,./thermolysin_dw/thl_1p8A_grid_predictions_1.mtz,1,1,1041,0.90966743
4201,./thermolysin_dw/thl_1p8A_grid_predictions_1.mtz,1,1,1042,0.7603429
4202,./thermolysin_dw/thl_1p8A_grid_predictions_1.mtz,1,1,1043,0.91291016
4203,./thermolysin_dw/thl_1p8A_grid_predictions_1.mtz,1,1,1044,0.8962855
4204,./thermolysin_dw/thl_1p8A_grid_predictions_1.mtz,1,1,1045,0.97331995
4205,./thermolysin_dw/thl_1p8A_grid_predictions_1.mtz,1,1,1046,0.8918038
4206,./thermolysin_dw/thl_1p8A_grid_predictions_1.mtz,1,1,1047,0.7875288
4207,./thermolysin_dw/thl_1p8A_grid_predictions_1.mtz,1,1,1048,0.9163354
4208,./thermolysin_dw/thl_1p8A_grid_predictions_1.mtz,1,1,1049,0.9055651
4209,./thermolysin_dw/thl_1p8A_grid_predictions_1.mtz,1,1,1050,0.92520005
4210,./thermolysin_dw/thl_1p8A_grid_predictions_1.mtz,1,1,1051,0.93648005
4211,./thermolysin_dw/thl_1p8A_grid_predictions_1.mtz,1,1,1052,0.94173384
4212,./thermolysin_dw/thl_1p8A_grid_predictions_1.mtz,1,1,1053,0.91375977
4213,./thermolysin_dw/thl_1p8A_grid_predictions_1.mtz,1,1,1054,0.94254017
4214,./thermolysin_dw/thl_1p8A_grid_predictions_1.mtz,1,1,1055,0.9322185
4215,./thermolysin_dw/thl_1p8A_grid_predictions_1.mtz,1,1,1056,0.93699014
4216,./thermolysin_dw/thl_1p8A_grid_predictions_1.mtz,1,1,1057,0.9715856
4217,./thermolysin_dw/thl_1p8A_grid_predictions_1.mtz,1,1,1058,0.9127594
4218,./thermolysin_dw/thl_1p8A_grid_predictions_1.mtz,1,1,1059,0.8934683
4219,./thermolysin_dw/thl_1p8A_grid_predictions_1.mtz,1,1,1060,0.9649856
4220,./thermolysin_dw/thl_1p8A_grid_predictions_1.mtz,1,1,1061,0.9621518
4221,./thermolysin_dw/thl_1p8A_grid_predictions_1.mtz,1,1,1062,0.93995225
4222,./thermolysin_dw/thl_1p8A_grid_predictions_1.mtz,1,1,1063,0.93175316
4223,./thermolysin_dw/thl_1p8A_grid_predictions_1.mtz,1,1,1064,0.77867895
4224,./thermolysin_dw/thl_1p8A_grid_predictions_1.mtz,1,1,1065,0.9029504
4225,./thermolysin_dw/thl_1p8A_grid_predictions_1.mtz,1,1,1066,0.8058093
4226,./thermolysin_dw/thl_1p8A_grid_predictions_1.mtz,1,1,1067,0.8926223
4227,./thermolysin_dw/thl_1p8A_grid_predictions_1.mtz,1,1,1068,0.96588343
4228,./thermolysin_dw/thl_1p8A_grid_predictions_1.mtz,1,1,1069,0.90673596
4229,./thermolysin_dw/thl_1p8A_grid_predictions_1.mtz,1,1,1070,0.828306
4230,./thermolysin_dw/thl_1p8A_grid_predictions_1.mtz,1,1,1071,0.92796254
4231,./thermolysin_dw/thl_1p8A_grid_predictions_1.mtz,1,1,1072,0.84133935
4232,./thermolysin_dw/thl_1p8A_grid_predictions_1.mtz,1,1,1073,0.91753566
4233,./thermolysin_dw/thl_1p8A_grid_predictions_1.mtz,1,1,1074,0.9805558
4234,./thermolysin_dw/thl_1p8A_grid_predictions_1.mtz,1,1,1075,0.7616104
4235,./thermolysin_dw/thl_1p8A_grid_predictions_1.mtz,1,1,1076,0.87654954
4236,./thermolysin_dw/thl_1p8A_grid_predictions_1.mtz,1,1,1077,0.95355463
4237,./thermolysin_dw/thl_1p8A_grid_predictions_1.mtz,1,1,1078,0.86237174
4238,./thermolysin_dw/thl_1p8A_grid_predictions_1.mtz,1,1,1079,0.9131739
4239,./thermolysin_dw/thl_1p8A_grid_predictions_1.mtz,1,1,1080,0.8581345
4240,./thermolysin_dw/thl_1p8A_grid_predictions_1.mtz,1,1,1081,0.9557096
4241,./thermolysin_dw/thl_1p8A_grid_predictions_1.mtz,1,1,1082,0.8993257
4242,./thermolysin_dw/thl_1p8A_grid_predictions_1.mtz,1,1,1083,0.95024437
4243,./thermolysin_dw/thl_1p8A_grid_predictions_1.mtz,1,1,1084,0.93750817
4244,./thermolysin_dw/thl_1p8A_grid_predictions_1.mtz,1,1,1085,0.87989503
4245,./thermolysin_dw/thl_1p8A_grid_predictions_1.mtz,1,1,1086,0.8992904
4246,./thermolysin_dw/thl_1p8A_grid_predictions_1.mtz,1,1,1087,0.8737838
4247,./thermolysin_dw/thl_1p8A_grid_predictions_1.mtz,1,1,1088,0.95944405
4248,./thermolysin_dw/thl_1p8A_grid_predictions_1.mtz,1,1,1089,0.9410151
4249,./thermolysin_dw/thl_1p8A_grid_predictions_1.mtz,1,1,1090,0.9365341
4250,./thermolysin_dw/thl_1p8A_grid_predictions_1.mtz,1,1,1091,0.8325753
4251,./thermolysin_dw/thl_1p8A_grid_predictions_1.mtz,1,1,1092,0.8041908
4252,./thermolysin_dw/thl_1p8A_grid_predictions_1.mtz,1,1,1093,0.79332954
4253,./thermolysin_dw/thl_1p8A_grid_predictions_1.mtz,1,1,1094,0.8205728
4254,./thermolysin_dw/thl_1p8A_grid_predictions_1.mtz,1,1,1095,0.9655144
4255,./thermolysin_dw/thl_1p8A_grid_predictions_1.mtz,1,1,1096,0.96286595
4256,./thermolysin_dw/thl_1p8A_grid_predictions_1.mtz,1,1,1097,0.9439092
4257,./thermolysin_dw/thl_1p8A_grid_predictions_1.mtz,1,1,1098,0.9491936
4258,./thermolysin_dw/thl_1p8A_grid_predictions_1.mtz,1,1,1099,0.9190528
4259,./thermolysin_dw/thl_1p8A_grid_predictions_1.mtz,1,1,1100,0.91815174
4260,./thermolysin_dw/thl_1p8A_grid_predictions_1.mtz,1,1,1101,0.94570285
4261,./thermolysin_dw/thl_1p8A_grid_predictions_1.mtz,1,1,1102,0.73245925
4262,./thermolysin_dw/thl_1p8A_grid_predictions_1.mtz,1,1,1103,0.85199714
4263,./thermolysin_dw/thl_1p8A_grid_predictions_1.mtz,1,1,1104,0.9093368
4264,./thermolysin_dw/thl_1p8A_grid_predictions_1.mtz,1,1,1105,0.9604417
4265,./thermolysin_dw/thl_1p8A_grid_predictions_1.mtz,1,1,1106,0.9501344
4266,./thermolysin_dw/thl_1p8A_grid_predictions_1.mtz,1,1,1107,0.83952075
4267,./thermolysin_dw/thl_1p8A_grid_predictions_1.mtz,1,1,1108,0.9297235
4268,./thermolysin_dw/thl_1p8A_grid_predictions_1.mtz,1,1,1109,0.9101859
4269,./thermolysin_dw/thl_1p8A_grid_predictions_1.mtz,1,1,1110,0.9670612
4270,./thermolysin_dw/thl_1p8A_grid_predictions_1.mtz,1,1,1111,0.9328951
4271,./thermolysin_dw/thl_1p8A_grid_predictions_1.mtz,1,1,1112,0.92624116
4272,./thermolysin_dw/thl_1p8A_grid_predictions_1.mtz,1,1,1113,0.83658105
4273,./thermolysin_dw/thl_1p8A_grid_predictions_1.mtz,1,1,1114,0.9145193
4274,./thermolysin_dw/thl_1p8A_grid_predictions_1.mtz,1,1,1115,0.9239803
4275,./thermolysin_dw/thl_1p8A_grid_predictions_1.mtz,1,1,1116,0.9427828
4276,./thermolysin_dw/thl_1p8A_grid_predictions_1.mtz,1,1,1117,0.89987624
4277,./thermolysin_dw/thl_1p8A_grid_predictions_1.mtz,1,1,1118,0.4800944
4278,./thermolysin_dw/thl_1p8A_grid_predictions_1.mtz,1,1,1119,0.93205166
4279,./thermolysin_dw/thl_1p8A_grid_predictions_1.mtz,1,1,1120,0.951619
4280,./thermolysin_dw/thl_1p8A_grid_predictions_1.mtz,1,1,1121,0.94264907
4281,./thermolysin_dw/thl_1p8A_grid_predictions_1.mtz,1,1,1122,0.86980736
4282,./thermolysin_dw/thl_1p8A_grid_predictions_1.mtz,1,1,1123,0.962587
4283,./thermolysin_dw/thl_1p8A_grid_predictions_1.mtz,1,1,1124,0.90967023
4284,./thermolysin_dw/thl_1p8A_grid_predictions_1.mtz,1,1,1125,0.9158543
4285,./thermolysin_dw/thl_1p8A_grid_predictions_1.mtz,1,1,1126,0.9574924
4286,./thermolysin_dw/thl_1p8A_grid_predictions_1.mtz,1,1,1127,0.9042441
4287,./thermolysin_dw/thl_1p8A_grid_predictions_1.mtz,1,1,1128,0.91714865
4288,./thermolysin_dw/thl_1p8A_grid_predictions_1.mtz,1,1,1129,0.9565459
4289,./thermolysin_dw/thl_1p8A_grid_predictions_1.mtz,1,1,1130,0.9451936
4290,./thermolysin_dw/thl_1p8A_grid_predictions_1.mtz,1,1,1131,0.9470809
4291,./thermolysin_dw/thl_1p8A_grid_predictions_1.mtz,1,1,1132,0.9757387
4292,./thermolysin_dw/thl_1p8A_grid_predictions_1.mtz,1,1,1133,0.96566623
4293,./thermolysin_dw/thl_1p8A_grid_predictions_1.mtz,1,1,1134,0.883375
4294,./thermolysin_dw/thl_1p8A_grid_predictions_1.mtz,1,1,1135,0.6429163
4295,./thermolysin_dw/thl_1p8A_grid_predictions_1.mtz,1,1,1136,0.9228975
4296,./thermolysin_dw/thl_1p8A_grid_predictions_1.mtz,1,1,1137,0.93796813
4297,./thermolysin_dw/thl_1p8A_grid_predictions_1.mtz,1,1,1138,0.9540229
4298,./thermolysin_dw/thl_1p8A_grid_predictions_1.mtz,1,1,1139,0.87161654
4299,./thermolysin_dw/thl_1p8A_grid_predictions_1.mtz,1,1,1140,0.95930964
4300,./thermolysin_dw/thl_1p8A_grid_predictions_1.mtz,1,1,1141,0.9310251
4301,./thermolysin_dw/thl_1p8A_grid_predictions_1.mtz,1,1,1142,0.9248355
4302,./thermolysin_dw/thl_1p8A_grid_predictions_1.mtz,1,1,1143,0.9658159
4303,./thermolysin_dw/thl_1p8A_grid_predictions_1.mtz,1,1,1144,0.94438684
4304,./thermolysin_dw/thl_1p8A_grid_predictions_1.mtz,1,1,1145,0.90941864
4305,./thermolysin_dw/thl_1p8A_grid_predictions_1.mtz,1,1,1146,0.8994681
4306,./thermolysin_dw/thl_1p8A_grid_predictions_1.mtz,1,1,1147,0.8672712
4307,./thermolysin_dw/thl_1p8A_grid_predictions_1.mtz,1,1,1148,0.95730996
4308,./thermolysin_dw/thl_1p8A_grid_predictions_1.mtz,1,1,1149,0.8528837
4309,./thermolysin_dw/thl_1p8A_grid_predictions_1.mtz,1,1,1150,0.96434045
4310,./thermolysin_dw/thl_1p8A_grid_predictions_1.mtz,1,1,1151,0.91700155
4311,./thermolysin_dw/thl_1p8A_grid_predictions_1.mtz,1,1,1152,0.86815697
4312,./thermolysin_dw/thl_1p8A_grid_predictions_1.mtz,1,1,1153,0.9427447
4313,./thermolysin_dw/thl_1p8A_grid_predictions_1.mtz,1,1,1154,0.9548714
4314,./thermolysin_dw/thl_1p8A_grid_predictions_1.mtz,1,1,1155,0.90499246
4315,./thermolysin_dw/thl_1p8A_grid_predictions_1.mtz,1,1,1156,0.93333584
4316,./thermolysin_dw/thl_1p8A_grid_predictions_1.mtz,1,1,1157,0.9538797
4317,./thermolysin_dw/thl_1p8A_grid_predictions_1.mtz,1,1,1158,0.9126637
4318,./thermolysin_dw/thl_1p8A_grid_predictions_1.mtz,1,1,1159,0.9027119
4319,./thermolysin_dw/thl_1p8A_grid_predictions_1.mtz,1,1,1160,0.96436894
4320,./thermolysin_dw/thl_1p8A_grid_predictions_1.mtz,1,1,1161,0.9427151
4321,./thermolysin_dw/thl_1p8A_grid_predictions_1.mtz,1,1,1162,0.8832807
4322,./thermolysin_dw/thl_1p8A_grid_predictions_1.mtz,1,1,1163,0.9160929
4323,./thermolysin_dw/thl_1p8A_grid_predictions_1.mtz,1,1,1164,0.95639926
4324,./thermolysin_dw/thl_1p8A_grid_predictions_1.mtz,1,1,1165,0.87085354
4325,./thermolysin_dw/thl_1p8A_grid_predictions_1.mtz,1,1,1166,0.8647376
4326,./thermolysin_dw/thl_1p8A_grid_predictions_1.mtz,1,1,1167,0.9596419
4327,./thermolysin_dw/thl_1p8A_grid_predictions_1.mtz,1,1,1168,0.92995435
4328,./thermolysin_dw/thl_1p8A_grid_predictions_1.mtz,1,1,1169,0.94752264
4329,./thermolysin_dw/thl_1p8A_grid_predictions_1.mtz,1,1,1170,0.9644428
4330,./thermolysin_dw/thl_1p8A_grid_predictions_1.mtz,1,1,1171,0.9460489
4331,./thermolysin_dw/thl_1p8A_grid_predictions_1.mtz,1,1,1172,0.7376937
4332,./thermolysin_dw/thl_1p8A_grid_predictions_1.mtz,1,1,1173,0.91768277
4333,./thermolysin_dw/thl_1p8A_grid_predictions_1.mtz,1,1,1174,0.94100106
4334,./thermolysin_dw/thl_1p8A_grid_predictions_1.mtz,1,1,1175,0.9032429
4335,./thermolysin_dw/thl_1p8A_grid_predictions_1.mtz,1,1,1176,0.944874
4336,./thermolysin_dw/thl_1p8A_grid_predictions_1.mtz,1,1,1177,0.75005114
4337,./thermolysin_dw/thl_1p8A_grid_predictions_1.mtz,1,1,1178,0.95684123
4338,./thermolysin_dw/thl_1p8A_grid_predictions_1.mtz,1,1,1179,0.9110086
4339,./thermolysin_dw/thl_1p8A_grid_predictions_1.mtz,1,1,1180,0.96188855
4340,./thermolysin_dw/thl_1p8A_grid_predictions_1.mtz,1,1,1181,0.7813442
4341,./thermolysin_dw/thl_1p8A_grid_predictions_1.mtz,1,1,1182,0.9018922
4342,./thermolysin_dw/thl_1p8A_grid_predictions_1.mtz,1,1,1183,0.8512235
4343,./thermolysin_dw/thl_1p8A_grid_predictions_1.mtz,1,1,1184,0.92340356
4344,./thermolysin_dw/thl_1p8A_grid_predictions_1.mtz,1,1,1185,0.9207543
4345,./thermolysin_dw/thl_1p8A_grid_predictions_1.mtz,1,1,1186,0.92764276
4346,./thermolysin_dw/thl_1p8A_grid_predictions_1.mtz,1,1,1187,0.94213265
4347,./thermolysin_dw/thl_1p8A_grid_predictions_1.mtz,1,1,1188,0.8379039
4348,./thermolysin_dw/thl_1p8A_grid_predictions_1.mtz,1,1,1189,0.9530782
4349,./thermolysin_dw/thl_1p8A_grid_predictions_1.mtz,1,1,1190,0.81097645
4350,./thermolysin_dw/thl_1p8A_grid_predictions_1.mtz,1,1,1191,0.912782
4351,./thermolysin_dw/thl_1p8A_grid_predictions_1.mtz,1,1,1192,0.92866534
4352,./thermolysin_dw/thl_1p8A_grid_predictions_1.mtz,1,1,1193,0.9497373
4353,./thermolysin_dw/thl_1p8A_grid_predictions_1.mtz,1,1,1194,0.91807723
4354,./thermolysin_dw/thl_1p8A_grid_predictions_1.mtz,1,1,1195,0.7145041
4355,./thermolysin_dw/thl_1p8A_grid_predictions_1.mtz,1,1,1196,0.8379701
4356,./thermolysin_dw/thl_1p8A_grid_predictions_1.mtz,1,1,1197,0.9124384
4357,./thermolysin_dw/thl_1p8A_grid_predictions_1.mtz,1,1,1198,0.95026433
4358,./thermolysin_dw/thl_1p8A_grid_predictions_1.mtz,1,1,1199,0.93335927
4359,./thermolysin_dw/thl_1p8A_grid_predictions_1.mtz,1,1,1200,0.7948323
4360,./thermolysin_dw/thl_1p8A_grid_predictions_1.mtz,1,1,1201,0.88688296
4361,./thermolysin_dw/thl_1p8A_grid_predictions_1.mtz,1,1,1202,0.8913421
4362,./thermolysin_dw/thl_1p8A_grid_predictions_1.mtz,1,1,1203,0.8886872
4363,./thermolysin_dw/thl_1p8A_grid_predictions_1.mtz,1,1,1204,0.870538
4364,./thermolysin_dw/thl_1p8A_grid_predictions_1.mtz,1,1,1205,0.9694367
4365,./thermolysin_dw/thl_1p8A_grid_predictions_1.mtz,1,1,1206,0.92969096
4366,./thermolysin_dw/thl_1p8A_grid_predictions_1.mtz,1,1,1207,0.67995626
4367,./thermolysin_dw/thl_1p8A_grid_predictions_1.mtz,1,1,1208,0.8440323
4368,./thermolysin_dw/thl_1p8A_grid_predictions_1.mtz,1,1,1209,0.90077275
4369,./thermolysin_dw/thl_1p8A_grid_predictions_1.mtz,1,1,1210,0.8638656
4370,./thermolysin_dw/thl_1p8A_grid_predictions_1.mtz,1,1,1211,0.9809646
4371,./thermolysin_dw/thl_1p8A_grid_predictions_1.mtz,1,1,1212,0.9614705
4372,./thermolysin_dw/thl_1p8A_grid_predictions_1.mtz,1,1,1213,0.957799
4373,./thermolysin_dw/thl_1p8A_grid_predictions_1.mtz,1,1,1214,0.90865403
4374,./thermolysin_dw/thl_1p8A_grid_predictions_1.mtz,1,1,1215,0.9536823
4375,./thermolysin_dw/thl_1p8A_grid_predictions_1.mtz,1,1,1216,0.7428695
4376,./thermolysin_dw/thl_1p8A_grid_predictions_1.mtz,1,1,1217,0.97325194
4377,./thermolysin_dw/thl_1p8A_grid_predictions_1.mtz,1,1,1218,0.930297
4378,./thermolysin_dw/thl_1p8A_grid_predictions_1.mtz,1,1,1219,0.9542645
4379,./thermolysin_dw/thl_1p8A_grid_predictions_1.mtz,1,1,1220,0.8266164
4380,./thermolysin_dw/thl_1p8A_grid_predictions_1.mtz,1,1,1221,0.85955083
4381,./thermolysin_dw/thl_1p8A_grid_predictions_1.mtz,1,1,1222,0.956935
4382,./thermolysin_dw/thl_1p8A_grid_predictions_1.mtz,1,1,1223,0.9366444
4383,./thermolysin_dw/thl_1p8A_grid_predictions_1.mtz,1,1,1224,0.9169509
4384,./thermolysin_dw/thl_1p8A_grid_predictions_1.mtz,1,1,1225,0.8917269
4385,./thermolysin_dw/thl_1p8A_grid_predictions_1.mtz,1,1,1226,0.8159988
4386,./thermolysin_dw/thl_1p8A_grid_predictions_1.mtz,1,1,1227,0.9615281
4387,./thermolysin_dw/thl_1p8A_grid_predictions_1.mtz,1,1,1228,0.9421679
4388,./thermolysin_dw/thl_1p8A_grid_predictions_1.mtz,1,1,1229,0.9528397
4389,./thermolysin_dw/thl_1p8A_grid_predictions_1.mtz,1,1,1230,0.93217796
4390,./thermolysin_dw/thl_1p8A_grid_predictions_1.mtz,1,1,1231,0.7770047
4391,./thermolysin_dw/thl_1p8A_grid_predictions_1.mtz,1,1,1232,0.9641789
4392,./thermolysin_dw/thl_1p8A_grid_predictions_1.mtz,1,1,1233,0.92645115
4393,./thermolysin_dw/thl_1p8A_grid_predictions_1.mtz,1,1,1234,0.9655982
4394,./thermolysin_dw/thl_1p8A_grid_predictions_1.mtz,1,1,1235,0.9667572
4395,./thermolysin_dw/thl_1p8A_grid_predictions_1.mtz,1,1,1236,0.8655506
4396,./thermolysin_dw/thl_1p8A_grid_predictions_1.mtz,1,1,1237,0.93605363
4397,./thermolysin_dw/thl_1p8A_grid_predictions_1.mtz,1,1,1238,0.95919645
4398,./thermolysin_dw/thl_1p8A_grid_predictions_1.mtz,1,1,1239,0.9387483
4399,./thermolysin_dw/thl_1p8A_grid_predictions_1.mtz,1,1,1240,0.7130034
4400,./thermolysin_dw/thl_1p8A_grid_predictions_1.mtz,1,1,1241,0.9836219
4401,./thermolysin_dw/thl_1p8A_grid_predictions_1.mtz,1,1,1242,0.92495257
4402,./thermolysin_dw/thl_1p8A_grid_predictions_1.mtz,1,1,1243,0.8979352
4403,./thermolysin_dw/thl_1p8A_grid_predictions_1.mtz,1,1,1244,0.8612003
4404,./thermolysin_dw/thl_1p8A_grid_predictions_1.mtz,1,1,1245,0.94678575
4405,./thermolysin_dw/thl_1p8A_grid_predictions_1.mtz,1,1,1246,0.8844805
4406,./thermolysin_dw/thl_1p8A_grid_predictions_1.mtz,1,1,1247,0.9512224
4407,./thermolysin_dw/thl_1p8A_grid_predictions_1.mtz,1,1,1248,0.89329284
4408,./thermolysin_dw/thl_1p8A_grid_predictions_1.mtz,1,1,1249,0.93119216
4409,./thermolysin_dw/thl_1p8A_grid_predictions_1.mtz,1,1,1250,0.91911966
4410,./thermolysin_dw/thl_1p8A_grid_predictions_1.mtz,1,1,1251,0.92888826
4411,./thermolysin_dw/thl_1p8A_grid_predictions_1.mtz,1,1,1252,0.9188442
4412,./thermolysin_dw/thl_1p8A_grid_predictions_1.mtz,1,1,1253,0.91905725
4413,./thermolysin_dw/thl_1p8A_grid_predictions_1.mtz,1,1,1254,0.9535938
4414,./thermolysin_dw/thl_1p8A_grid_predictions_1.mtz,1,1,1255,0.9432307
4415,./thermolysin_dw/thl_1p8A_grid_predictions_1.mtz,1,1,1256,0.85985166
4416,./thermolysin_dw/thl_1p8A_grid_predictions_1.mtz,1,1,1257,0.88447654
4417,./thermolysin_dw/thl_1p8A_grid_predictions_1.mtz,1,1,1258,0.95174545
4418,./thermolysin_dw/thl_1p8A_grid_predictions_1.mtz,1,1,1259,0.87861985
4419,./thermolysin_dw/thl_1p8A_grid_predictions_1.mtz,1,1,1260,0.93028057
4420,./thermolysin_dw/thl_1p8A_grid_predictions_1.mtz,1,1,1261,0.8375039
4421,./thermolysin_dw/thl_1p8A_grid_predictions_1.mtz,1,1,1262,0.78235304
4422,./thermolysin_dw/thl_1p8A_grid_predictions_1.mtz,1,1,1263,0.75257003
4423,./thermolysin_dw/thl_1p8A_grid_predictions_1.mtz,1,1,1264,0.89623994
4424,./thermolysin_dw/thl_1p8A_grid_predictions_1.mtz,1,1,1265,0.92278415
4425,./thermolysin_dw/thl_1p8A_grid_predictions_1.mtz,1,1,1266,0.79103523
4426,./thermolysin_dw/thl_1p8A_grid_predictions_1.mtz,1,1,1267,0.90429
4427,./thermolysin_dw/thl_1p8A_grid_predictions_1.mtz,1,1,1268,0.9079012
4428,./thermolysin_dw/thl_1p8A_grid_predictions_1.mtz,1,1,1269,0.9446106
4429,./thermolysin_dw/thl_1p8A_grid_predictions_1.mtz,1,1,1270,0.9540631
4430,./thermolysin_dw/thl_1p8A_grid_predictions_1.mtz,1,1,1271,0.75259006
4431,./thermolysin_dw/thl_1p8A_grid_predictions_1.mtz,1,1,1272,0.9072063
4432,./thermolysin_dw/thl_1p8A_grid_predictions_1.mtz,1,1,1273,0.95028615
4433,./thermolysin_dw/thl_1p8A_grid_predictions_1.mtz,1,1,1274,0.91768265
4434,./thermolysin_dw/thl_1p8A_grid_predictions_1.mtz,1,1,1275,0.8313146
4435,./thermolysin_dw/thl_1p8A_grid_predictions_1.mtz,1,1,1276,0.92518944
4436,./thermolysin_dw/thl_1p8A_grid_predictions_1.mtz,1,1,1277,0.93899
4437,./thermolysin_dw/thl_1p8A_grid_predictions_1.mtz,1,1,1278,0.94130856
4438,./thermolysin_dw/thl_1p8A_grid_predictions_1.mtz,1,1,1279,0.59352076
4439,./thermolysin_dw/thl_1p8A_grid_predictions_1.mtz,1,1,1280,0.96825415
4440,./thermolysin_dw/thl_1p8A_grid_predictions_1.mtz,1,1,1281,0.96531254
4441,./thermolysin_dw/thl_1p8A_grid_predictions_1.mtz,1,1,1282,0.91500723
4442,./thermolysin_dw/thl_1p8A_grid_predictions_1.mtz,1,1,1283,0.80015224
4443,./thermolysin_dw/thl_1p8A_grid_predictions_1.mtz,1,1,1284,0.9535337
4444,./thermolysin_dw/thl_1p8A_grid_predictions_1.mtz,1,1,1285,0.8397048
4445,./thermolysin_dw/thl_1p8A_grid_predictions_1.mtz,1,1,1286,0.70921206
4446,./thermolysin_dw/thl_1p8A_grid_predictions_1.mtz,1,1,1287,0.95883125
4447,./thermolysin_dw/thl_1p8A_grid_predictions_1.mtz,1,1,1288,0.86980605
4448,./thermolysin_dw/thl_1p8A_grid_predictions_1.mtz,1,1,1289,0.92739767
4449,./thermolysin_dw/thl_1p8A_grid_predictions_1.mtz,1,1,1290,0.85696244
4450,./thermolysin_dw/thl_1p8A_grid_predictions_1.mtz,1,1,1291,0.86033815
4451,./thermolysin_dw/thl_1p8A_grid_predictions_1.mtz,1,1,1292,0.92871034
4452,./thermolysin_dw/thl_1p8A_grid_predictions_1.mtz,1,1,1293,0.93229145
4453,./thermolysin_dw/thl_1p8A_grid_predictions_1.mtz,1,1,1294,0.9263146
4454,./thermolysin_dw/thl_1p8A_grid_predictions_1.mtz,1,1,1295,0.8973478
4455,./thermolysin_dw/thl_1p8A_grid_predictions_1.mtz,1,1,1296,0.919919
4456,./thermolysin_dw/thl_1p8A_grid_predictions_1.mtz,1,1,1297,0.8911443
4457,./thermolysin_dw/thl_1p8A_grid_predictions_1.mtz,1,1,1298,0.8699936
4458,./thermolysin_dw/thl_1p8A_grid_predictions_1.mtz,1,1,1299,0.9475637
4459,./thermolysin_dw/thl_1p8A_grid_predictions_1.mtz,1,1,1300,0.9277148
4460,./thermolysin_dw/thl_1p8A_grid_predictions_1.mtz,1,1,1301,0.8120485
4461,./thermolysin_dw/thl_1p8A_grid_predictions_1.mtz,1,1,1302,0.8670196
4462,./thermolysin_dw/thl_1p8A_grid_predictions_1.mtz,1,1,1303,0.93753785
4463,./thermolysin_dw/thl_1p8A_grid_predictions_1.mtz,1,1,1304,0.920119
4464,./thermolysin_dw/thl_1p8A_grid_predictions_1.mtz,1,1,1305,0.96783346
4465,./thermolysin_dw/thl_1p8A_grid_predictions_1.mtz,1,1,1306,0.94866306
4466,./thermolysin_dw/thl_1p8A_grid_predictions_1.mtz,1,1,1307,0.9099279
4467,./thermolysin_dw/thl_1p8A_grid_predictions_1.mtz,1,1,1308,0.8289421
4468,./thermolysin_dw/thl_1p8A_grid_predictions_1.mtz,1,1,1309,0.8046202
4469,./thermolysin_dw/thl_1p8A_grid_predictions_1.mtz,1,1,1310,0.8882858
4470,./thermolysin_dw/thl_1p8A_grid_predictions_1.mtz,1,1,1311,0.9726844
4471,./thermolysin_dw/thl_1p8A_grid_predictions_1.mtz,1,1,1312,0.94712794
4472,./thermolysin_dw/thl_1p8A_grid_predictions_1.mtz,1,1,1313,0.9262418
4473,./thermolysin_dw/thl_1p8A_grid_predictions_1.mtz,1,1,1314,0.87576073
4474,./thermolysin_dw/thl_1p8A_grid_predictions_1.mtz,1,1,1315,0.8660607
4475,./thermolysin_dw/thl_1p8A_grid_predictions_1.mtz,1,1,1316,0.9560702
4476,./thermolysin_dw/thl_1p8A_grid_predictions_1.mtz,1,1,1317,0.9086662
4477,./thermolysin_dw/thl_1p8A_grid_predictions_1.mtz,1,1,1318,0.93640786
4478,./thermolysin_dw/thl_1p8A_grid_predictions_1.mtz,1,1,1319,0.9183415
4479,./thermolysin_dw/thl_1p8A_grid_predictions_1.mtz,1,1,1320,0.9641344
4480,./thermolysin_dw/thl_1p8A_grid_predictions_1.mtz,1,1,1321,0.97132957
4481,./thermolysin_dw/thl_1p8A_grid_predictions_1.mtz,1,1,1322,0.8099803
4482,./thermolysin_dw/thl_1p8A_grid_predictions_1.mtz,1,1,1323,0.9498668
4483,./thermolysin_dw/thl_1p8A_grid_predictions_1.mtz,1,1,1324,0.88569844
4484,./thermolysin_dw/thl_1p8A_grid_predictions_1.mtz,1,1,1325,0.9632963
4485,./thermolysin_dw/thl_1p8A_grid_predictions_1.mtz,1,1,1326,0.9137786
4486,./thermolysin_dw/thl_1p8A_grid_predictions_1.mtz,1,1,1327,0.9483982
4487,./thermolysin_dw/thl_1p8A_grid_predictions_1.mtz,1,1,1328,0.8874969
4488,./thermolysin_dw/thl_1p8A_grid_predictions_1.mtz,1,1,1329,0.891812
4489,./thermolysin_dw/thl_1p8A_grid_predictions_1.mtz,1,1,1330,0.9325351
4490,./thermolysin_dw/thl_1p8A_grid_predictions_1.mtz,1,1,1331,0.78422123
4491,./thermolysin_dw/thl_1p8A_grid_predictions_1.mtz,1,1,1332,0.7524549
4492,./thermolysin_dw/thl_1p8A_grid_predictions_1.mtz,1,1,1333,0.8651983
4493,./thermolysin_dw/thl_1p8A_grid_predictions_1.mtz,1,1,1334,0.9321935
4494,./thermolysin_dw/thl_1p8A_grid_predictions_1.mtz,1,1,1335,0.9682035
4495,./thermolysin_dw/thl_1p8A_grid_predictions_1.mtz,1,1,1336,0.9527468
4496,./thermolysin_dw/thl_1p8A_grid_predictions_1.mtz,1,1,1337,0.7798561
4497,./thermolysin_dw/thl_1p8A_grid_predictions_1.mtz,1,1,1338,0.9082332
4498,./thermolysin_dw/thl_1p8A_grid_predictions_1.mtz,1,1,1339,0.94576806
4499,./thermolysin_dw/thl_1p8A_grid_predictions_1.mtz,1,1,1340,0.8668229
4500,./thermolysin_dw/thl_1p8A_grid_predictions_1.mtz,1,1,1341,0.95086473
4501,./thermolysin_dw/thl_1p8A_grid_predictions_1.mtz,1,1,1342,0.88379234
4502,./thermolysin_dw/thl_1p8A_grid_predictions_1.mtz,1,1,1343,0.98179835
4503,./thermolysin_dw/thl_1p8A_grid_predictions_1.mtz,1,1,1344,0.90924644
4504,./thermolysin_dw/thl_1p8A_grid_predictions_1.mtz,1,1,1345,0.74742234
4505,./thermolysin_dw/thl_1p8A_grid_predictions_1.mtz,1,1,1346,0.9374797
4506,./thermolysin_dw/thl_1p8A_grid_predictions_1.mtz,1,1,1347,0.91327727
4507,./thermolysin_dw/thl_1p8A_grid_predictions_1.mtz,1,1,1348,0.9645487
4508,./thermolysin_dw/thl_1p8A_grid_predictions_1.mtz,1,1,1349,0.8981473
4509,./thermolysin_dw/thl_1p8A_grid_predictions_1.mtz,1,1,1350,0.8608729
4510,./thermolysin_dw/thl_1p8A_grid_predictions_1.mtz,1,1,1351,0.96382135
4511,./thermolysin_dw/thl_1p8A_grid_predictions_1.mtz,1,1,1352,0.94850534
4512,./thermolysin_dw/thl_1p8A_grid_predictions_1.mtz,1,1,1353,0.84599376
4513,./thermolysin_dw/thl_1p8A_grid_predictions_1.mtz,1,1,1354,0.96586895
4514,./thermolysin_dw/thl_1p8A_grid_predictions_1.mtz,1,1,1355,0.89505756
4515,./thermolysin_dw/thl_1p8A_grid_predictions_1.mtz,1,1,1356,0.83906835
4516,./thermolysin_dw/thl_1p8A_grid_predictions_1.mtz,1,1,1357,0.9602774
4517,./thermolysin_dw/thl_1p8A_grid_predictions_1.mtz,1,1,1358,0.9067655
4518,./thermolysin_dw/thl_1p8A_grid_predictions_1.mtz,1,1,1359,0.9037678
4519,./thermolysin_dw/thl_1p8A_grid_predictions_1.mtz,1,1,1360,0.88244224
4520,./thermolysin_dw/thl_1p8A_grid_predictions_1.mtz,1,1,1361,0.88561636
4521,./thermolysin_dw/thl_1p8A_grid_predictions_1.mtz,1,1,1362,0.7926567
4522,./thermolysin_dw/thl_1p8A_grid_predictions_1.mtz,1,1,1363,0.9190609
4523,./thermolysin_dw/thl_1p8A_grid_predictions_1.mtz,1,1,1364,0.96436775
4524,./thermolysin_dw/thl_1p8A_grid_predictions_1.mtz,1,1,1365,0.86223346
4525,./thermolysin_dw/thl_1p8A_grid_predictions_1.mtz,1,1,1366,0.9379387
4526,./thermolysin_dw/thl_1p8A_grid_predictions_1.mtz,1,1,1367,0.93414545
4527,./thermolysin_dw/thl_1p8A_grid_predictions_1.mtz,1,1,1368,0.95742357
4528,./thermolysin_dw/thl_1p8A_grid_predictions_1.mtz,1,1,1369,0.9347909
4529,./thermolysin_dw/thl_1p8A_grid_predictions_1.mtz,1,1,1370,0.90619683
4530,./thermolysin_dw/thl_1p8A_grid_predictions_1.mtz,1,1,1371,0.6531395
4531,./thermolysin_dw/thl_1p8A_grid_predictions_1.mtz,1,1,1372,0.8724996
4532,./thermolysin_dw/thl_1p8A_grid_predictions_1.mtz,1,1,1373,0.91775626
4533,./thermolysin_dw/thl_1p8A_grid_predictions_1.mtz,1,1,1374,0.9490448
4534,./thermolysin_dw/thl_1p8A_grid_predictions_1.mtz,1,1,1375,0.9151044
4535,./thermolysin_dw/thl_1p8A_grid_predictions_1.mtz,1,1,1376,0.93022215
4536,./thermolysin_dw/thl_1p8A_grid_predictions_1.mtz,1,1,1377,0.9295486
4537,./thermolysin_dw/thl_1p8A_grid_predictions_1.mtz,1,1,1378,0.9162023
4538,./thermolysin_dw/thl_1p8A_grid_predictions_1.mtz,1,1,1379,0.94964886
4539,./thermolysin_dw/thl_1p8A_grid_predictions_1.mtz,1,1,1380,0.8963669
4540,./thermolysin_dw/thl_1p8A_grid_predictions_1.mtz,1,1,1381,0.9077583
4541,./thermolysin_dw/thl_1p8A_grid_predictions_1.mtz,1,1,1382,0.9082886
4542,./thermolysin_dw/thl_1p8A_grid_predictions_1.mtz,1,1,1383,0.9681676
4543,./thermolysin_dw/thl_1p8A_grid_predictions_1.mtz,1,1,1384,0.96036315
4544,./thermolysin_dw/thl_1p8A_grid_predictions_1.mtz,1,1,1385,0.92473483
4545,./thermolysin_dw/thl_1p8A_grid_predictions_1.mtz,1,1,1386,0.9686965
4546,./thermolysin_dw/thl_1p8A_grid_predictions_1.mtz,1,1,1387,0.87728214
4547,./thermolysin_dw/thl_1p8A_grid_predictions_1.mtz,1,1,1388,0.9828216
4548,./thermolysin_dw/thl_1p8A_grid_predictions_1.mtz,1,1,1389,0.91009355
4549,./thermolysin_dw/thl_1p8A_grid_predictions_1.mtz,1,1,1390,0.9462601
4550,./thermolysin_dw/thl_1p8A_grid_predictions_1.mtz,1,1,1391,0.96796894
4551,./thermolysin_dw/thl_1p8A_grid_predictions_1.mtz,1,1,1392,0.9145703
4552,./thermolysin_dw/thl_1p8A_grid_predictions_1.mtz,1,1,1393,0.92364645
4553,./thermolysin_dw/thl_1p8A_grid_predictions_1.mtz,1,1,1394,0.96429247
4554,./thermolysin_dw/thl_1p8A_grid_predictions_1.mtz,1,1,1395,0.8500233
4555,./thermolysin_dw/thl_1p8A_grid_predictions_1.mtz,1,1,1396,0.8288333
4556,./thermolysin_dw/thl_1p8A_grid_predictions_1.mtz,1,1,1397,0.91619
4557,./thermolysin_dw/thl_1p8A_grid_predictions_1.mtz,1,1,1398,0.88432294
4558,./thermolysin_dw/thl_1p8A_grid_predictions_1.mtz,1,1,1399,0.7855383
4559,./thermolysin_dw/thl_1p8A_grid_predictions_1.mtz,1,1,1400,0.8895952
4560,./thermolysin_dw/thl_1p8A_grid_predictions_1.mtz,1,1,1401,0.9342352
4561,./thermolysin_dw/thl_1p8A_grid_predictions_1.mtz,1,1,1402,0.6470538
4562,./thermolysin_dw/thl_1p8A_grid_predictions_1.mtz,1,1,1403,0.89015955
4563,./thermolysin_dw/thl_1p8A_grid_predictions_1.mtz,1,1,1404,0.7603889
4564,./thermolysin_dw/thl_1p8A_grid_predictions_1.mtz,1,1,1405,0.9353718
4565,./thermolysin_dw/thl_1p8A_grid_predictions_1.mtz,1,1,1406,0.9447063
4566,./thermolysin_dw/thl_1p8A_grid_predictions_1.mtz,1,1,1407,0.85494226
4567,./thermolysin_dw/thl_1p8A_grid_predictions_1.mtz,1,1,1408,0.7896943
4568,./thermolysin_dw/thl_1p8A_grid_predictions_1.mtz,1,1,1409,0.83959883
4569,./thermolysin_dw/thl_1p8A_grid_predictions_1.mtz,1,1,1410,0.9734107
4570,./thermolysin_dw/thl_1p8A_grid_predictions_1.mtz,1,1,1411,0.93673056
4571,./thermolysin_dw/thl_1p8A_grid_predictions_1.mtz,1,1,1412,0.79221755
4572,./thermolysin_dw/thl_1p8A_grid_predictions_1.mtz,1,1,1413,0.95843226
4573,./thermolysin_dw/thl_1p8A_grid_predictions_1.mtz,1,1,1414,0.84176564
4574,./thermolysin_dw/thl_1p8A_grid_predictions_1.mtz,1,1,1415,0.87091964
4575,./thermolysin_dw/thl_1p8A_grid_predictions_1.mtz,1,1,1416,0.93764335
4576,./thermolysin_dw/thl_1p8A_grid_predictions_1.mtz,1,1,1417,0.93907934
4577,./thermolysin_dw/thl_1p8A_grid_predictions_1.mtz,1,1,1418,0.9712004
4578,./thermolysin_dw/thl_1p8A_grid_predictions_1.mtz,1,1,1419,0.909127
4579,./thermolysin_dw/thl_1p8A_grid_predictions_1.mtz,1,1,1420,0.9369465
4580,./thermolysin_dw/thl_1p8A_grid_predictions_1.mtz,1,1,1421,0.92474335
4581,./thermolysin_dw/thl_1p8A_grid_predictions_1.mtz,1,1,1422,0.91722006
4582,./thermolysin_dw/thl_1p8A_grid_predictions_1.mtz,1,1,1423,0.95544666
4583,./thermolysin_dw/thl_1p8A_grid_predictions_1.mtz,1,1,1424,0.7522164
4584,./thermolysin_dw/thl_1p8A_grid_predictions_1.mtz,1,1,1425,0.718614
4585,./thermolysin_dw/thl_1p8A_grid_predictions_1.mtz,1,1,1426,0.868785
4586,./thermolysin_dw/thl_1p8A_grid_predictions_1.mtz,1,1,1427,0.9432065
4587,./thermolysin_dw/thl_1p8A_grid_predictions_1.mtz,1,1,1428,0.93233556
4588,./thermolysin_dw/thl_1p8A_grid_predictions_1.mtz,1,1,1429,0.9138741
4589,./thermolysin_dw/thl_1p8A_grid_predictions_1.mtz,1,1,1430,0.9206528
4590,./thermolysin_dw/thl_1p8A_grid_predictions_1.mtz,1,1,1431,0.86339605
4591,./thermolysin_dw/thl_1p8A_grid_predictions_1.mtz,1,1,1432,0.93848896
4592,./thermolysin_dw/thl_1p8A_grid_predictions_1.mtz,1,1,1433,0.9738563
4593,./thermolysin_dw/thl_1p8A_grid_predictions_1.mtz,1,1,1434,0.9259318
4594,./thermolysin_dw/thl_1p8A_grid_predictions_1.mtz,1,1,1435,0.9569489
4595,./thermolysin_dw/thl_1p8A_grid_predictions_1.mtz,1,1,1436,0.9726074
4596,./thermolysin_dw/thl_1p8A_grid_predictions_1.mtz,1,1,1437,0.9357167
4597,./thermolysin_dw/thl_1p8A_grid_predictions_1.mtz,1,1,1438,0.9767847
4598,./thermolysin_dw/thl_1p8A_grid_predictions_1.mtz,1,1,1439,0.8849523
4599,./thermolysin_dw/thl_1p8A_grid_predictions_1.mtz,1,1,1440,0.88069665
4600,./thermolysin_dw/thl_1p8A_grid_predictions_1.mtz,1,1,1441,0.9570869
4601,./thermolysin_dw/thl_1p8A_grid_predictions_1.mtz,1,1,1442,0.9206631
4602,./thermolysin_dw/thl_1p8A_grid_predictions_1.mtz,1,1,1443,0.955674
4603,./thermolysin_dw/thl_1p8A_grid_predictions_1.mtz,1,1,1444,0.9563349
4604,./thermolysin_dw/thl_1p8A_grid_predictions_1.mtz,1,1,1445,0.93543404
4605,./thermolysin_dw/thl_1p8A_grid_predictions_1.mtz,1,1,1446,0.7696553
4606,./thermolysin_dw/thl_1p8A_grid_predictions_1.mtz,1,1,1447,0.9475712
4607,./thermolysin_dw/thl_1p8A_grid_predictions_1.mtz,1,1,1448,0.91536057
4608,./thermolysin_dw/thl_1p8A_grid_predictions_1.mtz,1,1,1449,0.9338721
4609,./thermolysin_dw/thl_1p8A_grid_predictions_1.mtz,1,1,1450,0.94098073
4610,./thermolysin_dw/thl_1p8A_grid_predictions_1.mtz,1,1,1451,0.9008946
4611,./thermolysin_dw/thl_1p8A_grid_predictions_1.mtz,1,1,1452,0.6719507
4612,./thermolysin_dw/thl_1p8A_grid_predictions_1.mtz,1,1,1453,0.9421447
4613,./thermolysin_dw/thl_1p8A_grid_predictions_1.mtz,1,1,1454,0.82082933
4614,./thermolysin_dw/thl_1p8A_grid_predictions_1.mtz,1,1,1455,0.9053422
4615,./thermolysin_dw/thl_1p8A_grid_predictions_1.mtz,1,1,1456,0.8827402
4616,./thermolysin_dw/thl_1p8A_grid_predictions_1.mtz,1,1,1457,0.97322667
4617,./thermolysin_dw/thl_1p8A_grid_predictions_1.mtz,1,1,1458,0.45386082
4618,./thermolysin_dw/thl_1p8A_grid_predictions_1.mtz,1,1,1459,0.9752582
4619,./thermolysin_dw/thl_1p8A_grid_predictions_1.mtz,1,1,1460,0.958008
4620,./thermolysin_dw/thl_1p8A_grid_predictions_1.mtz,1,1,1461,0.9592528
4621,./thermolysin_dw/thl_1p8A_grid_predictions_1.mtz,1,1,1462,0.95938635
4622,./thermolysin_dw/thl_1p8A_grid_predictions_1.mtz,1,1,1463,0.8870926
4623,./thermolysin_dw/thl_1p8A_grid_predictions_1.mtz,1,1,1464,0.6627074
4624,./thermolysin_dw/thl_1p8A_grid_predictions_1.mtz,1,1,1465,0.92947745
4625,./thermolysin_dw/thl_1p8A_grid_predictions_1.mtz,1,1,1466,0.95232743
4626,./thermolysin_dw/thl_1p8A_grid_predictions_1.mtz,1,1,1467,0.93820065
4627,./thermolysin_dw/thl_1p8A_grid_predictions_1.mtz,1,1,1468,0.86094946
4628,./thermolysin_dw/thl_1p8A_grid_predictions_1.mtz,1,1,1469,0.86120784
4629,./thermolysin_dw/thl_1p8A_grid_predictions_1.mtz,1,1,1470,0.89897317
4630,./thermolysin_dw/thl_1p8A_grid_predictions_1.mtz,1,1,1471,0.91370845
4631,./thermolysin_dw/thl_1p8A_grid_predictions_1.mtz,1,1,1472,0.6398161
4632,./thermolysin_dw/thl_1p8A_grid_predictions_1.mtz,1,1,1473,0.85543966
4633,./thermolysin_dw/thl_1p8A_grid_predictions_1.mtz,1,1,1474,0.87517303
4634,./thermolysin_dw/thl_1p8A_grid_predictions_1.mtz,1,1,1475,0.95882314
4635,./thermolysin_dw/thl_1p8A_grid_predictions_1.mtz,1,1,1476,0.9321647
4636,./thermolysin_dw/thl_1p8A_grid_predictions_1.mtz,1,1,1477,0.9534583
4637,./thermolysin_dw/thl_1p8A_grid_predictions_1.mtz,1,1,1478,0.9545658
4638,./thermolysin_dw/thl_1p8A_grid_predictions_1.mtz,1,1,1479,0.9803134
4639,./thermolysin_dw/thl_1p8A_grid_predictions_1.mtz,1,1,1480,0.900564
4640,./thermolysin_dw/thl_1p8A_grid_predictions_1.mtz,1,1,1481,0.87519276
4641,./thermolysin_dw/thl_1p8A_grid_predictions_1.mtz,1,1,1482,0.95950925
4642,./thermolysin_dw/thl_1p8A_grid_predictions_1.mtz,1,1,1483,0.9706776
4643,./thermolysin_dw/thl_1p8A_grid_predictions_1.mtz,1,1,1484,0.9548398
4644,./thermolysin_dw/thl_1p8A_grid_predictions_1.mtz,1,1,1485,0.9178604
4645,./thermolysin_dw/thl_1p8A_grid_predictions_1.mtz,1,1,1486,0.8968696
4646,./thermolysin_dw/thl_1p8A_grid_predictions_1.mtz,1,1,1487,0.9400958
4647,./thermolysin_dw/thl_1p8A_grid_predictions_1.mtz,1,1,1488,0.8808532
4648,./thermolysin_dw/thl_1p8A_grid_predictions_1.mtz,1,1,1489,0.8606999
4649,./thermolysin_dw/thl_1p8A_grid_predictions_1.mtz,1,1,1490,0.9668008
4650,./thermolysin_dw/thl_1p8A_grid_predictions_1.mtz,1,1,1491,0.8954934
4651,./thermolysin_dw/thl_1p8A_grid_predictions_1.mtz,1,1,1492,0.84559315
4652,./thermolysin_dw/thl_1p8A_grid_predictions_1.mtz,1,1,1493,0.9061634
4653,./thermolysin_dw/thl_1p8A_grid_predictions_1.mtz,1,1,1494,0.90281034
4654,./thermolysin_dw/thl_1p8A_grid_predictions_1.mtz,1,1,1495,0.89502615
4655,./thermolysin_dw/thl_1p8A_grid_predictions_1.mtz,1,1,1496,0.927923
4656,./thermolysin_dw/thl_1p8A_grid_predictions_1.mtz,1,1,1497,0.8580899
4657,./thermolysin_dw/thl_1p8A_grid_predictions_1.mtz,1,1,1498,0.9744382
4658,./thermolysin_dw/thl_1p8A_grid_predictions_1.mtz,1,1,1499,0.94968694
4659,./thermolysin_dw/thl_1p8A_grid_predictions_1.mtz,1,1,1500,0.72314
4660,./thermolysin_dw/thl_1p8A_grid_predictions_1.mtz,1,1,1501,0.9051448
4661,./thermolysin_dw/thl_1p8A_grid_predictions_1.mtz,1,1,1502,0.9769898
4662,./thermolysin_dw/thl_1p8A_grid_predictions_1.mtz,1,1,1503,0.8808172
4663,./thermolysin_dw/thl_1p8A_grid_predictions_1.mtz,1,1,1504,0.9233289
4664,./thermolysin_dw/thl_1p8A_grid_predictions_1.mtz,1,1,1505,0.9433538
4665,./thermolysin_dw/thl_1p8A_grid_predictions_1.mtz,1,1,1506,0.97212046
4666,./thermolysin_dw/thl_1p8A_grid_predictions_1.mtz,1,1,1507,0.96437716
4667,./thermolysin_dw/thl_1p8A_grid_predictions_1.mtz,1,1,1508,0.83373976
4668,./thermolysin_dw/thl_1p8A_grid_predictions_1.mtz,1,1,1509,0.85164034
4669,./thermolysin_dw/thl_1p8A_grid_predictions_1.mtz,1,1,1510,0.9572664
4670,./thermolysin_dw/thl_1p8A_grid_predictions_1.mtz,1,1,1511,0.936356
4671,./thermolysin_dw/thl_1p8A_grid_predictions_1.mtz,1,1,1512,0.94357234
4672,./thermolysin_dw/thl_1p8A_grid_predictions_1.mtz,1,1,1513,0.91153514
4673,./thermolysin_dw/thl_1p8A_grid_predictions_1.mtz,1,1,1514,0.9315283
4674,./thermolysin_dw/thl_1p8A_grid_predictions_1.mtz,1,1,1515,0.85138834
4675,./thermolysin_dw/thl_1p8A_grid_predictions_1.mtz,1,1,1516,0.93508184
4676,./thermolysin_dw/thl_1p8A_grid_predictions_1.mtz,1,1,1517,0.7796949
4677,./thermolysin_dw/thl_1p8A_grid_predictions_1.mtz,1,1,1518,0.9383046
4678,./thermolysin_dw/thl_1p8A_grid_predictions_1.mtz,1,1,1519,0.870186
4679,./thermolysin_dw/thl_1p8A_grid_predictions_1.mtz,1,1,1520,0.8822236
4680,./thermolysin_dw/thl_1p8A_grid_predictions_1.mtz,1,1,1521,0.94008857
4681,./thermolysin_dw/thl_1p8A_grid_predictions_1.mtz,1,1,1522,0.901573
4682,./thermolysin_dw/thl_1p8A_grid_predictions_1.mtz,1,1,1523,0.934599
4683,./thermolysin_dw/thl_1p8A_grid_predictions_1.mtz,1,1,1524,0.9760861
4684,./thermolysin_dw/thl_1p8A_grid_predictions_1.mtz,1,1,1525,0.904561
4685,./thermolysin_dw/thl_1p8A_grid_predictions_1.mtz,1,1,1526,0.85095584
4686,./thermolysin_dw/thl_1p8A_grid_predictions_1.mtz,1,1,1527,0.9255028
4687,./thermolysin_dw/thl_1p8A_grid_predictions_1.mtz,1,1,1528,0.8690525
4688,./thermolysin_dw/thl_1p8A_grid_predictions_1.mtz,1,1,1529,0.7604794
4689,./thermolysin_dw/thl_1p8A_grid_predictions_1.mtz,1,1,1530,0.9242107
4690,./thermolysin_dw/thl_1p8A_grid_predictions_1.mtz,1,1,1531,0.97038823
4691,./thermolysin_dw/thl_1p8A_grid_predictions_1.mtz,1,1,1532,0.803679
4692,./thermolysin_dw/thl_1p8A_grid_predictions_1.mtz,1,1,1533,0.92608804
4693,./thermolysin_dw/thl_1p8A_grid_predictions_1.mtz,1,1,1534,0.86499923
4694,./thermolysin_dw/thl_1p8A_grid_predictions_1.mtz,1,1,1535,0.9502866
4695,./thermolysin_dw/thl_1p8A_grid_predictions_1.mtz,1,1,1536,0.9510459
4696,./thermolysin_dw/thl_1p8A_grid_predictions_1.mtz,1,1,1537,0.875042
4697,./thermolysin_dw/thl_1p8A_grid_predictions_1.mtz,1,1,1538,0.95288944
4698,./thermolysin_dw/thl_1p8A_grid_predictions_1.mtz,1,1,1539,0.9115624
4699,./thermolysin_dw/thl_1p8A_grid_predictions_1.mtz,1,1,1540,0.7473387
4700,./thermolysin_dw/thl_1p8A_grid_predictions_1.mtz,1,1,1541,0.95316136
4701,./thermolysin_dw/thl_1p8A_grid_predictions_1.mtz,1,1,1542,0.961357
4702,./thermolysin_dw/thl_1p8A_grid_predictions_1.mtz,1,1,1543,0.96088666
4703,./thermolysin_dw/thl_1p8A_grid_predictions_1.mtz,1,1,1544,0.9616747
4704,./thermolysin_dw/thl_1p8A_grid_predictions_1.mtz,1,1,1545,0.8911597
4705,./thermolysin_dw/thl_1p8A_grid_predictions_1.mtz,1,1,1546,0.93944186
4706,./thermolysin_dw/thl_1p8A_grid_predictions_1.mtz,1,1,1547,0.978745
4707,./thermolysin_dw/thl_1p8A_grid_predictions_1.mtz,1,1,1548,0.90580475
4708,./thermolysin_dw/thl_1p8A_grid_predictions_1.mtz,1,1,1549,0.899098
4709,./thermolysin_dw/thl_1p8A_grid_predictions_1.mtz,1,1,1550,0.770337
4710,./thermolysin_dw/thl_1p8A_grid_predictions_1.mtz,1,1,1551,0.9460647
4711,./thermolysin_dw/thl_1p8A_grid_predictions_1.mtz,1,1,1552,0.93044245
4712,./thermolysin_dw/thl_1p8A_grid_predictions_1.mtz,1,1,1553,0.91213614
4713,./thermolysin_dw/thl_1p8A_grid_predictions_1.mtz,1,1,1554,0.79033685
4714,./thermolysin_dw/thl_1p8A_grid_predictions_1.mtz,1,1,1555,0.96658665
4715,./thermolysin_dw/thl_1p8A_grid_predictions_1.mtz,1,1,1556,0.91800565
4716,./thermolysin_dw/thl_1p8A_grid_predictions_1.mtz,1,1,1557,0.8488396
4717,./thermolysin_dw/thl_1p8A_grid_predictions_1.mtz,1,1,1558,0.9159488
4718,./thermolysin_dw/thl_1p8A_grid_predictions_1.mtz,1,1,1559,0.82233065
4719,./thermolysin_dw/thl_1p8A_grid_predictions_1.mtz,1,1,1560,0.9546419
4720,./thermolysin_dw/thl_1p8A_grid_predictions_1.mtz,1,1,1561,0.89517254
4721,./thermolysin_dw/thl_1p8A_grid_predictions_1.mtz,1,1,1562,0.9202851
4722,./thermolysin_dw/thl_1p8A_grid_predictions_1.mtz,1,1,1563,0.9276403
4723,./thermolysin_dw/thl_1p8A_grid_predictions_1.mtz,1,1,1564,0.97282463
4724,./thermolysin_dw/thl_1p8A_grid_predictions_1.mtz,1,1,1565,0.78543705
4725,./thermolysin_dw/thl_1p8A_grid_predictions_1.mtz,1,1,1566,0.9375016
4726,./thermolysin_dw/thl_1p8A_grid_predictions_1.mtz,1,1,1567,0.9121794
4727,./thermolysin_dw/thl_1p8A_grid_predictions_1.mtz,1,1,1568,0.93393546
4728,./thermolysin_dw/thl_1p8A_grid_predictions_1.mtz,1,1,1569,0.95998406
4729,./thermolysin_dw/thl_1p8A_grid_predictions_1.mtz,1,1,1570,0.9593831
4730,./thermolysin_dw/thl_1p8A_grid_predictions_1.mtz,1,1,1571,0.92694676
4731,./thermolysin_dw/thl_1p8A_grid_predictions_1.mtz,1,1,1572,0.81069607
4732,./thermolysin_dw/thl_1p8A_grid_predictions_1.mtz,1,1,1573,0.7948658
4733,./thermolysin_dw/thl_1p8A_grid_predictions_1.mtz,1,1,1574,0.89964795
4734,./thermolysin_dw/thl_1p8A_grid_predictions_1.mtz,1,1,1575,0.92939764
4735,./thermolysin_dw/thl_1p8A_grid_predictions_1.mtz,1,1,1576,0.7976816
4736,./thermolysin_dw/thl_1p8A_grid_predictions_1.mtz,1,1,1577,0.8814598
4737,./thermolysin_dw/thl_1p8A_grid_predictions_1.mtz,1,1,1578,0.92310125
4738,./thermolysin_dw/thl_1p8A_grid_predictions_1.mtz,1,1,1579,0.86765814
4739,./thermolysin_dw/thl_1p8A_grid_predictions_1.mtz,1,1,1580,0.7557367
4740,./thermolysin_dw/thl_1p8A_grid_predictions_1.mtz,1,1,1581,0.95988595
4741,./thermolysin_dw/thl_1p8A_grid_predictions_1.mtz,1,1,1582,0.93159246
4742,./thermolysin_dw/thl_1p8A_grid_predictions_1.mtz,1,1,1583,0.865232
4743,./thermolysin_dw/thl_1p8A_grid_predictions_1.mtz,1,1,1584,0.91178846
4744,./thermolysin_dw/thl_1p8A_grid_predictions_1.mtz,1,1,1585,0.94229513
4745,./thermolysin_dw/thl_1p8A_grid_predictions_1.mtz,1,1,1586,0.9450572
4746,./thermolysin_dw/thl_1p8A_grid_predictions_1.mtz,1,1,1587,0.9755492
4747,./thermolysin_dw/thl_1p8A_grid_predictions_1.mtz,1,1,1588,0.90298474
4748,./thermolysin_dw/thl_1p8A_grid_predictions_1.mtz,1,1,1589,0.94994915
4749,./thermolysin_dw/thl_1p8A_grid_predictions_1.mtz,1,1,1590,0.89621747
4750,./thermolysin_dw/thl_1p8A_grid_predictions_1.mtz,1,1,1591,0.93088883
4751,./thermolysin_dw/thl_1p8A_grid_predictions_1.mtz,1,1,1592,0.85867876
4752,./thermolysin_dw/thl_1p8A_grid_predictions_1.mtz,1,1,1593,0.949327
4753,./thermolysin_dw/thl_1p8A_grid_predictions_1.mtz,1,1,1594,0.87987536
4754,./thermolysin_dw/thl_1p8A_grid_predictions_1.mtz,1,1,1595,0.7907555
4755,./thermolysin_dw/thl_1p8A_grid_predictions_1.mtz,1,1,1596,0.9710783
4756,./thermolysin_dw/thl_1p8A_grid_predictions_1.mtz,1,1,1597,0.93169117
4757,./thermolysin_dw/thl_1p8A_grid_predictions_1.mtz,1,1,1598,0.97102106
4758,./thermolysin_dw/thl_1p8A_grid_predictions_1.mtz,1,1,1599,0.94515544
4759,./thermolysin_dw/thl_1p8A_grid_predictions_1.mtz,1,1,1600,0.9222545
4760,./thermolysin_dw/thl_1p8A_grid_predictions_1.mtz,1,1,1601,0.8231731
4761,./thermolysin_dw/thl_1p8A_grid_predictions_1.mtz,1,1,1602,0.7950592
4762,./thermolysin_dw/thl_1p8A_grid_predictions_1.mtz,1,1,1603,0.9400694
4763,./thermolysin_dw/thl_1p8A_grid_predictions_1.mtz,1,1,1604,0.91941905
4764,./thermolysin_dw/thl_1p8A_grid_predictions_1.mtz,1,1,1605,0.8047346
4765,./thermolysin_dw/thl_1p8A_grid_predictions_1.mtz,1,1,1606,0.9502913
4766,./thermolysin_dw/thl_1p8A_grid_predictions_1.mtz,1,1,1607,0.98722154
4767,./thermolysin_dw/thl_1p8A_grid_predictions_1.mtz,1,1,1608,0.94767267
4768,./thermolysin_dw/thl_1p8A_grid_predictions_1.mtz,1,1,1609,0.96940964
4769,./thermolysin_dw/thl_1p8A_grid_predictions_1.mtz,1,1,1610,0.9571172
4770,./thermolysin_dw/thl_1p8A_grid_predictions_1.mtz,1,1,1611,0.82416373
4771,./thermolysin_dw/thl_1p8A_grid_predictions_1.mtz,1,1,1612,0.80662096
4772,./thermolysin_dw/thl_1p8A_grid_predictions_1.mtz,1,1,1613,0.959967
4773,./thermolysin_dw/thl_1p8A_grid_predictions_1.mtz,1,1,1614,0.9770343
4774,./thermolysin_dw/thl_1p8A_grid_predictions_1.mtz,1,1,1615,0.79319596
4775,./thermolysin_dw/thl_1p8A_grid_predictions_1.mtz,1,1,1616,0.94815516
4776,./thermolysin_dw/thl_1p8A_grid_predictions_1.mtz,1,1,1617,0.8885578
4777,./thermolysin_dw/thl_1p8A_grid_predictions_1.mtz,1,1,1618,0.89019233
4778,./thermolysin_dw/thl_1p8A_grid_predictions_1.mtz,1,1,1619,0.9148577
4779,./thermolysin_dw/thl_1p8A_grid_predictions_1.mtz,1,1,1620,0.955068
4780,./thermolysin_dw/thl_1p8A_grid_predictions_1.mtz,1,1,1621,0.89164376
4781,./thermolysin_dw/thl_1p8A_grid_predictions_1.mtz,1,1,1622,0.8270834
4782,./thermolysin_dw/thl_1p8A_grid_predictions_1.mtz,1,1,1623,0.89867055
4783,./thermolysin_dw/thl_1p8A_grid_predictions_1.mtz,1,1,1624,0.8456246
4784,./thermolysin_dw/thl_1p8A_grid_predictions_1.mtz,1,1,1625,0.9425522
4785,./thermolysin_dw/thl_1p8A_grid_predictions_1.mtz,1,1,1626,0.9482078
4786,./thermolysin_dw/thl_1p8A_grid_predictions_1.mtz,1,1,1627,0.9425668
4787,./thermolysin_dw/thl_1p8A_grid_predictions_1.mtz,1,1,1628,0.69353247
4788,./thermolysin_dw/thl_1p8A_grid_predictions_1.mtz,1,1,1629,0.89774734
4789,./thermolysin_dw/thl_1p8A_grid_predictions_1.mtz,1,1,1630,0.9591077
4790,./thermolysin_dw/thl_1p8A_grid_predictions_1.mtz,1,1,1631,0.7806535
4791,./thermolysin_dw/thl_1p8A_grid_predictions_1.mtz,1,1,1632,0.9065191
4792,./thermolysin_dw/thl_1p8A_grid_predictions_1.mtz,1,1,1633,0.90397805
4793,./thermolysin_dw/thl_1p8A_grid_predictions_1.mtz,1,1,1634,0.91798973
4794,./thermolysin_dw/thl_1p8A_grid_predictions_1.mtz,1,1,1635,0.8888399
4795,./thermolysin_dw/thl_1p8A_grid_predictions_1.mtz,1,1,1636,0.8229791
4796,./thermolysin_dw/thl_1p8A_grid_predictions_1.mtz,1,1,1637,0.9051636
4797,./thermolysin_dw/thl_1p8A_grid_predictions_1.mtz,1,1,1638,0.9560489
4798,./thermolysin_dw/thl_1p8A_grid_predictions_1.mtz,1,1,1639,0.9734852
4799,./thermolysin_dw/thl_1p8A_grid_predictions_1.mtz,1,1,1640,0.95012295
4800,./thermolysin_dw/thl_1p8A_grid_predictions_1.mtz,1,1,1641,0.8328107
4801,./thermolysin_dw/thl_1p8A_grid_predictions_1.mtz,1,1,1642,0.88781244
4802,./thermolysin_dw/thl_1p8A_grid_predictions_1.mtz,1,1,1643,0.9707325
4803,./thermolysin_dw/thl_1p8A_grid_predictions_1.mtz,1,1,1644,0.9540243
4804,./thermolysin_dw/thl_1p8A_grid_predictions_1.mtz,1,1,1645,0.84744084
4805,./thermolysin_dw/thl_1p8A_grid_predictions_1.mtz,1,1,1646,0.93276554
4806,./thermolysin_dw/thl_1p8A_grid_predictions_1.mtz,1,1,1647,0.92048466
4807,./thermolysin_dw/thl_1p8A_grid_predictions_1.mtz,1,1,1648,0.8930289
4808,./thermolysin_dw/thl_1p8A_grid_predictions_1.mtz,1,1,1649,0.8517442
4809,./thermolysin_dw/thl_1p8A_grid_predictions_1.mtz,1,1,1650,0.9321459
4810,./thermolysin_dw/thl_1p8A_grid_predictions_1.mtz,1,1,1651,0.7563059
4811,./thermolysin_dw/thl_1p8A_grid_predictions_1.mtz,1,1,1652,0.88990206
4812,./thermolysin_dw/thl_1p8A_grid_predictions_1.mtz,1,1,1653,0.9010934
4813,./thermolysin_dw/thl_1p8A_grid_predictions_1.mtz,1,1,1654,0.9631327
4814,./thermolysin_dw/thl_1p8A_grid_predictions_1.mtz,1,1,1655,0.88859206
4815,./thermolysin_dw/thl_1p8A_grid_predictions_1.mtz,1,1,1656,0.91404057
4816,./thermolysin_dw/thl_1p8A_grid_predictions_1.mtz,1,1,1657,0.910582
4817,./thermolysin_dw/thl_1p8A_grid_predictions_1.mtz,1,1,1658,0.9218976
4818,./thermolysin_dw/thl_1p8A_grid_predictions_1.mtz,1,1,1659,0.8970211
4819,./thermolysin_dw/thl_1p8A_grid_predictions_1.mtz,1,1,1660,0.9067183
4820,./thermolysin_dw/thl_1p8A_grid_predictions_1.mtz,1,1,1661,0.9633915
4821,./thermolysin_dw/thl_1p8A_grid_predictions_1.mtz,1,1,1662,0.82308084
4822,./thermolysin_dw/thl_1p8A_grid_predictions_1.mtz,1,1,1663,0.74086624
4823,./thermolysin_dw/thl_1p8A_grid_predictions_1.mtz,1,1,1664,0.945216
4824,./thermolysin_dw/thl_1p8A_grid_predictions_1.mtz,1,1,1665,0.8770429
4825,./thermolysin_dw/thl_1p8A_grid_predictions_1.mtz,1,1,1666,0.9668288
4826,./thermolysin_dw/thl_1p8A_grid_predictions_1.mtz,1,1,1667,0.953476
4827,./thermolysin_dw/thl_1p8A_grid_predictions_1.mtz,1,1,1668,0.9290913
4828,./thermolysin_dw/thl_1p8A_grid_predictions_1.mtz,1,1,1669,0.950222
4829,./thermolysin_dw/thl_1p8A_grid_predictions_1.mtz,1,1,1670,0.9219976
4830,./thermolysin_dw/thl_1p8A_grid_predictions_1.mtz,1,1,1671,0.92766035
4831,./thermolysin_dw/thl_1p8A_grid_predictions_1.mtz,1,1,1672,0.90896577
4832,./thermolysin_dw/thl_1p8A_grid_predictions_1.mtz,1,1,1673,0.86803484
4833,./thermolysin_dw/thl_1p8A_grid_predictions_1.mtz,1,1,1674,0.91329265
4834,./thermolysin_dw/thl_1p8A_grid_predictions_1.mtz,1,1,1675,0.73989683
4835,./thermolysin_dw/thl_1p8A_grid_predictions_1.mtz,1,1,1676,0.9604956
4836,./thermolysin_dw/thl_1p8A_grid_predictions_1.mtz,1,1,1677,0.98503906
4837,./thermolysin_dw/thl_1p8A_grid_predictions_1.mtz,1,1,1678,0.9199536
4838,./thermolysin_dw/thl_1p8A_grid_predictions_1.mtz,1,1,1679,0.9412848
4839,./thermolysin_dw/thl_1p8A_grid_predictions_1.mtz,1,1,1680,0.96930337
4840,./thermolysin_dw/thl_1p8A_grid_predictions_1.mtz,1,1,1681,0.91164935
4841,./thermolysin_dw/thl_1p8A_grid_predictions_1.mtz,1,1,1682,0.92645806
4842,./thermolysin_dw/thl_1p8A_grid_predictions_1.mtz,1,1,1683,0.92217827
4843,./thermolysin_dw/thl_1p8A_grid_predictions_1.mtz,1,1,1684,0.9556289
4844,./thermolysin_dw/thl_1p8A_grid_predictions_1.mtz,1,1,1685,0.9530027
4845,./thermolysin_dw/thl_1p8A_grid_predictions_1.mtz,1,1,1686,0.92984277
4846,./thermolysin_dw/thl_1p8A_grid_predictions_1.mtz,1,1,1687,0.91916704
4847,./thermolysin_dw/thl_1p8A_grid_predictions_1.mtz,1,1,1688,0.95696414
4848,./thermolysin_dw/thl_1p8A_grid_predictions_1.mtz,1,1,1689,0.8813295
4849,./thermolysin_dw/thl_1p8A_grid_predictions_1.mtz,1,1,1690,0.9792127
4850,./thermolysin_dw/thl_1p8A_grid_predictions_1.mtz,1,1,1691,0.79133457
4851,./thermolysin_dw/thl_1p8A_grid_predictions_1.mtz,1,1,1692,0.9002584
4852,./thermolysin_dw/thl_1p8A_grid_predictions_1.mtz,1,1,1693,0.9414783
4853,./thermolysin_dw/thl_1p8A_grid_predictions_1.mtz,1,1,1694,0.9278026
4854,./thermolysin_dw/thl_1p8A_grid_predictions_1.mtz,1,1,1695,0.95013773
4855,./thermolysin_dw/thl_1p8A_grid_predictions_1.mtz,1,1,1696,0.9156794
4856,./thermolysin_dw/thl_1p8A_grid_predictions_1.mtz,1,1,1697,0.81705374
4857,./thermolysin_dw/thl_1p8A_grid_predictions_1.mtz,1,1,1698,0.92481
4858,./thermolysin_dw/thl_1p8A_grid_predictions_1.mtz,1,1,1699,0.920718
4859,./thermolysin_dw/thl_1p8A_grid_predictions_1.mtz,1,1,1700,0.98398364
4860,./thermolysin_dw/thl_1p8A_grid_predictions_1.mtz,1,1,1701,0.94917405
4861,./thermolysin_dw/thl_1p8A_grid_predictions_1.mtz,1,1,1702,0.6854308
4862,./thermolysin_dw/thl_1p8A_grid_predictions_1.mtz,1,1,1703,0.85240895
4863,./thermolysin_dw/thl_1p8A_grid_predictions_1.mtz,1,1,1704,0.9106893
4864,./thermolysin_dw/thl_1p8A_grid_predictions_1.mtz,1,1,1705,0.9699972
4865,./thermolysin_dw/thl_1p8A_grid_predictions_1.mtz,1,1,1706,0.94332343
4866,./thermolysin_dw/thl_1p8A_grid_predictions_1.mtz,1,1,1707,0.87580544
4867,./thermolysin_dw/thl_1p8A_grid_predictions_1.mtz,1,1,1708,0.7700828
4868,./thermolysin_dw/thl_1p8A_grid_predictions_1.mtz,1,1,1709,0.93673074
4869,./thermolysin_dw/thl_1p8A_grid_predictions_1.mtz,1,1,1710,0.9303993
4870,./thermolysin_dw/thl_1p8A_grid_predictions_1.mtz,1,1,1711,0.92514837
4871,./thermolysin_dw/thl_1p8A_grid_predictions_1.mtz,1,1,1712,0.9176034
4872,./thermolysin_dw/thl_1p8A_grid_predictions_1.mtz,1,1,1713,0.9837888
4873,./thermolysin_dw/thl_1p8A_grid_predictions_1.mtz,1,1,1714,0.7968793
4874,./thermolysin_dw/thl_1p8A_grid_predictions_1.mtz,1,1,1715,0.96501386
4875,./thermolysin_dw/thl_1p8A_grid_predictions_1.mtz,1,1,1716,0.9274613
4876,./thermolysin_dw/thl_1p8A_grid_predictions_1.mtz,1,1,1717,0.9496831
4877,./thermolysin_dw/thl_1p8A_grid_predictions_1.mtz,1,1,1718,0.91183686
4878,./thermolysin_dw/thl_1p8A_grid_predictions_1.mtz,1,1,1719,0.90428126
4879,./thermolysin_dw/thl_1p8A_grid_predictions_1.mtz,1,1,1720,0.90028673
4880,./thermolysin_dw/thl_1p8A_grid_predictions_1.mtz,1,1,1721,0.9573891
4881,./thermolysin_dw/thl_1p8A_grid_predictions_1.mtz,1,1,1722,0.97092885
4882,./thermolysin_dw/thl_1p8A_grid_predictions_1.mtz,1,1,1723,0.9451958
4883,./thermolysin_dw/thl_1p8A_grid_predictions_1.mtz,1,1,1724,0.95712245
4884,./thermolysin_dw/thl_1p8A_grid_predictions_1.mtz,1,1,1725,0.93404347
4885,./thermolysin_dw/thl_1p8A_grid_predictions_1.mtz,1,1,1726,0.74091166
4886,./thermolysin_dw/thl_1p8A_grid_predictions_1.mtz,1,1,1727,0.866605
4887,./thermolysin_dw/thl_1p8A_grid_predictions_1.mtz,1,1,1728,0.955155
4888,./thermolysin_dw/thl_1p8A_grid_predictions_1.mtz,1,1,1729,0.90628195
4889,./thermolysin_dw/thl_1p8A_grid_predictions_1.mtz,1,1,1730,0.84496707
4890,./thermolysin_dw/thl_1p8A_grid_predictions_1.mtz,1,1,1731,0.9682876
4891,./thermolysin_dw/thl_1p8A_grid_predictions_1.mtz,1,1,1732,0.73349786
4892,./thermolysin_dw/thl_1p8A_grid_predictions_1.mtz,1,1,1733,0.830552
4893,./thermolysin_dw/thl_1p8A_grid_predictions_1.mtz,1,1,1734,0.96655506
4894,./thermolysin_dw/thl_1p8A_grid_predictions_1.mtz,1,1,1735,0.95162886
4895,./thermolysin_dw/thl_1p8A_grid_predictions_1.mtz,1,1,1736,0.9333069
4896,./thermolysin_dw/thl_1p8A_grid_predictions_1.mtz,1,1,1737,0.9083285
4897,./thermolysin_dw/thl_1p8A_grid_predictions_1.mtz,1,1,1738,0.97872126
4898,./thermolysin_dw/thl_1p8A_grid_predictions_1.mtz,1,1,1739,0.8432007
4899,./thermolysin_dw/thl_1p8A_grid_predictions_1.mtz,1,1,1740,0.8529174
4900,./thermolysin_dw/thl_1p8A_grid_predictions_1.mtz,1,1,1741,0.9629969
4901,./thermolysin_dw/thl_1p8A_grid_predictions_1.mtz,1,1,1742,0.93567777
4902,./thermolysin_dw/thl_1p8A_grid_predictions_1.mtz,1,1,1743,0.8765884
4903,./thermolysin_dw/thl_1p8A_grid_predictions_1.mtz,1,1,1744,0.967774
4904,./thermolysin_dw/thl_1p8A_grid_predictions_1.mtz,1,1,1745,0.9656574
4905,./thermolysin_dw/thl_1p8A_grid_predictions_1.mtz,1,1,1746,0.8717474
4906,./thermolysin_dw/thl_1p8A_grid_predictions_1.mtz,1,1,1747,0.9213759
4907,./thermolysin_dw/thl_1p8A_grid_predictions_1.mtz,1,1,1748,0.92090034
4908,./thermolysin_dw/thl_1p8A_grid_predictions_1.mtz,1,1,1749,0.7955659
4909,./thermolysin_dw/thl_1p8A_grid_predictions_1.mtz,1,1,1750,0.898963
4910,./thermolysin_dw/thl_1p8A_grid_predictions_1.mtz,1,1,1751,0.9749798
4911,./thermolysin_dw/thl_1p8A_grid_predictions_1.mtz,1,1,1752,0.9382313
4912,./thermolysin_dw/thl_1p8A_grid_predictions_1.mtz,1,1,1753,0.9109352
4913,./thermolysin_dw/thl_1p8A_grid_predictions_1.mtz,1,1,1754,0.94396615
4914,./thermolysin_dw/thl_1p8A_grid_predictions_1.mtz,1,1,1755,0.9253211
4915,./thermolysin_dw/thl_1p8A_grid_predictions_1.mtz,1,1,1756,0.87266916
4916,./thermolysin_dw/thl_1p8A_grid_predictions_1.mtz,1,1,1757,0.9771138
4917,./thermolysin_dw/thl_1p8A_grid_predictions_1.mtz,1,1,1758,0.7060233
4918,./thermolysin_dw/thl_1p8A_grid_predictions_1.mtz,1,1,1759,0.9537532
4919,./thermolysin_dw/thl_1p8A_grid_predictions_1.mtz,1,1,1760,0.9725252
4920,./thermolysin_dw/thl_1p8A_grid_predictions_1.mtz,1,1,1761,0.8915588
4921,./thermolysin_dw/thl_1p8A_grid_predictions_1.mtz,1,1,1762,0.8998012
4922,./thermolysin_dw/thl_1p8A_grid_predictions_1.mtz,1,1,1763,0.87561184
4923,./thermolysin_dw/thl_1p8A_grid_predictions_1.mtz,1,1,1764,0.89118606
4924,./thermolysin_dw/thl_1p8A_grid_predictions_1.mtz,1,1,1765,0.9600763
4925,./thermolysin_dw/thl_1p8A_grid_predictions_1.mtz,1,1,1766,0.818457
4926,./thermolysin_dw/thl_1p8A_grid_predictions_1.mtz,1,1,1767,0.93916327
4927,./thermolysin_dw/thl_1p8A_grid_predictions_1.mtz,1,1,1768,0.88188463
4928,./thermolysin_dw/thl_1p8A_grid_predictions_1.mtz,1,1,1769,0.9753672
4929,./thermolysin_dw/thl_1p8A_grid_predictions_1.mtz,1,1,1770,0.9516357
4930,./thermolysin_dw/thl_1p8A_grid_predictions_1.mtz,1,1,1771,0.9456156
4931,./thermolysin_dw/thl_1p8A_grid_predictions_1.mtz,1,1,1772,0.6767654
4932,./thermolysin_dw/thl_1p8A_grid_predictions_1.mtz,1,1,1773,0.9284132
4933,./thermolysin_dw/thl_1p8A_grid_predictions_1.mtz,1,1,1774,0.96632457
4934,./thermolysin_dw/thl_1p8A_grid_predictions_1.mtz,1,1,1775,0.9615328
4935,./thermolysin_dw/thl_1p8A_grid_predictions_1.mtz,1,1,1776,0.94483596
4936,./thermolysin_dw/thl_1p8A_grid_predictions_1.mtz,1,1,1777,0.82134855
4937,./thermolysin_dw/thl_1p8A_grid_predictions_1.mtz,1,1,1778,0.8688427
4938,./thermolysin_dw/thl_1p8A_grid_predictions_1.mtz,1,1,1779,0.84578806
4939,./thermolysin_dw/thl_1p8A_grid_predictions_1.mtz,1,1,1780,0.9584231
4940,./thermolysin_dw/thl_1p8A_grid_predictions_1.mtz,1,1,1781,0.95422804
4941,./thermolysin_dw/thl_1p8A_grid_predictions_1.mtz,1,1,1782,0.9227652
4942,./thermolysin_dw/thl_1p8A_grid_predictions_1.mtz,1,1,1783,0.85619897
4943,./thermolysin_dw/thl_1p8A_grid_predictions_1.mtz,1,1,1784,0.9607851
4944,./thermolysin_dw/thl_1p8A_grid_predictions_1.mtz,1,1,1785,0.93304986
4945,./thermolysin_dw/thl_1p8A_grid_predictions_1.mtz,1,1,1786,0.8729756
4946,./thermolysin_dw/thl_1p8A_grid_predictions_1.mtz,1,1,1787,0.9466383
4947,./thermolysin_dw/thl_1p8A_grid_predictions_1.mtz,1,1,1788,0.84992117
4948,./thermolysin_dw/thl_1p8A_grid_predictions_1.mtz,1,1,1789,0.95154595
4949,./thermolysin_dw/thl_1p8A_grid_predictions_1.mtz,1,1,1790,0.8402018
4950,./thermolysin_dw/thl_1p8A_grid_predictions_1.mtz,1,1,1791,0.67954904
4951,./thermolysin_dw/thl_1p8A_grid_predictions_1.mtz,1,1,1792,0.9674623
4952,./thermolysin_dw/thl_1p8A_grid_predictions_1.mtz,1,1,1793,0.92151946
4953,./thermolysin_dw/thl_1p8A_grid_predictions_1.mtz,1,1,1794,0.93122333
4954,./thermolysin_dw/thl_1p8A_grid_predictions_1.mtz,1,1,1795,0.9334175
4955,./thermolysin_dw/thl_1p8A_grid_predictions_1.mtz,1,1,1796,0.91255206
4956,./thermolysin_dw/thl_1p8A_grid_predictions_1.mtz,1,1,1797,0.9350603
4957,./thermolysin_dw/thl_1p8A_grid_predictions_1.mtz,1,1,1798,0.9225113
4958,./thermolysin_dw/thl_1p8A_grid_predictions_1.mtz,1,1,1799,0.95495915
4959,./thermolysin_dw/thl_1p8A_grid_predictions_1.mtz,1,1,1800,0.8201931
4960,./thermolysin_dw/thl_1p8A_grid_predictions_1.mtz,1,1,1801,0.9528603
4961,./thermolysin_dw/thl_1p8A_grid_predictions_1.mtz,1,1,1802,0.9388351
4962,./thermolysin_dw/thl_1p8A_grid_predictions_1.mtz,1,1,1803,0.9329337
4963,./thermolysin_dw/thl_1p8A_grid_predictions_1.mtz,1,1,1804,0.9497973
4964,./thermolysin_dw/thl_1p8A_grid_predictions_1.mtz,1,1,1805,0.92759895
4965,./thermolysin_dw/thl_1p8A_grid_predictions_1.mtz,1,1,1806,0.8967079
4966,./thermolysin_dw/thl_1p8A_grid_predictions_1.mtz,1,1,1807,0.9645714
4967,./thermolysin_dw/thl_1p8A_grid_predictions_1.mtz,1,1,1808,0.93638414
4968,./thermolysin_dw/thl_1p8A_grid_predictions_1.mtz,1,1,1809,0.8979185
4969,./thermolysin_dw/thl_1p8A_grid_predictions_1.mtz,1,1,1810,0.9543175
4970,./thermolysin_dw/thl_1p8A_grid_predictions_1.mtz,1,1,1811,0.9265707
4971,./thermolysin_dw/thl_1p8A_grid_predictions_1.mtz,1,1,1812,0.9661598
4972,./thermolysin_dw/thl_1p8A_grid_predictions_1.mtz,1,1,1813,0.93368983
4973,./thermolysin_dw/thl_1p8A_grid_predictions_1.mtz,1,1,1814,0.96036816
4974,./thermolysin_dw/thl_1p8A_grid_predictions_1.mtz,1,1,1815,0.9435952
4975,./thermolysin_dw/thl_1p8A_grid_predictions_1.mtz,1,1,1816,0.94538486
4976,./thermolysin_dw/thl_1p8A_grid_predictions_1.mtz,1,1,1817,0.90389323
4977,./thermolysin_dw/thl_1p8A_grid_predictions_1.mtz,1,1,1818,0.92098194
4978,./thermolysin_dw/thl_1p8A_grid_predictions_1.mtz,1,1,1819,0.915419
4979,./thermolysin_dw/thl_1p8A_grid_predictions_1.mtz,1,1,1820,0.91794556
4980,./thermolysin_dw/thl_1p8A_grid_predictions_1.mtz,1,1,1821,0.9202982
4981,./thermolysin_dw/thl_1p8A_grid_predictions_1.mtz,1,1,1822,0.9410205
4982,./thermolysin_dw/thl_1p8A_grid_predictions_1.mtz,1,1,1823,0.8073358
4983,./thermolysin_dw/thl_1p8A_grid_predictions_1.mtz,1,1,1824,0.9141697
4984,./thermolysin_dw/thl_1p8A_grid_predictions_1.mtz,1,1,1825,0.9554115
4985,./thermolysin_dw/thl_1p8A_grid_predictions_1.mtz,1,1,1826,0.91083866
4986,./thermolysin_dw/thl_1p8A_grid_predictions_1.mtz,1,1,1827,0.8620248
4987,./thermolysin_dw/thl_1p8A_grid_predictions_1.mtz,1,1,1828,0.95864475
4988,./thermolysin_dw/thl_1p8A_grid_predictions_1.mtz,1,1,1829,0.85754424
4989,./thermolysin_dw/thl_1p8A_grid_predictions_1.mtz,1,1,1830,0.9765262
4990,./thermolysin_dw/thl_1p8A_grid_predictions_1.mtz,1,1,1831,0.84643245
4991,./thermolysin_dw/thl_1p8A_grid_predictions_1.mtz,1,1,1832,0.95831656
4992,./thermolysin_dw/thl_1p8A_grid_predictions_1.mtz,1,1,1833,0.88907874
4993,./thermolysin_dw/thl_1p8A_grid_predictions_1.mtz,1,1,1834,0.86184627
4994,./thermolysin_dw/thl_1p8A_grid_predictions_1.mtz,1,1,1835,0.7917054
4995,./thermolysin_dw/thl_1p8A_grid_predictions_1.mtz,1,1,1836,0.930219
4996,./thermolysin_dw/thl_1p8A_grid_predictions_1.mtz,1,1,1837,0.9536721
4997,./thermolysin_dw/thl_1p8A_grid_predictions_1.mtz,1,1,1838,0.96121156
4998,./thermolysin_dw/thl_1p8A_grid_predictions_1.mtz,1,1,1839,0.918498
4999,./thermolysin_dw/thl_1p8A_grid_predictions_1.mtz,1,1,1840,0.9165422
5000,./thermolysin_dw/thl_1p8A_grid_predictions_1.mtz,1,1,1841,0.952629
5001,./thermolysin_dw/thl_1p8A_grid_predictions_1.mtz,1,1,1842,0.9265317
5002,./thermolysin_dw/thl_1p8A_grid_predictions_1.mtz,1,1,1843,0.8459173
5003,./thermolysin_dw/thl_1p8A_grid_predictions_1.mtz,1,1,1844,0.89886224
5004,./thermolysin_dw/thl_1p8A_grid_predictions_1.mtz,1,1,1845,0.9234521
5005,./thermolysin_dw/thl_1p8A_grid_predictions_1.mtz,1,1,1846,0.9121721
5006,./thermolysin_dw/thl_1p8A_grid_predictions_1.mtz,1,1,1847,0.97703767
5007,./thermolysin_dw/thl_1p8A_grid_predictions_1.mtz,1,1,1848,0.94012976
5008,./thermolysin_dw/thl_1p8A_grid_predictions_1.mtz,1,1,1849,0.92855555
5009,./thermolysin_dw/thl_1p8A_grid_predictions_1.mtz,1,1,1850,0.91870224
5010,./thermolysin_dw/thl_1p8A_grid_predictions_1.mtz,1,1,1851,0.9074909
5011,./thermolysin_dw/thl_1p8A_grid_predictions_1.mtz,1,1,1852,0.9413825
5012,./thermolysin_dw/thl_1p8A_grid_predictions_1.mtz,1,1,1853,0.93458873
5013,./thermolysin_dw/thl_1p8A_grid_predictions_1.mtz,1,1,1854,0.9496952
5014,./thermolysin_dw/thl_1p8A_grid_predictions_1.mtz,1,1,1855,0.84058106
5015,./thermolysin_dw/thl_1p8A_grid_predictions_1.mtz,1,1,1856,0.9669072
5016,./thermolysin_dw/thl_1p8A_grid_predictions_1.mtz,1,1,1857,0.96263033
5017,./thermolysin_dw/thl_1p8A_grid_predictions_1.mtz,1,1,1858,0.9354425
5018,./thermolysin_dw/thl_1p8A_grid_predictions_1.mtz,1,1,1859,0.980514
5019,./thermolysin_dw/thl_1p8A_grid_predictions_1.mtz,1,1,1860,0.9573784
5020,./thermolysin_dw/thl_1p8A_grid_predictions_1.mtz,1,1,1861,0.87554204
5021,./thermolysin_dw/thl_1p8A_grid_predictions_1.mtz,1,1,1862,0.88596034
5022,./thermolysin_dw/thl_1p8A_grid_predictions_1.mtz,1,1,1863,0.91117936
5023,./thermolysin_dw/thl_1p8A_grid_predictions_1.mtz,1,1,1864,0.9448296
5024,./thermolysin_dw/thl_1p8A_grid_predictions_1.mtz,1,1,1865,0.98073024
5025,./thermolysin_dw/thl_1p8A_grid_predictions_1.mtz,1,1,1866,0.5528338
5026,./thermolysin_dw/thl_1p8A_grid_predictions_1.mtz,1,1,1867,0.9031217
5027,./thermolysin_dw/thl_1p8A_grid_predictions_1.mtz,1,1,1868,0.9084407
5028,./thermolysin_dw/thl_1p8A_grid_predictions_1.mtz,1,1,1869,0.9336783
5029,./thermolysin_dw/thl_1p8A_grid_predictions_1.mtz,1,1,1870,0.9045656
5030,./thermolysin_dw/thl_1p8A_grid_predictions_1.mtz,1,1,1871,0.9347524
5031,./thermolysin_dw/thl_1p8A_grid_predictions_1.mtz,1,1,1872,0.9596379
5032,./thermolysin_dw/thl_1p8A_grid_predictions_1.mtz,1,1,1873,0.92213976
5033,./thermolysin_dw/thl_1p8A_grid_predictions_1.mtz,1,1,1874,0.932283
5034,./thermolysin_dw/thl_1p8A_grid_predictions_1.mtz,1,1,1875,0.949494
5035,./thermolysin_dw/thl_1p8A_grid_predictions_1.mtz,1,1,1876,0.9127435
5036,./thermolysin_dw/thl_1p8A_grid_predictions_1.mtz,1,1,1877,0.95266557
5037,./thermolysin_dw/thl_1p8A_grid_predictions_1.mtz,1,1,1878,0.88164955
5038,./thermolysin_dw/thl_1p8A_grid_predictions_1.mtz,1,1,1879,0.9376965
5039,./thermolysin_dw/thl_1p8A_grid_predictions_1.mtz,1,1,1880,0.89819854
5040,./thermolysin_dw/thl_1p8A_grid_predictions_1.mtz,1,1,1881,0.89235455
5041,./thermolysin_dw/thl_1p8A_grid_predictions_1.mtz,1,1,1882,0.967989
5042,./thermolysin_dw/thl_1p8A_grid_predictions_1.mtz,1,1,1883,0.91791576
5043,./thermolysin_dw/thl_1p8A_grid_predictions_1.mtz,1,1,1884,0.92670673
5044,./thermolysin_dw/thl_1p8A_grid_predictions_1.mtz,1,1,1885,0.9672933
5045,./thermolysin_dw/thl_1p8A_grid_predictions_1.mtz,1,1,1886,0.9670929
5046,./thermolysin_dw/thl_1p8A_grid_predictions_1.mtz,1,1,1887,0.9694859
5047,./thermolysin_dw/thl_1p8A_grid_predictions_1.mtz,1,1,1888,0.93711454
5048,./thermolysin_dw/thl_1p8A_grid_predictions_1.mtz,1,1,1889,0.6647013
5049,./thermolysin_dw/thl_1p8A_grid_predictions_1.mtz,1,1,1890,0.93035406
5050,./thermolysin_dw/thl_1p8A_grid_predictions_1.mtz,1,1,1891,0.897633
5051,./thermolysin_dw/thl_1p8A_grid_predictions_1.mtz,1,1,1892,0.7883856
5052,./thermolysin_dw/thl_1p8A_grid_predictions_1.mtz,1,1,1893,0.7690593
5053,./thermolysin_dw/thl_1p8A_grid_predictions_1.mtz,1,1,1894,0.9095331
5054,./thermolysin_dw/thl_1p8A_grid_predictions_1.mtz,1,1,1895,0.92936313
5055,./thermolysin_dw/thl_1p8A_grid_predictions_1.mtz,1,1,1896,0.6084995
5056,./thermolysin_dw/thl_1p8A_grid_predictions_1.mtz,1,1,1897,0.7369647
5057,./thermolysin_dw/thl_1p8A_grid_predictions_1.mtz,1,1,1898,0.86657447
5058,./thermolysin_dw/thl_1p8A_grid_predictions_1.mtz,1,1,1899,0.7869168
5059,./thermolysin_dw/thl_1p8A_grid_predictions_1.mtz,1,1,1900,0.9080852
5060,./thermolysin_dw/thl_1p8A_grid_predictions_1.mtz,1,1,1901,0.91041255
5061,./thermolysin_dw/thl_1p8A_grid_predictions_1.mtz,1,1,1902,0.90090275
5062,./thermolysin_dw/thl_1p8A_grid_predictions_1.mtz,1,1,1903,0.94069225
5063,./thermolysin_dw/thl_1p8A_grid_predictions_1.mtz,1,1,1904,0.7805762
5064,./thermolysin_dw/thl_1p8A_grid_predictions_1.mtz,1,1,1905,0.84668595
5065,./thermolysin_dw/thl_1p8A_grid_predictions_1.mtz,1,1,1906,0.8597633
5066,./thermolysin_dw/thl_1p8A_grid_predictions_1.mtz,1,1,1907,0.88411635
5067,./thermolysin_dw/thl_1p8A_grid_predictions_1.mtz,1,1,1908,0.8830201
5068,./thermolysin_dw/thl_1p8A_grid_predictions_1.mtz,1,1,1909,0.95637864
5069,./thermolysin_dw/thl_1p8A_grid_predictions_1.mtz,1,1,1910,0.9415493
5070,./thermolysin_dw/thl_1p8A_grid_predictions_1.mtz,1,1,1911,0.7043996
5071,./thermolysin_dw/thl_1p8A_grid_predictions_1.mtz,1,1,1912,0.8563439
5072,./thermolysin_dw/thl_1p8A_grid_predictions_1.mtz,1,1,1913,0.9500492
5073,./thermolysin_dw/thl_1p8A_grid_predictions_1.mtz,1,1,1914,0.6336303
5074,./thermolysin_dw/thl_1p8A_grid_predictions_1.mtz,1,1,1915,0.76659817
5075,./thermolysin_dw/thl_1p8A_grid_predictions_1.mtz,1,1,1916,0.93498355
5076,./thermolysin_dw/thl_1p8A_grid_predictions_1.mtz,1,1,1917,0.95941913
5077,./thermolysin_dw/thl_1p8A_grid_predictions_1.mtz,1,1,1918,0.93959486
5078,./thermolysin_dw/thl_1p8A_grid_predictions_1.mtz,1,1,1919,0.88522977
5079,./thermolysin_dw/thl_1p8A_grid_predictions_1.mtz,1,1,1920,0.8776988
5080,./thermolysin_dw/thl_1p8A_grid_predictions_1.mtz,1,1,1921,0.90896845
5081,./thermolysin_dw/thl_1p8A_grid_predictions_1.mtz,1,1,1922,0.9183231
5082,./thermolysin_dw/thl_1p8A_grid_predictions_1.mtz,1,1,1923,0.7958912
5083,./thermolysin_dw/thl_1p8A_grid_predictions_1.mtz,1,1,1924,0.7932979
5084,./thermolysin_dw/thl_1p8A_grid_predictions_1.mtz,1,1,1925,0.9470256
5085,./thermolysin_dw/thl_1p8A_grid_predictions_1.mtz,1,1,1926,0.8965262
5086,./thermolysin_dw/thl_1p8A_grid_predictions_1.mtz,1,1,1927,0.7344208
5087,./thermolysin_dw/thl_1p8A_grid_predictions_1.mtz,1,1,1928,0.8252439
5088,./thermolysin_dw/thl_1p8A_grid_predictions_1.mtz,1,1,1929,0.89854115
5089,./thermolysin_dw/thl_1p8A_grid_predictions_1.mtz,1,1,1930,0.8803793
5090,./thermolysin_dw/thl_1p8A_grid_predictions_1.mtz,1,1,1931,0.8381323
5091,./thermolysin_dw/thl_1p8A_grid_predictions_1.mtz,1,1,1932,0.94588345
5092,./thermolysin_dw/thl_1p8A_grid_predictions_1.mtz,1,1,1933,0.93766296
5093,./thermolysin_dw/thl_1p8A_grid_predictions_1.mtz,1,1,1934,0.8356162
5094,./thermolysin_dw/thl_1p8A_grid_predictions_1.mtz,1,1,1935,0.88379747
5095,./thermolysin_dw/thl_1p8A_grid_predictions_1.mtz,1,1,1936,0.92127967
5096,./thermolysin_dw/thl_1p8A_grid_predictions_1.mtz,1,1,1937,0.86499166
5097,./thermolysin_dw/thl_1p8A_grid_predictions_1.mtz,1,1,1938,0.75390774
5098,./thermolysin_dw/thl_1p8A_grid_predictions_1.mtz,1,1,1939,0.80404645
5099,./thermolysin_dw/thl_1p8A_grid_predictions_1.mtz,1,1,1940,0.92300224
5100,./thermolysin_dw/thl_1p8A_grid_predictions_1.mtz,1,1,1941,0.9174206
5101,./thermolysin_dw/thl_1p8A_grid_predictions_1.mtz,1,1,1942,0.9012563
5102,./thermolysin_dw/thl_1p8A_grid_predictions_1.mtz,1,1,1943,0.8594231
5103,./thermolysin_dw/thl_1p8A_grid_predictions_1.mtz,1,1,1944,0.9237081
5104,./thermolysin_dw/thl_1p8A_grid_predictions_1.mtz,1,1,1945,0.9404013
5105,./thermolysin_dw/thl_1p8A_grid_predictions_1.mtz,1,1,1946,0.72260255
5106,./thermolysin_dw/thl_1p8A_grid_predictions_1.mtz,1,1,1947,0.86379373
5107,./thermolysin_dw/thl_1p8A_grid_predictions_1.mtz,1,1,1948,0.87864447
5108,./thermolysin_dw/thl_1p8A_grid_predictions_1.mtz,1,1,1949,0.91679394
5109,./thermolysin_dw/thl_1p8A_grid_predictions_1.mtz,1,1,1950,0.88059086
5110,./thermolysin_dw/thl_1p8A_grid_predictions_1.mtz,1,1,1951,0.5837675
5111,./thermolysin_dw/thl_1p8A_grid_predictions_1.mtz,1,1,1952,0.9449008
5112,./thermolysin_dw/thl_1p8A_grid_predictions_1.mtz,1,1,1953,0.8816459
5113,./thermolysin_dw/thl_1p8A_grid_predictions_1.mtz,1,1,1954,0.87688464
5114,./thermolysin_dw/thl_1p8A_grid_predictions_1.mtz,1,1,1955,0.84918207
5115,./thermolysin_dw/thl_1p8A_grid_predictions_1.mtz,1,1,1956,0.9289596
5116,./thermolysin_dw/thl_1p8A_grid_predictions_1.mtz,1,1,1957,0.7615476
5117,./thermolysin_dw/thl_1p8A_grid_predictions_1.mtz,1,1,1958,0.87124896
5118,./thermolysin_dw/thl_1p8A_grid_predictions_1.mtz,1,1,1959,0.9537127
5119,./thermolysin_dw/thl_1p8A_grid_predictions_1.mtz,1,1,1960,0.84871775
5120,./thermolysin_dw/thl_1p8A_grid_predictions_1.mtz,1,1,1961,0.96865475
5121,./thermolysin_dw/thl_1p8A_grid_predictions_1.mtz,1,1,1962,0.9605716
5122,./thermolysin_dw/thl_1p8A_grid_predictions_1.mtz,1,1,1963,0.8574329
5123,./thermolysin_dw/thl_1p8A_grid_predictions_1.mtz,1,1,1964,0.88383675
5124,./thermolysin_dw/thl_1p8A_grid_predictions_1.mtz,1,1,1965,0.86062676
5125,./thermolysin_dw/thl_1p8A_grid_predictions_1.mtz,1,1,1966,0.893654
5126,./thermolysin_dw/thl_1p8A_grid_predictions_1.mtz,1,1,1967,0.94036996
5127,./thermolysin_dw/thl_1p8A_grid_predictions_1.mtz,1,1,1968,0.72235674
5128,./thermolysin_dw/thl_1p8A_grid_predictions_1.mtz,1,1,1969,0.9568255
5129,./thermolysin_dw/thl_1p8A_grid_predictions_1.mtz,1,1,1970,0.93747884
5130,./thermolysin_dw/thl_1p8A_grid_predictions_1.mtz,1,1,1971,0.9277652
5131,./thermolysin_dw/thl_1p8A_grid_predictions_1.mtz,1,1,1972,0.93412066
5132,./thermolysin_dw/thl_1p8A_grid_predictions_1.mtz,1,1,1973,0.9650856
5133,./thermolysin_dw/thl_1p8A_grid_predictions_1.mtz,1,1,1974,0.68468606
5134,./thermolysin_dw/thl_1p8A_grid_predictions_1.mtz,1,1,1975,0.9259573
5135,./thermolysin_dw/thl_1p8A_grid_predictions_1.mtz,1,1,1976,0.9214112
5136,./thermolysin_dw/thl_1p8A_grid_predictions_1.mtz,1,1,1977,0.59104896
5137,./thermolysin_dw/thl_1p8A_grid_predictions_1.mtz,1,1,1978,0.9512867
5138,./thermolysin_dw/thl_1p8A_grid_predictions_1.mtz,1,1,1979,0.8633742
5139,./thermolysin_dw/thl_1p8A_grid_predictions_1.mtz,1,1,1980,0.88000184
5140,./thermolysin_dw/thl_1p8A_grid_predictions_1.mtz,1,1,1981,0.93941355
5141,./thermolysin_dw/thl_1p8A_grid_predictions_1.mtz,1,1,1982,0.87739706
5142,./thermolysin_dw/thl_1p8A_grid_predictions_1.mtz,1,1,1983,0.8987315
5143,./thermolysin_dw/thl_1p8A_grid_predictions_1.mtz,1,1,1984,0.8326422
5144,./thermolysin_dw/thl_1p8A_grid_predictions_1.mtz,1,1,1985,0.9625394
5145,./thermolysin_dw/thl_1p8A_grid_predictions_1.mtz,1,1,1986,0.9231575
5146,./thermolysin_dw/thl_1p8A_grid_predictions_1.mtz,1,1,1987,0.8512296
5147,./thermolysin_dw/thl_1p8A_grid_predictions_1.mtz,1,1,1988,0.81702524
5148,./thermolysin_dw/thl_1p8A_grid_predictions_1.mtz,1,1,1989,0.94727635
5149,./thermolysin_dw/thl_1p8A_grid_predictions_1.mtz,1,1,1990,0.89873165
5150,./thermolysin_dw/thl_1p8A_grid_predictions_1.mtz,1,1,1991,0.9034658
5151,./thermolysin_dw/thl_1p8A_grid_predictions_1.mtz,1,1,1992,0.9438268
5152,./thermolysin_dw/thl_1p8A_grid_predictions_1.mtz,1,1,1993,0.89996636
5153,./thermolysin_dw/thl_1p8A_grid_predictions_1.mtz,1,1,1994,0.8232931
5154,./thermolysin_dw/thl_1p8A_grid_predictions_1.mtz,1,1,1995,0.90022033
5155,./thermolysin_dw/thl_1p8A_grid_predictions_1.mtz,1,1,1996,0.940969
5156,./thermolysin_dw/thl_1p8A_grid_predictions_1.mtz,1,1,1997,0.90758705
5157,./thermolysin_dw/thl_1p8A_grid_predictions_1.mtz,1,1,1998,0.78963035
5158,./thermolysin_dw/thl_1p8A_grid_predictions_1.mtz,1,1,1999,0.9257633
5159,./thermolysin_dw/thl_1p8A_grid_predictions_1.mtz,1,1,2000,0.92068523
5160,./thermolysin_dw/thl_1p8A_grid_predictions_1.mtz,1,1,2001,0.91395944
5161,./thermolysin_dw/thl_1p8A_grid_predictions_1.mtz,1,1,2002,0.9240418
5162,./thermolysin_dw/thl_1p8A_grid_predictions_1.mtz,1,1,2003,0.8263416
5163,./thermolysin_dw/thl_1p8A_grid_predictions_1.mtz,1,1,2004,0.8089662
5164,./thermolysin_dw/thl_1p8A_grid_predictions_1.mtz,1,1,2005,0.94034517
5165,./thermolysin_dw/thl_1p8A_grid_predictions_1.mtz,1,1,2006,0.83131224
5166,./thermolysin_dw/thl_1p8A_grid_predictions_1.mtz,1,1,2007,0.8952182
5167,./thermolysin_dw/thl_1p8A_grid_predictions_1.mtz,1,1,2008,0.9432953
5168,./thermolysin_dw/thl_1p8A_grid_predictions_1.mtz,1,1,2009,0.8891639
5169,./thermolysin_dw/thl_1p8A_grid_predictions_1.mtz,1,1,2010,0.8579552
5170,./thermolysin_dw/thl_1p8A_grid_predictions_1.mtz,1,1,2011,0.95629805
5171,./thermolysin_dw/thl_1p8A_grid_predictions_1.mtz,1,1,2012,0.8733871
5172,./thermolysin_dw/thl_1p8A_grid_predictions_1.mtz,1,1,2013,0.94033474
5173,./thermolysin_dw/thl_1p8A_grid_predictions_1.mtz,1,1,2014,0.9570462
5174,./thermolysin_dw/thl_1p8A_grid_predictions_1.mtz,1,1,2015,0.85387146
5175,./thermolysin_dw/thl_1p8A_grid_predictions_1.mtz,1,1,2016,0.8960819
5176,./thermolysin_dw/thl_1p8A_grid_predictions_1.mtz,1,1,2017,0.7739606
5177,./thermolysin_dw/thl_1p8A_grid_predictions_1.mtz,1,1,2018,0.95575655
5178,./thermolysin_dw/thl_1p8A_grid_predictions_1.mtz,1,1,2019,0.9496652
5179,./thermolysin_dw/thl_1p8A_grid_predictions_1.mtz,1,1,2020,0.73690915
5180,./thermolysin_dw/thl_1p8A_grid_predictions_1.mtz,1,1,2021,0.89221287
5181,./thermolysin_dw/thl_1p8A_grid_predictions_1.mtz,1,1,2022,0.90658534
5182,./thermolysin_dw/thl_1p8A_grid_predictions_1.mtz,1,1,2023,0.8992036
5183,./thermolysin_dw/thl_1p8A_grid_predictions_1.mtz,1,1,2024,0.93806785
5184,./thermolysin_dw/thl_1p8A_grid_predictions_1.mtz,1,1,2025,0.8681846
5185,./thermolysin_dw/thl_1p8A_grid_predictions_1.mtz,1,1,2026,0.8203264
5186,./thermolysin_dw/thl_1p8A_grid_predictions_1.mtz,1,1,2027,0.9524057
5187,./thermolysin_dw/thl_1p8A_grid_predictions_1.mtz,1,1,2028,0.93174154
5188,./thermolysin_dw/thl_1p8A_grid_predictions_1.mtz,1,1,2029,0.8372736
5189,./thermolysin_dw/thl_1p8A_grid_predictions_1.mtz,1,1,2030,0.79509455
5190,./thermolysin_dw/thl_1p8A_grid_predictions_1.mtz,1,1,2031,0.90847325
5191,./thermolysin_dw/thl_1p8A_grid_predictions_1.mtz,1,1,2032,0.60680985
5192,./thermolysin_dw/thl_1p8A_grid_predictions_1.mtz,1,1,2033,0.9223928
5193,./thermolysin_dw/thl_1p8A_grid_predictions_1.mtz,1,1,2034,0.85102654
5194,./thermolysin_dw/thl_1p8A_grid_predictions_1.mtz,1,1,2035,0.7178458
5195,./thermolysin_dw/thl_1p8A_grid_predictions_1.mtz,1,1,2036,0.89931566
5196,./thermolysin_dw/thl_1p8A_grid_predictions_1.mtz,1,1,2037,0.85997945
5197,./thermolysin_dw/thl_1p8A_grid_predictions_1.mtz,1,1,2038,0.9452261
5198,./thermolysin_dw/thl_1p8A_grid_predictions_1.mtz,1,1,2039,0.93758714
5199,./thermolysin_dw/thl_1p8A_grid_predictions_1.mtz,1,1,2040,0.905171
5200,./thermolysin_dw/thl_1p8A_grid_predictions_1.mtz,1,1,2041,0.9087969
5201,./thermolysin_dw/thl_1p8A_grid_predictions_1.mtz,1,1,2042,0.8892791
5202,./thermolysin_dw/thl_1p8A_grid_predictions_1.mtz,1,1,2043,0.9725926
5203,./thermolysin_dw/thl_1p8A_grid_predictions_1.mtz,1,1,2044,0.9370311
5204,./thermolysin_dw/thl_1p8A_grid_predictions_1.mtz,1,1,2045,0.7778471
5205,./thermolysin_dw/thl_1p8A_grid_predictions_1.mtz,1,1,2046,0.971119
5206,./thermolysin_dw/thl_1p8A_grid_predictions_1.mtz,1,1,2047,0.93486834
5207,./thermolysin_dw/thl_1p8A_grid_predictions_1.mtz,1,1,2048,0.87378097
5208,./thermolysin_dw/thl_1p8A_grid_predictions_1.mtz,1,1,2049,0.89754486
5209,./thermolysin_dw/thl_1p8A_grid_predictions_1.mtz,1,1,2050,0.89696014
5210,./thermolysin_dw/thl_1p8A_grid_predictions_1.mtz,1,1,2051,0.89714426
5211,./thermolysin_dw/thl_1p8A_grid_predictions_1.mtz,1,1,2052,0.8723593
5212,./thermolysin_dw/thl_1p8A_grid_predictions_1.mtz,1,1,2053,0.94385934
5213,./thermolysin_dw/thl_1p8A_grid_predictions_1.mtz,1,1,2054,0.9216457
5214,./thermolysin_dw/thl_1p8A_grid_predictions_1.mtz,1,1,2055,0.7365869
5215,./thermolysin_dw/thl_1p8A_grid_predictions_1.mtz,1,1,2056,0.86492664
5216,./thermolysin_dw/thl_1p8A_grid_predictions_1.mtz,1,1,2057,0.7828544
5217,./thermolysin_dw/thl_1p8A_grid_predictions_1.mtz,1,1,2058,0.92355883
5218,./thermolysin_dw/thl_1p8A_grid_predictions_1.mtz,1,1,2059,0.8500671
5219,./thermolysin_dw/thl_1p8A_grid_predictions_1.mtz,1,1,2060,0.6785216
5220,./thermolysin_dw/thl_1p8A_grid_predictions_1.mtz,1,1,2061,0.80417156
5221,./thermolysin_dw/thl_1p8A_grid_predictions_1.mtz,1,1,2062,0.9163227
5222,./thermolysin_dw/thl_1p8A_grid_predictions_1.mtz,1,1,2063,0.97168565
5223,./thermolysin_dw/thl_1p8A_grid_predictions_1.mtz,1,1,2064,0.9693342
5224,./thermolysin_dw/thl_1p8A_grid_predictions_1.mtz,1,1,2065,0.93975586
5225,./thermolysin_dw/thl_1p8A_grid_predictions_1.mtz,1,1,2066,0.8397614
5226,./thermolysin_dw/thl_1p8A_grid_predictions_1.mtz,1,1,2067,0.852769
5227,./thermolysin_dw/thl_1p8A_grid_predictions_1.mtz,1,1,2068,0.8986118
5228,./thermolysin_dw/thl_1p8A_grid_predictions_1.mtz,1,1,2069,0.9565907
5229,./thermolysin_dw/thl_1p8A_grid_predictions_1.mtz,1,1,2070,0.83853775
5230,./thermolysin_dw/thl_1p8A_grid_predictions_1.mtz,1,1,2071,0.8503144
5231,./thermolysin_dw/thl_1p8A_grid_predictions_1.mtz,1,1,2072,0.6058542
5232,./thermolysin_dw/thl_1p8A_grid_predictions_1.mtz,1,1,2073,0.7297683
5233,./thermolysin_dw/thl_1p8A_grid_predictions_1.mtz,1,1,2074,0.8350903
5234,./thermolysin_dw/thl_1p8A_grid_predictions_1.mtz,1,1,2075,0.63507146
5235,./thermolysin_dw/thl_1p8A_grid_predictions_1.mtz,1,1,2076,0.57317203
5236,./thermolysin_dw/thl_1p8A_grid_predictions_1.mtz,1,1,2077,0.875219
5237,./thermolysin_dw/thl_1p8A_grid_predictions_1.mtz,1,1,2078,0.92196834
5238,./thermolysin_dw/thl_1p8A_grid_predictions_1.mtz,1,1,2079,0.89360315
5239,./thermolysin_dw/thl_1p8A_grid_predictions_1.mtz,1,1,2080,0.93040216
5240,./thermolysin_dw/thl_1p8A_grid_predictions_1.mtz,1,1,2081,0.9654812
5241,./thermolysin_dw/thl_1p8A_grid_predictions_1.mtz,1,1,2082,0.9164126
5242,./thermolysin_dw/thl_1p8A_grid_predictions_1.mtz,1,1,2083,0.9234571
5243,./thermolysin_dw/thl_1p8A_grid_predictions_1.mtz,1,1,2084,0.9816729
5244,./thermolysin_dw/thl_1p8A_grid_predictions_1.mtz,1,1,2085,0.7794397
5245,./thermolysin_dw/thl_1p8A_grid_predictions_1.mtz,1,1,2086,0.91037214
5246,./thermolysin_dw/thl_1p8A_grid_predictions_1.mtz,1,1,2087,0.94735736
5247,./thermolysin_dw/thl_1p8A_grid_predictions_1.mtz,1,1,2088,0.81822807
5248,./thermolysin_dw/thl_1p8A_grid_predictions_1.mtz,1,1,2089,0.8277899
5249,./thermolysin_dw/thl_1p8A_grid_predictions_1.mtz,1,1,2090,0.8563533
5250,./thermolysin_dw/thl_1p8A_grid_predictions_1.mtz,1,1,2091,0.9430111
5251,./thermolysin_dw/thl_1p8A_grid_predictions_1.mtz,1,1,2092,0.93811566
5252,./thermolysin_dw/thl_1p8A_grid_predictions_1.mtz,1,1,2093,0.9293398
5253,./thermolysin_dw/thl_1p8A_grid_predictions_1.mtz,1,1,2094,0.93849725
5254,./thermolysin_dw/thl_1p8A_grid_predictions_1.mtz,1,1,2095,0.88292027
5255,./thermolysin_dw/thl_1p8A_grid_predictions_1.mtz,1,1,2096,0.9177271
5256,./thermolysin_dw/thl_1p8A_grid_predictions_1.mtz,1,1,2097,0.79967266
5257,./thermolysin_dw/thl_1p8A_grid_predictions_1.mtz,1,1,2098,0.60510796
5258,./thermolysin_dw/thl_1p8A_grid_predictions_1.mtz,1,1,2099,0.94255847
5259,./thermolysin_dw/thl_1p8A_grid_predictions_1.mtz,1,1,2100,0.8657577
5260,./thermolysin_dw/thl_1p8A_grid_predictions_1.mtz,1,1,2101,0.9048914
5261,./thermolysin_dw/thl_1p8A_grid_predictions_1.mtz,1,1,2102,0.75849384
5262,./thermolysin_dw/thl_1p8A_grid_predictions_1.mtz,1,1,2103,0.8839813
5263,./thermolysin_dw/thl_1p8A_grid_predictions_1.mtz,1,1,2104,0.8882541
5264,./thermolysin_dw/thl_1p8A_grid_predictions_1.mtz,1,1,2105,0.88779235
5265,./thermolysin_dw/thl_1p8A_grid_predictions_1.mtz,1,1,2106,0.8884757
5266,./thermolysin_dw/thl_1p8A_grid_predictions_1.mtz,1,1,2107,0.88134706
5267,./thermolysin_dw/thl_1p8A_grid_predictions_1.mtz,1,1,2108,0.7597816
5268,./thermolysin_dw/thl_1p8A_grid_predictions_1.mtz,1,1,2109,0.942326
5269,./thermolysin_dw/thl_1p8A_grid_predictions_1.mtz,1,1,2110,0.9384373
5270,./thermolysin_dw/thl_1p8A_grid_predictions_1.mtz,1,1,2111,0.8148896
5271,./thermolysin_dw/thl_1p8A_grid_predictions_1.mtz,1,1,2112,0.94273645
5272,./thermolysin_dw/thl_1p8A_grid_predictions_1.mtz,1,1,2113,0.9465268
5273,./thermolysin_dw/thl_1p8A_grid_predictions_1.mtz,1,1,2114,0.9094391
5274,./thermolysin_dw/thl_1p8A_grid_predictions_1.mtz,1,1,2115,0.7477304
5275,./thermolysin_dw/thl_1p8A_grid_predictions_1.mtz,1,1,2116,0.9523244
5276,./thermolysin_dw/thl_1p8A_grid_predictions_1.mtz,1,1,2117,0.8702097
5277,./thermolysin_dw/thl_1p8A_grid_predictions_1.mtz,1,1,2118,0.86677337
5278,./thermolysin_dw/thl_1p8A_grid_predictions_1.mtz,1,1,2119,0.89109725
5279,./thermolysin_dw/thl_1p8A_grid_predictions_1.mtz,1,1,2120,0.8995001
5280,./thermolysin_dw/thl_1p8A_grid_predictions_1.mtz,1,1,2121,0.91343707
5281,./thermolysin_dw/thl_1p8A_grid_predictions_1.mtz,1,1,2122,0.95137763
5282,./thermolysin_dw/thl_1p8A_grid_predictions_1.mtz,1,1,2123,0.898657
5283,./thermolysin_dw/thl_1p8A_grid_predictions_1.mtz,1,1,2124,0.9300699
5284,./thermolysin_dw/thl_1p8A_grid_predictions_1.mtz,1,1,2125,0.8966318
5285,./thermolysin_dw/thl_1p8A_grid_predictions_1.mtz,1,1,2126,0.97192705
5286,./thermolysin_dw/thl_1p8A_grid_predictions_1.mtz,1,1,2127,0.97042453
5287,./thermolysin_dw/thl_1p8A_grid_predictions_1.mtz,1,1,2128,0.8711016
5288,./thermolysin_dw/thl_1p8A_grid_predictions_1.mtz,1,1,2129,0.7648242
5289,./thermolysin_dw/thl_1p8A_grid_predictions_1.mtz,1,1,2130,0.8901177
5290,./thermolysin_dw/thl_1p8A_grid_predictions_1.mtz,1,1,2131,0.8894551
5291,./thermolysin_dw/thl_1p8A_grid_predictions_1.mtz,1,1,2132,0.96325433
5292,./thermolysin_dw/thl_1p8A_grid_predictions_1.mtz,1,1,2133,0.93369305
5293,./thermolysin_dw/thl_1p8A_grid_predictions_1.mtz,1,1,2134,0.933036
5294,./thermolysin_dw/thl_1p8A_grid_predictions_1.mtz,1,1,2135,0.9356406
5295,./thermolysin_dw/thl_1p8A_grid_predictions_1.mtz,1,1,2136,0.95220476
5296,./thermolysin_dw/thl_1p8A_grid_predictions_1.mtz,1,1,2137,0.89806587
5297,./thermolysin_dw/thl_1p8A_grid_predictions_1.mtz,1,1,2138,0.77536917
5298,./thermolysin_dw/thl_1p8A_grid_predictions_1.mtz,1,1,2139,0.52765083
5299,./thermolysin_dw/thl_1p8A_grid_predictions_1.mtz,1,1,2140,0.95586985
5300,./thermolysin_dw/thl_1p8A_grid_predictions_1.mtz,1,1,2141,0.93604326
5301,./thermolysin_dw/thl_1p8A_grid_predictions_1.mtz,1,1,2142,0.869779
5302,./thermolysin_dw/thl_1p8A_grid_predictions_1.mtz,1,1,2143,0.89501846
5303,./thermolysin_dw/thl_1p8A_grid_predictions_1.mtz,1,1,2144,0.7464074
5304,./thermolysin_dw/thl_1p8A_grid_predictions_1.mtz,1,1,2145,0.88221127
5305,./thermolysin_dw/thl_1p8A_grid_predictions_1.mtz,1,1,2146,0.8596508
5306,./thermolysin_dw/thl_1p8A_grid_predictions_1.mtz,1,1,2147,0.8160608
5307,./thermolysin_dw/thl_1p8A_grid_predictions_1.mtz,1,1,2148,0.8870013
5308,./thermolysin_dw/thl_1p8A_grid_predictions_1.mtz,1,1,2149,0.83546084
5309,./thermolysin_dw/thl_1p8A_grid_predictions_1.mtz,1,1,2150,0.8744381
5310,./thermolysin_dw/thl_1p8A_grid_predictions_1.mtz,1,1,2151,0.9499969
5311,./thermolysin_dw/thl_1p8A_grid_predictions_1.mtz,1,1,2152,0.87612855
5312,./thermolysin_dw/thl_1p8A_grid_predictions_1.mtz,1,1,2153,0.9481332
5313,./thermolysin_dw/thl_1p8A_grid_predictions_1.mtz,1,1,2154,0.96389914
5314,./thermolysin_dw/thl_1p8A_grid_predictions_1.mtz,1,1,2155,0.94073087
5315,./thermolysin_dw/thl_1p8A_grid_predictions_1.mtz,1,1,2156,0.9566
5316,./thermolysin_dw/thl_1p8A_grid_predictions_1.mtz,1,1,2157,0.9209853
5317,./thermolysin_dw/thl_1p8A_grid_predictions_1.mtz,1,1,2158,0.8557132
5318,./thermolysin_dw/thl_1p8A_grid_predictions_1.mtz,1,1,2159,0.87381345
5319,./thermolysin_dw/thl_1p8A_grid_predictions_1.mtz,1,1,2160,0.794914
5320,./thermolysin_dw/thl_1p8A_grid_predictions_1.mtz,1,1,2161,0.9220116
5321,./thermolysin_dw/thl_1p8A_grid_predictions_1.mtz,1,1,2162,0.9275633
5322,./thermolysin_dw/thl_1p8A_grid_predictions_1.mtz,1,1,2163,0.7431845
5323,./thermolysin_dw/thl_1p8A_grid_predictions_1.mtz,1,1,2164,0.84521693
5324,./thermolysin_dw/thl_1p8A_grid_predictions_1.mtz,1,1,2165,0.966649
5325,./thermolysin_dw/thl_1p8A_grid_predictions_1.mtz,1,1,2166,0.89561325
5326,./thermolysin_dw/thl_1p8A_grid_predictions_1.mtz,1,1,2167,0.88099563
5327,./thermolysin_dw/thl_1p8A_grid_predictions_1.mtz,1,1,2168,0.80809706
5328,./thermolysin_dw/thl_1p8A_grid_predictions_1.mtz,1,1,2169,0.8417748
5329,./thermolysin_dw/thl_1p8A_grid_predictions_1.mtz,1,1,2170,0.82866377
5330,./thermolysin_dw/thl_1p8A_grid_predictions_1.mtz,1,1,2171,0.8737111
5331,./thermolysin_dw/thl_1p8A_grid_predictions_1.mtz,1,1,2172,0.92237544
5332,./thermolysin_dw/thl_1p8A_grid_predictions_1.mtz,1,1,2173,0.88904476
5333,./thermolysin_dw/thl_1p8A_grid_predictions_1.mtz,1,1,2174,0.9501049
5334,./thermolysin_dw/thl_1p8A_grid_predictions_1.mtz,1,1,2175,0.7131289
5335,./thermolysin_dw/thl_1p8A_grid_predictions_1.mtz,1,1,2176,0.9439648
5336,./thermolysin_dw/thl_1p8A_grid_predictions_1.mtz,1,1,2177,0.9191567
5337,./thermolysin_dw/thl_1p8A_grid_predictions_1.mtz,1,1,2178,0.9022296
5338,./thermolysin_dw/thl_1p8A_grid_predictions_1.mtz,1,1,2179,0.92316747
5339,./thermolysin_dw/thl_1p8A_grid_predictions_1.mtz,1,1,2180,0.90100944
5340,./thermolysin_dw/thl_1p8A_grid_predictions_1.mtz,1,1,2181,0.8471792
5341,./thermolysin_dw/thl_1p8A_grid_predictions_1.mtz,1,1,2182,0.9258246
5342,./thermolysin_dw/thl_1p8A_grid_predictions_1.mtz,1,1,2183,0.8681796
5343,./thermolysin_dw/thl_1p8A_grid_predictions_1.mtz,1,1,2184,0.8359212
5344,./thermolysin_dw/thl_1p8A_grid_predictions_1.mtz,1,1,2185,0.8138678
5345,./thermolysin_dw/thl_1p8A_grid_predictions_1.mtz,1,1,2186,0.89168304
5346,./thermolysin_dw/thl_1p8A_grid_predictions_1.mtz,1,1,2187,0.78073084
5347,./thermolysin_dw/thl_1p8A_grid_predictions_1.mtz,1,1,2188,0.9562253
5348,./thermolysin_dw/thl_1p8A_grid_predictions_1.mtz,1,1,2189,0.9323952
5349,./thermolysin_dw/thl_1p8A_grid_predictions_1.mtz,1,1,2190,0.79025
5350,./thermolysin_dw/thl_1p8A_grid_predictions_1.mtz,1,1,2191,0.9464161
5351,./thermolysin_dw/thl_1p8A_grid_predictions_1.mtz,1,1,2192,0.8508049
5352,./thermolysin_dw/thl_1p8A_grid_predictions_1.mtz,1,1,2193,0.9392664
5353,./thermolysin_dw/thl_1p8A_grid_predictions_1.mtz,1,1,2194,0.81656665
5354,./thermolysin_dw/thl_1p8A_grid_predictions_1.mtz,1,1,2195,0.8834608
5355,./thermolysin_dw/thl_1p8A_grid_predictions_1.mtz,1,1,2196,0.9780968
5356,./thermolysin_dw/thl_1p8A_grid_predictions_1.mtz,1,1,2197,0.9464843
5357,./thermolysin_dw/thl_1p8A_grid_predictions_1.mtz,1,1,2198,0.77278876
5358,./thermolysin_dw/thl_1p8A_grid_predictions_1.mtz,1,1,2199,0.9620231
5359,./thermolysin_dw/thl_1p8A_grid_predictions_1.mtz,1,1,2200,0.9427672
5360,./thermolysin_dw/thl_1p8A_grid_predictions_1.mtz,1,1,2201,0.82054585
5361,./thermolysin_dw/thl_1p8A_grid_predictions_1.mtz,1,1,2202,0.9557959
5362,./thermolysin_dw/thl_1p8A_grid_predictions_1.mtz,1,1,2203,0.8902301
5363,./thermolysin_dw/thl_1p8A_grid_predictions_1.mtz,1,1,2204,0.8512281
5364,./thermolysin_dw/thl_1p8A_grid_predictions_1.mtz,1,1,2205,0.9374399
5365,./thermolysin_dw/thl_1p8A_grid_predictions_1.mtz,1,1,2206,0.7885391
5366,./thermolysin_dw/thl_1p8A_grid_predictions_1.mtz,1,1,2207,0.9613208
5367,./thermolysin_dw/thl_1p8A_grid_predictions_1.mtz,1,1,2208,0.8346557
5368,./thermolysin_dw/thl_1p8A_grid_predictions_1.mtz,1,1,2209,0.84353924
5369,./thermolysin_dw/thl_1p8A_grid_predictions_1.mtz,1,1,2210,0.336227
5370,./thermolysin_dw/thl_1p8A_grid_predictions_1.mtz,1,1,2211,0.9160824
5371,./thermolysin_dw/thl_1p8A_grid_predictions_1.mtz,1,1,2212,0.7029475
5372,./thermolysin_dw/thl_1p8A_grid_predictions_1.mtz,1,1,2213,0.8686006
5373,./thermolysin_dw/thl_1p8A_grid_predictions_1.mtz,1,1,2214,0.8339172
5374,./thermolysin_dw/thl_1p8A_grid_predictions_1.mtz,1,1,2215,0.98084265
5375,./thermolysin_dw/thl_1p8A_grid_predictions_1.mtz,1,1,2216,0.96282244
5376,./thermolysin_dw/thl_1p8A_grid_predictions_1.mtz,1,1,2217,0.90695626
5377,./thermolysin_dw/thl_1p8A_grid_predictions_1.mtz,1,1,2218,0.9257989
5378,./thermolysin_dw/thl_1p8A_grid_predictions_1.mtz,1,1,2219,0.9233021
5379,./thermolysin_dw/thl_1p8A_grid_predictions_1.mtz,1,1,2220,0.91862524
5380,./thermolysin_dw/thl_1p8A_grid_predictions_1.mtz,1,1,2221,0.6736477
5381,./thermolysin_dw/thl_1p8A_grid_predictions_1.mtz,1,1,2222,0.8544906
5382,./thermolysin_dw/thl_1p8A_grid_predictions_1.mtz,1,1,2223,0.8375337
5383,./thermolysin_dw/thl_1p8A_grid_predictions_1.mtz,1,1,2224,0.86281353
5384,./thermolysin_dw/thl_1p8A_grid_predictions_1.mtz,1,1,2225,0.6451732
5385,./thermolysin_dw/thl_1p8A_grid_predictions_1.mtz,1,1,2226,0.7355795
5386,./thermolysin_dw/thl_1p8A_grid_predictions_1.mtz,1,1,2227,0.8373614
5387,./thermolysin_dw/thl_1p8A_grid_predictions_1.mtz,1,1,2228,0.9451933
5388,./thermolysin_dw/thl_1p8A_grid_predictions_1.mtz,1,1,2229,0.9024238
5389,./thermolysin_dw/thl_1p8A_grid_predictions_1.mtz,1,1,2230,0.88910455
5390,./thermolysin_dw/thl_1p8A_grid_predictions_1.mtz,1,1,2231,0.94282794
5391,./thermolysin_dw/thl_1p8A_grid_predictions_1.mtz,1,1,2232,0.8411493
5392,./thermolysin_dw/thl_1p8A_grid_predictions_1.mtz,1,1,2233,0.91837573
5393,./thermolysin_dw/thl_1p8A_grid_predictions_1.mtz,1,1,2234,0.8119868
5394,./thermolysin_dw/thl_1p8A_grid_predictions_1.mtz,1,1,2235,0.8047555
5395,./thermolysin_dw/thl_1p8A_grid_predictions_1.mtz,1,1,2236,0.9473306
5396,./thermolysin_dw/thl_1p8A_grid_predictions_1.mtz,1,1,2237,0.87324876
5397,./thermolysin_dw/thl_1p8A_grid_predictions_1.mtz,1,1,2238,0.8444801
5398,./thermolysin_dw/thl_1p8A_grid_predictions_1.mtz,1,1,2239,0.85880923
5399,./thermolysin_dw/thl_1p8A_grid_predictions_1.mtz,1,1,2240,0.7495801
5400,./thermolysin_dw/thl_1p8A_grid_predictions_1.mtz,1,1,2241,0.7968194
5401,./thermolysin_dw/thl_1p8A_grid_predictions_1.mtz,1,1,2242,0.7480942
5402,./thermolysin_dw/thl_1p8A_grid_predictions_1.mtz,1,1,2243,0.9140821
5403,./thermolysin_dw/thl_1p8A_grid_predictions_1.mtz,1,1,2244,0.8014909
5404,./thermolysin_dw/thl_1p8A_grid_predictions_1.mtz,1,1,2245,0.89868915
5405,./thermolysin_dw/thl_1p8A_grid_predictions_1.mtz,1,1,2246,0.89279544
5406,./thermolysin_dw/thl_1p8A_grid_predictions_1.mtz,1,1,2247,0.8456263
5407,./thermolysin_dw/thl_1p8A_grid_predictions_1.mtz,1,1,2248,0.8774784
5408,./thermolysin_dw/thl_1p8A_grid_predictions_1.mtz,1,1,2249,0.9352511
5409,./thermolysin_dw/thl_1p8A_grid_predictions_1.mtz,1,1,2250,0.8665685
5410,./thermolysin_dw/thl_1p8A_grid_predictions_1.mtz,1,1,2251,0.57086474
5411,./thermolysin_dw/thl_1p8A_grid_predictions_1.mtz,1,1,2252,0.8255624
5412,./thermolysin_dw/thl_1p8A_grid_predictions_1.mtz,1,1,2253,0.85608226
5413,./thermolysin_dw/thl_1p8A_grid_predictions_1.mtz,1,1,2254,0.9044714
5414,./thermolysin_dw/thl_1p8A_grid_predictions_1.mtz,1,1,2255,0.875162
5415,./thermolysin_dw/thl_1p8A_grid_predictions_1.mtz,1,1,2256,0.9443477
5416,./thermolysin_dw/thl_1p8A_grid_predictions_1.mtz,1,1,2257,0.9431907
5417,./thermolysin_dw/thl_1p8A_grid_predictions_1.mtz,1,1,2258,0.8859486
5418,./thermolysin_dw/thl_1p8A_grid_predictions_1.mtz,1,1,2259,0.89224625
5419,./thermolysin_dw/thl_1p8A_grid_predictions_1.mtz,1,1,2260,0.7865349
5420,./thermolysin_dw/thl_1p8A_grid_predictions_1.mtz,1,1,2261,0.8117554
5421,./thermolysin_dw/thl_1p8A_grid_predictions_1.mtz,1,1,2262,0.97089887
5422,./thermolysin_dw/thl_1p8A_grid_predictions_1.mtz,1,1,2263,0.83285046
5423,./thermolysin_dw/thl_1p8A_grid_predictions_1.mtz,1,1,2264,0.89519787
5424,./thermolysin_dw/thl_1p8A_grid_predictions_1.mtz,1,1,2265,0.8861166
5425,./thermolysin_dw/thl_1p8A_grid_predictions_1.mtz,1,1,2266,0.8457655
5426,./thermolysin_dw/thl_1p8A_grid_predictions_1.mtz,1,1,2267,0.9029853
5427,./thermolysin_dw/thl_1p8A_grid_predictions_1.mtz,1,1,2268,0.9298701
5428,./thermolysin_dw/thl_1p8A_grid_predictions_1.mtz,1,1,2269,0.89255005
5429,./thermolysin_dw/thl_1p8A_grid_predictions_1.mtz,1,1,2270,0.9827437
5430,./thermolysin_dw/thl_1p8A_grid_predictions_1.mtz,1,1,2271,0.9018484
5431,./thermolysin_dw/thl_1p8A_grid_predictions_1.mtz,1,1,2272,0.94298863
5432,./thermolysin_dw/thl_1p8A_grid_predictions_1.mtz,1,1,2273,0.9083916
5433,./thermolysin_dw/thl_1p8A_grid_predictions_1.mtz,1,1,2274,0.94370383
5434,./thermolysin_dw/thl_1p8A_grid_predictions_1.mtz,1,1,2275,0.7507484
5435,./thermolysin_dw/thl_1p8A_grid_predictions_1.mtz,1,1,2276,0.83486414
5436,./thermolysin_dw/thl_1p8A_grid_predictions_1.mtz,1,1,2277,0.9231129
5437,./thermolysin_dw/thl_1p8A_grid_predictions_1.mtz,1,1,2278,0.90885615
5438,./thermolysin_dw/thl_1p8A_grid_predictions_1.mtz,1,1,2279,0.8097079
5439,./thermolysin_dw/thl_1p8A_grid_predictions_1.mtz,1,1,2280,0.93082416
5440,./thermolysin_dw/thl_1p8A_grid_predictions_1.mtz,1,1,2281,0.86250633
5441,./thermolysin_dw/thl_1p8A_grid_predictions_1.mtz,1,1,2282,0.92483264
5442,./thermolysin_dw/thl_1p8A_grid_predictions_1.mtz,1,1,2283,0.93463886
5443,./thermolysin_dw/thl_1p8A_grid_predictions_1.mtz,1,1,2284,0.7803452
5444,./thermolysin_dw/thl_1p8A_grid_predictions_1.mtz,1,1,2285,0.92601454
5445,./thermolysin_dw/thl_1p8A_grid_predictions_1.mtz,1,1,2286,0.81127155
5446,./thermolysin_dw/thl_1p8A_grid_predictions_1.mtz,1,1,2287,0.88141197
5447,./thermolysin_dw/thl_1p8A_grid_predictions_1.mtz,1,1,2288,0.8868166
5448,./thermolysin_dw/thl_1p8A_grid_predictions_1.mtz,1,1,2289,0.9376714
5449,./thermolysin_dw/thl_1p8A_grid_predictions_1.mtz,1,1,2290,0.6906734
5450,./thermolysin_dw/thl_1p8A_grid_predictions_1.mtz,1,1,2291,0.7774655
5451,./thermolysin_dw/thl_1p8A_grid_predictions_1.mtz,1,1,2292,0.86722195
5452,./thermolysin_dw/thl_1p8A_grid_predictions_1.mtz,1,1,2293,0.89809877
5453,./thermolysin_dw/thl_1p8A_grid_predictions_1.mtz,1,1,2294,0.84693694
5454,./thermolysin_dw/thl_1p8A_grid_predictions_1.mtz,1,1,2295,0.9262177
5455,./thermolysin_dw/thl_1p8A_grid_predictions_1.mtz,1,1,2296,0.8984335
5456,./thermolysin_dw/thl_1p8A_grid_predictions_1.mtz,1,1,2297,0.45801976
5457,./thermolysin_dw/thl_1p8A_grid_predictions_1.mtz,1,1,2298,0.94438916
5458,./thermolysin_dw/thl_1p8A_grid_predictions_1.mtz,1,1,2299,0.92647856
5459,./thermolysin_dw/thl_1p8A_grid_predictions_1.mtz,1,1,2300,0.85445005
5460,./thermolysin_dw/thl_1p8A_grid_predictions_1.mtz,1,1,2301,0.82686836
5461,./thermolysin_dw/thl_1p8A_grid_predictions_1.mtz,1,1,2302,0.94085455
5462,./thermolysin_dw/thl_1p8A_grid_predictions_1.mtz,1,1,2303,0.8681214
5463,./thermolysin_dw/thl_1p8A_grid_predictions_1.mtz,1,1,2304,0.92106265
5464,./thermolysin_dw/thl_1p8A_grid_predictions_1.mtz,1,1,2305,0.9550971
5465,./thermolysin_dw/thl_1p8A_grid_predictions_1.mtz,1,1,2306,0.8094388
5466,./thermolysin_dw/thl_1p8A_grid_predictions_1.mtz,1,1,2307,0.94458365
5467,./thermolysin_dw/thl_1p8A_grid_predictions_1.mtz,1,1,2308,0.66279954
5468,./thermolysin_dw/thl_1p8A_grid_predictions_1.mtz,1,1,2309,0.9771056
5469,./thermolysin_dw/thl_1p8A_grid_predictions_1.mtz,1,1,2310,0.9347503
5470,./thermolysin_dw/thl_1p8A_grid_predictions_1.mtz,1,1,2311,0.95256996
5471,./thermolysin_dw/thl_1p8A_grid_predictions_1.mtz,1,1,2312,0.7286983
5472,./thermolysin_dw/thl_1p8A_grid_predictions_1.mtz,1,1,2313,0.9068475
5473,./thermolysin_dw/thl_1p8A_grid_predictions_1.mtz,1,1,2314,0.9453824
5474,./thermolysin_dw/thl_1p8A_grid_predictions_1.mtz,1,1,2315,0.9447702
5475,./thermolysin_dw/thl_1p8A_grid_predictions_1.mtz,1,1,2316,0.9336588
5476,./thermolysin_dw/thl_1p8A_grid_predictions_1.mtz,1,1,2317,0.7090735
5477,./thermolysin_dw/thl_1p8A_grid_predictions_1.mtz,1,1,2318,0.8881193
5478,./thermolysin_dw/thl_1p8A_grid_predictions_1.mtz,1,1,2319,0.888464
5479,./thermolysin_dw/thl_1p8A_grid_predictions_1.mtz,1,1,2320,0.9246474
5480,./thermolysin_dw/thl_1p8A_grid_predictions_1.mtz,1,1,2321,0.93769044
5481,./thermolysin_dw/thl_1p8A_grid_predictions_1.mtz,1,1,2322,0.9590106
5482,./thermolysin_dw/thl_1p8A_grid_predictions_1.mtz,1,1,2323,0.9627764
5483,./thermolysin_dw/thl_1p8A_grid_predictions_1.mtz,1,1,2324,0.7346678
5484,./thermolysin_dw/thl_1p8A_grid_predictions_1.mtz,1,1,2325,0.9053338
5485,./thermolysin_dw/thl_1p8A_grid_predictions_1.mtz,1,1,2326,0.918271
5486,./thermolysin_dw/thl_1p8A_grid_predictions_1.mtz,1,1,2327,0.9425853
5487,./thermolysin_dw/thl_1p8A_grid_predictions_1.mtz,1,1,2328,0.93131006
5488,./thermolysin_dw/thl_1p8A_grid_predictions_1.mtz,1,1,2329,0.8857389
5489,./thermolysin_dw/thl_1p8A_grid_predictions_1.mtz,1,1,2330,0.94293666
5490,./thermolysin_dw/thl_1p8A_grid_predictions_1.mtz,1,1,2331,0.9402261
5491,./thermolysin_dw/thl_1p8A_grid_predictions_1.mtz,1,1,2332,0.96947783
5492,./thermolysin_dw/thl_1p8A_grid_predictions_1.mtz,1,1,2333,0.94237083
5493,./thermolysin_dw/thl_1p8A_grid_predictions_1.mtz,1,1,2334,0.90167826
5494,./thermolysin_dw/thl_1p8A_grid_predictions_1.mtz,1,1,2335,0.89443225
5495,./thermolysin_dw/thl_1p8A_grid_predictions_1.mtz,1,1,2336,0.9371049
5496,./thermolysin_dw/thl_1p8A_grid_predictions_1.mtz,1,1,2337,0.79313296
5497,./thermolysin_dw/thl_1p8A_grid_predictions_1.mtz,1,1,2338,0.96821415
5498,./thermolysin_dw/thl_1p8A_grid_predictions_1.mtz,1,1,2339,0.9633747
5499,./thermolysin_dw/thl_1p8A_grid_predictions_1.mtz,1,1,2340,0.9112133
5500,./thermolysin_dw/thl_1p8A_grid_predictions_1.mtz,1,1,2341,0.9312658
5501,./thermolysin_dw/thl_1p8A_grid_predictions_1.mtz,1,1,2342,0.85511583
5502,./thermolysin_dw/thl_1p8A_grid_predictions_1.mtz,1,1,2343,0.9478712
5503,./thermolysin_dw/thl_1p8A_grid_predictions_1.mtz,1,1,2344,0.8930075
5504,./thermolysin_dw/thl_1p8A_grid_predictions_1.mtz,1,1,2345,0.9164937
5505,./thermolysin_dw/thl_1p8A_grid_predictions_1.mtz,1,1,2346,0.96351594
5506,./thermolysin_dw/thl_1p8A_grid_predictions_1.mtz,1,1,2347,0.8550549
5507,./thermolysin_dw/thl_1p8A_grid_predictions_1.mtz,1,1,2348,0.84953564
5508,./thermolysin_dw/thl_1p8A_grid_predictions_1.mtz,1,1,2349,0.9291108
5509,./thermolysin_dw/thl_1p8A_grid_predictions_1.mtz,1,1,2350,0.9416213
5510,./thermolysin_dw/thl_1p8A_grid_predictions_1.mtz,1,1,2351,0.8897725
5511,./thermolysin_dw/thl_1p8A_grid_predictions_1.mtz,1,1,2352,0.833784
5512,./thermolysin_dw/thl_1p8A_grid_predictions_1.mtz,1,1,2353,0.9637263
5513,./thermolysin_dw/thl_1p8A_grid_predictions_1.mtz,1,1,2354,0.9375354
5514,./thermolysin_dw/thl_1p8A_grid_predictions_1.mtz,1,1,2355,0.89947397
5515,./thermolysin_dw/thl_1p8A_grid_predictions_1.mtz,1,1,2356,0.6956796
5516,./thermolysin_dw/thl_1p8A_grid_predictions_1.mtz,1,1,2357,0.9045265
5517,./thermolysin_dw/thl_1p8A_grid_predictions_1.mtz,1,1,2358,0.9550727
5518,./thermolysin_dw/thl_1p8A_grid_predictions_1.mtz,1,1,2359,0.60537416
5519,./thermolysin_dw/thl_1p8A_grid_predictions_1.mtz,1,1,2360,0.82259876
5520,./thermolysin_dw/thl_1p8A_grid_predictions_1.mtz,1,1,2361,0.88403577
5521,./thermolysin_dw/thl_1p8A_grid_predictions_1.mtz,1,1,2362,0.8882836
5522,./thermolysin_dw/thl_1p8A_grid_predictions_1.mtz,1,1,2363,0.8840333
5523,./thermolysin_dw/thl_1p8A_grid_predictions_1.mtz,1,1,2364,0.9651299
5524,./thermolysin_dw/thl_1p8A_grid_predictions_1.mtz,1,1,2365,0.88690835
5525,./thermolysin_dw/thl_1p8A_grid_predictions_1.mtz,1,1,2366,0.88280827
5526,./thermolysin_dw/thl_1p8A_grid_predictions_1.mtz,1,1,2367,0.93053174
5527,./thermolysin_dw/thl_1p8A_grid_predictions_1.mtz,1,1,2368,0.88429636
5528,./thermolysin_dw/thl_1p8A_grid_predictions_1.mtz,1,1,2369,0.92297083
5529,./thermolysin_dw/thl_1p8A_grid_predictions_1.mtz,1,1,2370,0.87406904
5530,./thermolysin_dw/thl_1p8A_grid_predictions_1.mtz,1,1,2371,0.7306189
5531,./thermolysin_dw/thl_1p8A_grid_predictions_1.mtz,1,1,2372,0.9133215
5532,./thermolysin_dw/thl_1p8A_grid_predictions_1.mtz,1,1,2373,0.89893967
5533,./thermolysin_dw/thl_1p8A_grid_predictions_1.mtz,1,1,2374,0.9154761
5534,./thermolysin_dw/thl_1p8A_grid_predictions_1.mtz,1,1,2375,0.95266604
5535,./thermolysin_dw/thl_1p8A_grid_predictions_1.mtz,1,1,2376,0.952044
5536,./thermolysin_dw/thl_1p8A_grid_predictions_1.mtz,1,1,2377,0.9560291
5537,./thermolysin_dw/thl_1p8A_grid_predictions_1.mtz,1,1,2378,0.85247254
5538,./thermolysin_dw/thl_1p8A_grid_predictions_1.mtz,1,1,2379,0.8367408
5539,./thermolysin_dw/thl_1p8A_grid_predictions_1.mtz,1,1,2380,0.9207888
5540,./thermolysin_dw/thl_1p8A_grid_predictions_1.mtz,1,1,2381,0.9491572
5541,./thermolysin_dw/thl_1p8A_grid_predictions_1.mtz,1,1,2382,0.9219219
5542,./thermolysin_dw/thl_1p8A_grid_predictions_1.mtz,1,1,2383,0.9634877
5543,./thermolysin_dw/thl_1p8A_grid_predictions_1.mtz,1,1,2384,0.8750954
5544,./thermolysin_dw/thl_1p8A_grid_predictions_1.mtz,1,1,2385,0.9001788
5545,./thermolysin_dw/thl_1p8A_grid_predictions_1.mtz,1,1,2386,0.92375696
5546,./thermolysin_dw/thl_1p8A_grid_predictions_1.mtz,1,1,2387,0.8601698
5547,./thermolysin_dw/thl_1p8A_grid_predictions_1.mtz,1,1,2388,0.8735715
5548,./thermolysin_dw/thl_1p8A_grid_predictions_1.mtz,1,1,2389,0.9791808
5549,./thermolysin_dw/thl_1p8A_grid_predictions_1.mtz,1,1,2390,0.87546617
5550,./thermolysin_dw/thl_1p8A_grid_predictions_1.mtz,1,1,2391,0.8354862
5551,./thermolysin_dw/thl_1p8A_grid_predictions_1.mtz,1,1,2392,0.92596465
5552,./thermolysin_dw/thl_1p8A_grid_predictions_1.mtz,1,1,2393,0.9335552
5553,./thermolysin_dw/thl_1p8A_grid_predictions_1.mtz,1,1,2394,0.9367853
5554,./thermolysin_dw/thl_1p8A_grid_predictions_1.mtz,1,1,2395,0.775626
5555,./thermolysin_dw/thl_1p8A_grid_predictions_1.mtz,1,1,2396,0.89124256
5556,./thermolysin_dw/thl_1p8A_grid_predictions_1.mtz,1,1,2397,0.92249
5557,./thermolysin_dw/thl_1p8A_grid_predictions_1.mtz,1,1,2398,0.9660108
5558,./thermolysin_dw/thl_1p8A_grid_predictions_1.mtz,1,1,2399,0.5941458
5559,./thermolysin_dw/thl_1p8A_grid_predictions_1.mtz,1,1,2400,0.95714283
5560,./thermolysin_dw/thl_1p8A_grid_predictions_1.mtz,1,1,2401,0.9077066
5561,./thermolysin_dw/thl_1p8A_grid_predictions_1.mtz,1,1,2402,0.92063624
5562,./thermolysin_dw/thl_1p8A_grid_predictions_1.mtz,1,1,2403,0.90989006
5563,./thermolysin_dw/thl_1p8A_grid_predictions_1.mtz,1,1,2404,0.91894734
5564,./thermolysin_dw/thl_1p8A_grid_predictions_1.mtz,1,1,2405,0.9256355
5565,./thermolysin_dw/thl_1p8A_grid_predictions_1.mtz,1,1,2406,0.9486021
5566,./thermolysin_dw/thl_1p8A_grid_predictions_1.mtz,1,1,2407,0.9395089
5567,./thermolysin_dw/thl_1p8A_grid_predictions_1.mtz,1,1,2408,0.9667588
5568,./thermolysin_dw/thl_1p8A_grid_predictions_1.mtz,1,1,2409,0.94610065
5569,./thermolysin_dw/thl_1p8A_grid_predictions_1.mtz,1,1,2410,0.95783335
5570,./thermolysin_dw/thl_1p8A_grid_predictions_1.mtz,1,1,2411,0.5466298
5571,./thermolysin_dw/thl_1p8A_grid_predictions_1.mtz,1,1,2412,0.8166497
5572,./thermolysin_dw/thl_1p8A_grid_predictions_1.mtz,1,1,2413,0.950174
5573,./thermolysin_dw/thl_1p8A_grid_predictions_1.mtz,1,1,2414,0.96089625
5574,./thermolysin_dw/thl_1p8A_grid_predictions_1.mtz,1,1,2415,0.9677022
5575,./thermolysin_dw/thl_1p8A_grid_predictions_1.mtz,1,1,2416,0.8625412
5576,./thermolysin_dw/thl_1p8A_grid_predictions_1.mtz,1,1,2417,0.90909284
5577,./thermolysin_dw/thl_1p8A_grid_predictions_1.mtz,1,1,2418,0.9522984
5578,./thermolysin_dw/thl_1p8A_grid_predictions_1.mtz,1,1,2419,0.9376282
5579,./thermolysin_dw/thl_1p8A_grid_predictions_1.mtz,1,1,2420,0.95108896
5580,./thermolysin_dw/thl_1p8A_grid_predictions_1.mtz,1,1,2421,0.9758681
5581,./thermolysin_dw/thl_1p8A_grid_predictions_1.mtz,1,1,2422,0.801903
5582,./thermolysin_dw/thl_1p8A_grid_predictions_1.mtz,1,1,2423,0.89129716
5583,./thermolysin_dw/thl_1p8A_grid_predictions_1.mtz,1,1,2424,0.920054
5584,./thermolysin_dw/thl_1p8A_grid_predictions_1.mtz,1,1,2425,0.84529424
5585,./thermolysin_dw/thl_1p8A_grid_predictions_1.mtz,1,1,2426,0.91662896
5586,./thermolysin_dw/thl_1p8A_grid_predictions_1.mtz,1,1,2427,0.94747704
5587,./thermolysin_dw/thl_1p8A_grid_predictions_1.mtz,1,1,2428,0.6666287
5588,./thermolysin_dw/thl_1p8A_grid_predictions_1.mtz,1,1,2429,0.87186664
5589,./thermolysin_dw/thl_1p8A_grid_predictions_1.mtz,1,1,2430,0.93426865
5590,./thermolysin_dw/thl_1p8A_grid_predictions_1.mtz,1,1,2431,0.94785583
5591,./thermolysin_dw/thl_1p8A_grid_predictions_1.mtz,1,1,2432,0.9244968
5592,./thermolysin_dw/thl_1p8A_grid_predictions_1.mtz,1,1,2433,0.9628187
5593,./thermolysin_dw/thl_1p8A_grid_predictions_1.mtz,1,1,2434,0.9584913
5594,./thermolysin_dw/thl_1p8A_grid_predictions_1.mtz,1,1,2435,0.9019268
5595,./thermolysin_dw/thl_1p8A_grid_predictions_1.mtz,1,1,2436,0.9102827
5596,./thermolysin_dw/thl_1p8A_grid_predictions_1.mtz,1,1,2437,0.9145021
5597,./thermolysin_dw/thl_1p8A_grid_predictions_1.mtz,1,1,2438,0.8954621
5598,./thermolysin_dw/thl_1p8A_grid_predictions_1.mtz,1,1,2439,0.90709573
5599,./thermolysin_dw/thl_1p8A_grid_predictions_1.mtz,1,1,2440,0.9252363
5600,./thermolysin_dw/thl_1p8A_grid_predictions_1.mtz,1,1,2441,0.9671962
5601,./thermolysin_dw/thl_1p8A_grid_predictions_1.mtz,1,1,2442,0.9307654
5602,./thermolysin_dw/thl_1p8A_grid_predictions_1.mtz,1,1,2443,0.8973243
5603,./thermolysin_dw/thl_1p8A_grid_predictions_1.mtz,1,1,2444,0.88153905
5604,./thermolysin_dw/thl_1p8A_grid_predictions_1.mtz,1,1,2445,0.93704265
5605,./thermolysin_dw/thl_1p8A_grid_predictions_1.mtz,1,1,2446,0.9400637
5606,./thermolysin_dw/thl_1p8A_grid_predictions_1.mtz,1,1,2447,0.94132566
5607,./thermolysin_dw/thl_1p8A_grid_predictions_1.mtz,1,1,2448,0.935377
5608,./thermolysin_dw/thl_1p8A_grid_predictions_1.mtz,1,1,2449,0.89145213
5609,./thermolysin_dw/thl_1p8A_grid_predictions_1.mtz,1,1,2450,0.9429774
5610,./thermolysin_dw/thl_1p8A_grid_predictions_1.mtz,1,1,2451,0.96225214
5611,./thermolysin_dw/thl_1p8A_grid_predictions_1.mtz,1,1,2452,0.82457167
5612,./thermolysin_dw/thl_1p8A_grid_predictions_1.mtz,1,1,2453,0.86262923
5613,./thermolysin_dw/thl_1p8A_grid_predictions_1.mtz,1,1,2454,0.8714115
5614,./thermolysin_dw/thl_1p8A_grid_predictions_1.mtz,1,1,2455,0.896475
5615,./thermolysin_dw/thl_1p8A_grid_predictions_1.mtz,1,1,2456,0.9789563
5616,./thermolysin_dw/thl_1p8A_grid_predictions_1.mtz,1,1,2457,0.8732179
5617,./thermolysin_dw/thl_1p8A_grid_predictions_1.mtz,1,1,2458,0.8840075
5618,./thermolysin_dw/thl_1p8A_grid_predictions_1.mtz,1,1,2459,0.96755683
5619,./thermolysin_dw/thl_1p8A_grid_predictions_1.mtz,1,1,2460,0.7766873
5620,./thermolysin_dw/thl_1p8A_grid_predictions_1.mtz,1,1,2461,0.9793229
5621,./thermolysin_dw/thl_1p8A_grid_predictions_1.mtz,1,1,2462,0.92994994
5622,./thermolysin_dw/thl_1p8A_grid_predictions_1.mtz,1,1,2463,0.8132636
5623,./thermolysin_dw/thl_1p8A_grid_predictions_1.mtz,1,1,2464,0.89509654
5624,./thermolysin_dw/thl_1p8A_grid_predictions_1.mtz,1,1,2465,0.9685327
5625,./thermolysin_dw/thl_1p8A_grid_predictions_1.mtz,1,1,2466,0.9649865
5626,./thermolysin_dw/thl_1p8A_grid_predictions_1.mtz,1,1,2467,0.7291776
5627,./thermolysin_dw/thl_1p8A_grid_predictions_1.mtz,1,1,2468,0.94561094
5628,./thermolysin_dw/thl_1p8A_grid_predictions_1.mtz,1,1,2469,0.8806443
5629,./thermolysin_dw/thl_1p8A_grid_predictions_1.mtz,1,1,2470,0.86166847
5630,./thermolysin_dw/thl_1p8A_grid_predictions_1.mtz,1,1,2471,0.8910152
5631,./thermolysin_dw/thl_1p8A_grid_predictions_1.mtz,1,1,2472,0.91502845
5632,./thermolysin_dw/thl_1p8A_grid_predictions_1.mtz,1,1,2473,0.9146036
5633,./thermolysin_dw/thl_1p8A_grid_predictions_1.mtz,1,1,2474,0.9523968
5634,./thermolysin_dw/thl_1p8A_grid_predictions_1.mtz,1,1,2475,0.8370222
5635,./thermolysin_dw/thl_1p8A_grid_predictions_1.mtz,1,1,2476,0.97897005
5636,./thermolysin_dw/thl_1p8A_grid_predictions_1.mtz,1,1,2477,0.87540525
5637,./thermolysin_dw/thl_1p8A_grid_predictions_1.mtz,1,1,2478,0.9493782
5638,./thermolysin_dw/thl_1p8A_grid_predictions_1.mtz,1,1,2479,0.88042575
5639,./thermolysin_dw/thl_1p8A_grid_predictions_1.mtz,1,1,2480,0.941056
5640,./thermolysin_dw/thl_1p8A_grid_predictions_1.mtz,1,1,2481,0.9600087
5641,./thermolysin_dw/thl_1p8A_grid_predictions_1.mtz,1,1,2482,0.9229346
5642,./thermolysin_dw/thl_1p8A_grid_predictions_1.mtz,1,1,2483,0.8846909
5643,./thermolysin_dw/thl_1p8A_grid_predictions_1.mtz,1,1,2484,0.952829
5644,./thermolysin_dw/thl_1p8A_grid_predictions_1.mtz,1,1,2485,0.90703344
5645,./thermolysin_dw/thl_1p8A_grid_predictions_1.mtz,1,1,2486,0.75151855
5646,./thermolysin_dw/thl_1p8A_grid_predictions_1.mtz,1,1,2487,0.93856555
5647,./thermolysin_dw/thl_1p8A_grid_predictions_1.mtz,1,1,2488,0.93270993
5648,./thermolysin_dw/thl_1p8A_grid_predictions_1.mtz,1,1,2489,0.910653
5649,./thermolysin_dw/thl_1p8A_grid_predictions_1.mtz,1,1,2490,0.9403153
5650,./thermolysin_dw/thl_1p8A_grid_predictions_1.mtz,1,1,2491,0.88612396
5651,./thermolysin_dw/thl_1p8A_grid_predictions_1.mtz,1,1,2492,0.9732353
5652,./thermolysin_dw/thl_1p8A_grid_predictions_1.mtz,1,1,2493,0.8631864
5653,./thermolysin_dw/thl_1p8A_grid_predictions_1.mtz,1,1,2494,0.9260319
5654,./thermolysin_dw/thl_1p8A_grid_predictions_1.mtz,1,1,2495,0.94236267
5655,./thermolysin_dw/thl_1p8A_grid_predictions_1.mtz,1,1,2496,0.9308561
5656,./thermolysin_dw/thl_1p8A_grid_predictions_1.mtz,1,1,2497,0.95786405
5657,./thermolysin_dw/thl_1p8A_grid_predictions_1.mtz,1,1,2498,0.9679794
5658,./thermolysin_dw/thl_1p8A_grid_predictions_1.mtz,1,1,2499,0.95737416
5659,./thermolysin_dw/thl_1p8A_grid_predictions_1.mtz,1,1,2500,0.91443145
5660,./thermolysin_dw/thl_1p8A_grid_predictions_1.mtz,1,1,2501,0.8358436
5661,./thermolysin_dw/thl_1p8A_grid_predictions_1.mtz,1,1,2502,0.90279424
5662,./thermolysin_dw/thl_1p8A_grid_predictions_1.mtz,1,1,2503,0.9403911
5663,./thermolysin_dw/thl_1p8A_grid_predictions_1.mtz,1,1,2504,0.96691537
5664,./thermolysin_dw/thl_1p8A_grid_predictions_1.mtz,1,1,2505,0.86980903
5665,./thermolysin_dw/thl_1p8A_grid_predictions_1.mtz,1,1,2506,0.9229424
5666,./thermolysin_dw/thl_1p8A_grid_predictions_1.mtz,1,1,2507,0.95183706
5667,./thermolysin_dw/thl_1p8A_grid_predictions_1.mtz,1,1,2508,0.9422641
5668,./thermolysin_dw/thl_1p8A_grid_predictions_1.mtz,1,1,2509,0.93533
5669,./thermolysin_dw/thl_1p8A_grid_predictions_1.mtz,1,1,2510,0.91329074
5670,./thermolysin_dw/thl_1p8A_grid_predictions_1.mtz,1,1,2511,0.83722305
5671,./thermolysin_dw/thl_1p8A_grid_predictions_1.mtz,1,1,2512,0.9433925
5672,./thermolysin_dw/thl_1p8A_grid_predictions_1.mtz,1,1,2513,0.9280631
5673,./thermolysin_dw/thl_1p8A_grid_predictions_1.mtz,1,1,2514,0.9343061
5674,./thermolysin_dw/thl_1p8A_grid_predictions_1.mtz,1,1,2515,0.8940415
5675,./thermolysin_dw/thl_1p8A_grid_predictions_1.mtz,1,1,2516,0.9356282
5676,./thermolysin_dw/thl_1p8A_grid_predictions_1.mtz,1,1,2517,0.9217021
5677,./thermolysin_dw/thl_1p8A_grid_predictions_1.mtz,1,1,2518,0.9680989
5678,./thermolysin_dw/thl_1p8A_grid_predictions_1.mtz,1,1,2519,0.8264195
5679,./thermolysin_dw/thl_1p8A_grid_predictions_1.mtz,1,1,2520,0.9374897
5680,./thermolysin_dw/thl_1p8A_grid_predictions_1.mtz,1,1,2521,0.9486236
5681,./thermolysin_dw/thl_1p8A_grid_predictions_1.mtz,1,1,2522,0.9078827
5682,./thermolysin_dw/thl_1p8A_grid_predictions_1.mtz,1,1,2523,0.95287085
5683,./thermolysin_dw/thl_1p8A_grid_predictions_1.mtz,1,1,2524,0.73102003
5684,./thermolysin_dw/thl_1p8A_grid_predictions_1.mtz,1,1,2525,0.8961633
5685,./thermolysin_dw/thl_1p8A_grid_predictions_1.mtz,1,1,2526,0.84827954
5686,./thermolysin_dw/thl_1p8A_grid_predictions_1.mtz,1,1,2527,0.88127935
5687,./thermolysin_dw/thl_1p8A_grid_predictions_1.mtz,1,1,2528,0.9565627
5688,./thermolysin_dw/thl_1p8A_grid_predictions_1.mtz,1,1,2529,0.93455666
5689,./thermolysin_dw/thl_1p8A_grid_predictions_1.mtz,1,1,2530,0.96098006
5690,./thermolysin_dw/thl_1p8A_grid_predictions_1.mtz,1,1,2531,0.97136253
5691,./thermolysin_dw/thl_1p8A_grid_predictions_1.mtz,1,1,2532,0.8978066
5692,./thermolysin_dw/thl_1p8A_grid_predictions_1.mtz,1,1,2533,0.926266
5693,./thermolysin_dw/thl_1p8A_grid_predictions_1.mtz,1,1,2534,0.9480569
5694,./thermolysin_dw/thl_1p8A_grid_predictions_1.mtz,1,1,2535,0.9156368
5695,./thermolysin_dw/thl_1p8A_grid_predictions_1.mtz,1,1,2536,0.827538
5696,./thermolysin_dw/thl_1p8A_grid_predictions_1.mtz,1,1,2537,0.8939765
5697,./thermolysin_dw/thl_1p8A_grid_predictions_1.mtz,1,1,2538,0.9577799
5698,./thermolysin_dw/thl_1p8A_grid_predictions_1.mtz,1,1,2539,0.95306623
5699,./thermolysin_dw/thl_1p8A_grid_predictions_1.mtz,1,1,2540,0.7699721
5700,./thermolysin_dw/thl_1p8A_grid_predictions_1.mtz,1,1,2541,0.90323496
5701,./thermolysin_dw/thl_1p8A_grid_predictions_1.mtz,1,1,2542,0.95738846
5702,./thermolysin_dw/thl_1p8A_grid_predictions_1.mtz,1,1,2543,0.9172911
5703,./thermolysin_dw/thl_1p8A_grid_predictions_1.mtz,1,1,2544,0.9836792
5704,./thermolysin_dw/thl_1p8A_grid_predictions_1.mtz,1,1,2545,0.9405916
5705,./thermolysin_dw/thl_1p8A_grid_predictions_1.mtz,1,1,2546,0.79548645
5706,./thermolysin_dw/thl_1p8A_grid_predictions_1.mtz,1,1,2547,0.91721165
5707,./thermolysin_dw/thl_1p8A_grid_predictions_1.mtz,1,1,2548,0.9070389
5708,./thermolysin_dw/thl_1p8A_grid_predictions_1.mtz,1,1,2549,0.81674683
5709,./thermolysin_dw/thl_1p8A_grid_predictions_1.mtz,1,1,2550,0.9119625
5710,./thermolysin_dw/thl_1p8A_grid_predictions_1.mtz,1,1,2551,0.8831404
5711,./thermolysin_dw/thl_1p8A_grid_predictions_1.mtz,1,1,2552,0.9311535
5712,./thermolysin_dw/thl_1p8A_grid_predictions_1.mtz,1,1,2553,0.9458767
5713,./thermolysin_dw/thl_1p8A_grid_predictions_1.mtz,1,1,2554,0.84005815
5714,./thermolysin_dw/thl_1p8A_grid_predictions_1.mtz,1,1,2555,0.9612873
5715,./thermolysin_dw/thl_1p8A_grid_predictions_1.mtz,1,1,2556,0.89237314
5716,./thermolysin_dw/thl_1p8A_grid_predictions_1.mtz,1,1,2557,0.9579194
5717,./thermolysin_dw/thl_1p8A_grid_predictions_1.mtz,1,1,2558,0.9683796
5718,./thermolysin_dw/thl_1p8A_grid_predictions_1.mtz,1,1,2559,0.7986072
5719,./thermolysin_dw/thl_1p8A_grid_predictions_1.mtz,1,1,2560,0.8701494
5720,./thermolysin_dw/thl_1p8A_grid_predictions_1.mtz,1,1,2561,0.8982662
5721,./thermolysin_dw/thl_1p8A_grid_predictions_1.mtz,1,1,2562,0.94294065
5722,./thermolysin_dw/thl_1p8A_grid_predictions_1.mtz,1,1,2563,0.79535836
5723,./thermolysin_dw/thl_1p8A_grid_predictions_1.mtz,1,1,2564,0.9371463
5724,./thermolysin_dw/thl_1p8A_grid_predictions_1.mtz,1,1,2565,0.95037836
5725,./thermolysin_dw/thl_1p8A_grid_predictions_1.mtz,1,1,2566,0.91290325
5726,./thermolysin_dw/thl_1p8A_grid_predictions_1.mtz,1,1,2567,0.9307962
5727,./thermolysin_dw/thl_1p8A_grid_predictions_1.mtz,1,1,2568,0.8994008
5728,./thermolysin_dw/thl_1p8A_grid_predictions_1.mtz,1,1,2569,0.88993657
5729,./thermolysin_dw/thl_1p8A_grid_predictions_1.mtz,1,1,2570,0.95670897
5730,./thermolysin_dw/thl_1p8A_grid_predictions_1.mtz,1,1,2571,0.94002575
5731,./thermolysin_dw/thl_1p8A_grid_predictions_1.mtz,1,1,2572,0.9219028
5732,./thermolysin_dw/thl_1p8A_grid_predictions_1.mtz,1,1,2573,0.96377677
5733,./thermolysin_dw/thl_1p8A_grid_predictions_1.mtz,1,1,2574,0.9164778
5734,./thermolysin_dw/thl_1p8A_grid_predictions_1.mtz,1,1,2575,0.5151525
5735,./thermolysin_dw/thl_1p8A_grid_predictions_1.mtz,1,1,2576,0.9598067
5736,./thermolysin_dw/thl_1p8A_grid_predictions_1.mtz,1,1,2577,0.9746685
5737,./thermolysin_dw/thl_1p8A_grid_predictions_1.mtz,1,1,2578,0.90405166
5738,./thermolysin_dw/thl_1p8A_grid_predictions_1.mtz,1,1,2579,0.9466432
5739,./thermolysin_dw/thl_1p8A_grid_predictions_1.mtz,1,1,2580,0.782419
5740,./thermolysin_dw/thl_1p8A_grid_predictions_1.mtz,1,1,2581,0.949647
5741,./thermolysin_dw/thl_1p8A_grid_predictions_1.mtz,1,1,2582,0.9569567
5742,./thermolysin_dw/thl_1p8A_grid_predictions_1.mtz,1,1,2583,0.93639976
5743,./thermolysin_dw/thl_1p8A_grid_predictions_1.mtz,1,1,2584,0.8691672
5744,./thermolysin_dw/thl_1p8A_grid_predictions_1.mtz,1,1,2585,0.92960566
5745,./thermolysin_dw/thl_1p8A_grid_predictions_1.mtz,1,1,2586,0.90244067
5746,./thermolysin_dw/thl_1p8A_grid_predictions_1.mtz,1,1,2587,0.9587661
5747,./thermolysin_dw/thl_1p8A_grid_predictions_1.mtz,1,1,2588,0.86487436
5748,./thermolysin_dw/thl_1p8A_grid_predictions_1.mtz,1,1,2589,0.93315417
5749,./thermolysin_dw/thl_1p8A_grid_predictions_1.mtz,1,1,2590,0.9629175
5750,./thermolysin_dw/thl_1p8A_grid_predictions_1.mtz,1,1,2591,0.9267612
5751,./thermolysin_dw/thl_1p8A_grid_predictions_1.mtz,1,1,2592,0.90391946
5752,./thermolysin_dw/thl_1p8A_grid_predictions_1.mtz,1,1,2593,0.91419
5753,./thermolysin_dw/thl_1p8A_grid_predictions_1.mtz,1,1,2594,0.86157537
5754,./thermolysin_dw/thl_1p8A_grid_predictions_1.mtz,1,1,2595,0.68945456
5755,./thermolysin_dw/thl_1p8A_grid_predictions_1.mtz,1,1,2596,0.91698825
5756,./thermolysin_dw/thl_1p8A_grid_predictions_1.mtz,1,1,2597,0.86108667
5757,./thermolysin_dw/thl_1p8A_grid_predictions_1.mtz,1,1,2598,0.9443182
5758,./thermolysin_dw/thl_1p8A_grid_predictions_1.mtz,1,1,2599,0.844136
5759,./thermolysin_dw/thl_1p8A_grid_predictions_1.mtz,1,1,2600,0.8411257
5760,./thermolysin_dw/thl_1p8A_grid_predictions_1.mtz,1,1,2601,0.87582046
5761,./thermolysin_dw/thl_1p8A_grid_predictions_1.mtz,1,1,2602,0.798336
5762,./thermolysin_dw/thl_1p8A_grid_predictions_1.mtz,1,1,2603,0.9377737
5763,./thermolysin_dw/thl_1p8A_grid_predictions_1.mtz,1,1,2604,0.8055398
5764,./thermolysin_dw/thl_1p8A_grid_predictions_1.mtz,1,1,2605,0.96475595
5765,./thermolysin_dw/thl_1p8A_grid_predictions_1.mtz,1,1,2606,0.8963303
5766,./thermolysin_dw/thl_1p8A_grid_predictions_1.mtz,1,1,2607,0.92612284
5767,./thermolysin_dw/thl_1p8A_grid_predictions_1.mtz,1,1,2608,0.91599154
5768,./thermolysin_dw/thl_1p8A_grid_predictions_1.mtz,1,1,2609,0.87884563
5769,./thermolysin_dw/thl_1p8A_grid_predictions_1.mtz,1,1,2610,0.9030594
5770,./thermolysin_dw/thl_1p8A_grid_predictions_1.mtz,1,1,2611,0.9560888
5771,./thermolysin_dw/thl_1p8A_grid_predictions_1.mtz,1,1,2612,0.91912687
5772,./thermolysin_dw/thl_1p8A_grid_predictions_1.mtz,1,1,2613,0.9316242
5773,./thermolysin_dw/thl_1p8A_grid_predictions_1.mtz,1,1,2614,0.9557553
5774,./thermolysin_dw/thl_1p8A_grid_predictions_1.mtz,1,1,2615,0.9665026
5775,./thermolysin_dw/thl_1p8A_grid_predictions_1.mtz,1,1,2616,0.9555036
5776,./thermolysin_dw/thl_1p8A_grid_predictions_1.mtz,1,1,2617,0.92493963
5777,./thermolysin_dw/thl_1p8A_grid_predictions_1.mtz,1,1,2618,0.80511075
5778,./thermolysin_dw/thl_1p8A_grid_predictions_1.mtz,1,1,2619,0.9569814
5779,./thermolysin_dw/thl_1p8A_grid_predictions_1.mtz,1,1,2620,0.8347571
5780,./thermolysin_dw/thl_1p8A_grid_predictions_1.mtz,1,1,2621,0.95353335
5781,./thermolysin_dw/thl_1p8A_grid_predictions_1.mtz,1,1,2622,0.8943419
5782,./thermolysin_dw/thl_1p8A_grid_predictions_1.mtz,1,1,2623,0.8842373
5783,./thermolysin_dw/thl_1p8A_grid_predictions_1.mtz,1,1,2624,0.9139632
5784,./thermolysin_dw/thl_1p8A_grid_predictions_1.mtz,1,1,2625,0.9432938
5785,./thermolysin_dw/thl_1p8A_grid_predictions_1.mtz,1,1,2626,0.94021773
5786,./thermolysin_dw/thl_1p8A_grid_predictions_1.mtz,1,1,2627,0.850762
5787,./thermolysin_dw/thl_1p8A_grid_predictions_1.mtz,1,1,2628,0.90576804
5788,./thermolysin_dw/thl_1p8A_grid_predictions_1.mtz,1,1,2629,0.9812806
5789,./thermolysin_dw/thl_1p8A_grid_predictions_1.mtz,1,1,2630,0.87976927
5790,./thermolysin_dw/thl_1p8A_grid_predictions_1.mtz,1,1,2631,0.9041814
5791,./thermolysin_dw/thl_1p8A_grid_predictions_1.mtz,1,1,2632,0.9426467
5792,./thermolysin_dw/thl_1p8A_grid_predictions_1.mtz,1,1,2633,0.70059866
5793,./thermolysin_dw/thl_1p8A_grid_predictions_1.mtz,1,1,2634,0.9411127
5794,./thermolysin_dw/thl_1p8A_grid_predictions_1.mtz,1,1,2635,0.9233364
5795,./thermolysin_dw/thl_1p8A_grid_predictions_1.mtz,1,1,2636,0.9028733
5796,./thermolysin_dw/thl_1p8A_grid_predictions_1.mtz,1,1,2637,0.9391791
5797,./thermolysin_dw/thl_1p8A_grid_predictions_1.mtz,1,1,2638,0.9169653
5798,./thermolysin_dw/thl_1p8A_grid_predictions_1.mtz,1,1,2639,0.9452818
5799,./thermolysin_dw/thl_1p8A_grid_predictions_1.mtz,1,1,2640,0.9086788
5800,./thermolysin_dw/thl_1p8A_grid_predictions_1.mtz,1,1,2641,0.93322706
5801,./thermolysin_dw/thl_1p8A_grid_predictions_1.mtz,1,1,2642,0.80086344
5802,./thermolysin_dw/thl_1p8A_grid_predictions_1.mtz,1,1,2643,0.9380215
5803,./thermolysin_dw/thl_1p8A_grid_predictions_1.mtz,1,1,2644,0.93338406
5804,./thermolysin_dw/thl_1p8A_grid_predictions_1.mtz,1,1,2645,0.9577946
5805,./thermolysin_dw/thl_1p8A_grid_predictions_1.mtz,1,1,2646,0.91769457
5806,./thermolysin_dw/thl_1p8A_grid_predictions_1.mtz,1,1,2647,0.76793957
5807,./thermolysin_dw/thl_1p8A_grid_predictions_1.mtz,1,1,2648,0.91836184
5808,./thermolysin_dw/thl_1p8A_grid_predictions_1.mtz,1,1,2649,0.8521857
5809,./thermolysin_dw/thl_1p8A_grid_predictions_1.mtz,1,1,2650,0.8616659
5810,./thermolysin_dw/thl_1p8A_grid_predictions_1.mtz,1,1,2651,0.93547475
5811,./thermolysin_dw/thl_1p8A_grid_predictions_1.mtz,1,1,2652,0.95984954
5812,./thermolysin_dw/thl_1p8A_grid_predictions_1.mtz,1,1,2653,0.78407633
5813,./thermolysin_dw/thl_1p8A_grid_predictions_1.mtz,1,1,2654,0.8792249
5814,./thermolysin_dw/thl_1p8A_grid_predictions_1.mtz,1,1,2655,0.786992
5815,./thermolysin_dw/thl_1p8A_grid_predictions_1.mtz,1,1,2656,0.8363666
5816,./thermolysin_dw/thl_1p8A_grid_predictions_1.mtz,1,1,2657,0.8894345
5817,./thermolysin_dw/thl_1p8A_grid_predictions_1.mtz,1,1,2658,0.87214726
5818,./thermolysin_dw/thl_1p8A_grid_predictions_1.mtz,1,1,2659,0.84826505
5819,./thermolysin_dw/thl_1p8A_grid_predictions_1.mtz,1,1,2660,0.9101865
5820,./thermolysin_dw/thl_1p8A_grid_predictions_1.mtz,1,1,2661,0.9428441
5821,./thermolysin_dw/thl_1p8A_grid_predictions_1.mtz,1,1,2662,0.8929546
5822,./thermolysin_dw/thl_1p8A_grid_predictions_1.mtz,1,1,2663,0.92097914
5823,./thermolysin_dw/thl_1p8A_grid_predictions_1.mtz,1,1,2664,0.90807086
5824,./thermolysin_dw/thl_1p8A_grid_predictions_1.mtz,1,1,2665,0.9028797
5825,./thermolysin_dw/thl_1p8A_grid_predictions_1.mtz,1,1,2666,0.8609368
5826,./thermolysin_dw/thl_1p8A_grid_predictions_1.mtz,1,1,2667,0.5723682
5827,./thermolysin_dw/thl_1p8A_grid_predictions_1.mtz,1,1,2668,0.9175067
5828,./thermolysin_dw/thl_1p8A_grid_predictions_1.mtz,1,1,2669,0.9592962
5829,./thermolysin_dw/thl_1p8A_grid_predictions_1.mtz,1,1,2670,0.95953614
5830,./thermolysin_dw/thl_1p8A_grid_predictions_1.mtz,1,1,2671,0.8482163
5831,./thermolysin_dw/thl_1p8A_grid_predictions_1.mtz,1,1,2672,0.9084281
5832,./thermolysin_dw/thl_1p8A_grid_predictions_1.mtz,1,1,2673,0.8968889
5833,./thermolysin_dw/thl_1p8A_grid_predictions_1.mtz,1,1,2674,0.95441103
5834,./thermolysin_dw/thl_1p8A_grid_predictions_1.mtz,1,1,2675,0.8809919
5835,./thermolysin_dw/thl_1p8A_grid_predictions_1.mtz,1,1,2676,0.93235534
5836,./thermolysin_dw/thl_1p8A_grid_predictions_1.mtz,1,1,2677,0.94865066
5837,./thermolysin_dw/thl_1p8A_grid_predictions_1.mtz,1,1,2678,0.87265944
5838,./thermolysin_dw/thl_1p8A_grid_predictions_1.mtz,1,1,2679,0.9472504
5839,./thermolysin_dw/thl_1p8A_grid_predictions_1.mtz,1,1,2680,0.9397609
5840,./thermolysin_dw/thl_1p8A_grid_predictions_1.mtz,1,1,2681,0.9755961
5841,./thermolysin_dw/thl_1p8A_grid_predictions_1.mtz,1,1,2682,0.8967339
5842,./thermolysin_dw/thl_1p8A_grid_predictions_1.mtz,1,1,2683,0.83702743
5843,./thermolysin_dw/thl_1p8A_grid_predictions_1.mtz,1,1,2684,0.9683094
5844,./thermolysin_dw/thl_1p8A_grid_predictions_1.mtz,1,1,2685,0.9099058
5845,./thermolysin_dw/thl_1p8A_grid_predictions_1.mtz,1,1,2686,0.91129243
5846,./thermolysin_dw/thl_1p8A_grid_predictions_1.mtz,1,1,2687,0.8402747
5847,./thermolysin_dw/thl_1p8A_grid_predictions_1.mtz,1,1,2688,0.9378608
5848,./thermolysin_dw/thl_1p8A_grid_predictions_1.mtz,1,1,2689,0.95210046
5849,./thermolysin_dw/thl_1p8A_grid_predictions_1.mtz,1,1,2690,0.94255674
5850,./thermolysin_dw/thl_1p8A_grid_predictions_1.mtz,1,1,2691,0.9303783
5851,./thermolysin_dw/thl_1p8A_grid_predictions_1.mtz,1,1,2692,0.918225
5852,./thermolysin_dw/thl_1p8A_grid_predictions_1.mtz,1,1,2693,0.9251544
5853,./thermolysin_dw/thl_1p8A_grid_predictions_1.mtz,1,1,2694,0.9122327
5854,./thermolysin_dw/thl_1p8A_grid_predictions_1.mtz,1,1,2695,0.78177196
5855,./thermolysin_dw/thl_1p8A_grid_predictions_1.mtz,1,1,2696,0.885803
5856,./thermolysin_dw/thl_1p8A_grid_predictions_1.mtz,1,1,2697,0.87188894
5857,./thermolysin_dw/thl_1p8A_grid_predictions_1.mtz,1,1,2698,0.93278164
5858,./thermolysin_dw/thl_1p8A_grid_predictions_1.mtz,1,1,2699,0.8368708
5859,./thermolysin_dw/thl_1p8A_grid_predictions_1.mtz,1,1,2700,0.7187734
5860,./thermolysin_dw/thl_1p8A_grid_predictions_1.mtz,1,1,2701,0.88611025
5861,./thermolysin_dw/thl_1p8A_grid_predictions_1.mtz,1,1,2702,0.7844057
5862,./thermolysin_dw/thl_1p8A_grid_predictions_1.mtz,1,1,2703,0.9510943
5863,./thermolysin_dw/thl_1p8A_grid_predictions_1.mtz,1,1,2704,0.7151599
5864,./thermolysin_dw/thl_1p8A_grid_predictions_1.mtz,1,1,2705,0.9771392
5865,./thermolysin_dw/thl_1p8A_grid_predictions_1.mtz,1,1,2706,0.90026367
5866,./thermolysin_dw/thl_1p8A_grid_predictions_1.mtz,1,1,2707,0.93894744
5867,./thermolysin_dw/thl_1p8A_grid_predictions_1.mtz,1,1,2708,0.94241977
5868,./thermolysin_dw/thl_1p8A_grid_predictions_1.mtz,1,1,2709,0.9547593
5869,./thermolysin_dw/thl_1p8A_grid_predictions_1.mtz,1,1,2710,0.93668264
5870,./thermolysin_dw/thl_1p8A_grid_predictions_1.mtz,1,1,2711,0.9374471
5871,./thermolysin_dw/thl_1p8A_grid_predictions_1.mtz,1,1,2712,0.9490145
5872,./thermolysin_dw/thl_1p8A_grid_predictions_1.mtz,1,1,2713,0.9675941
5873,./thermolysin_dw/thl_1p8A_grid_predictions_1.mtz,1,1,2714,0.8644931
5874,./thermolysin_dw/thl_1p8A_grid_predictions_1.mtz,1,1,2715,0.2732161
5875,./thermolysin_dw/thl_1p8A_grid_predictions_1.mtz,1,1,2716,0.8174366
5876,./thermolysin_dw/thl_1p8A_grid_predictions_1.mtz,1,1,2717,0.97463745
5877,./thermolysin_dw/thl_1p8A_grid_predictions_1.mtz,1,1,2718,0.8327909
5878,./thermolysin_dw/thl_1p8A_grid_predictions_1.mtz,1,1,2719,0.95257324
5879,./thermolysin_dw/thl_1p8A_grid_predictions_1.mtz,1,1,2720,0.95414597
5880,./thermolysin_dw/thl_1p8A_grid_predictions_1.mtz,1,1,2721,0.9675422
5881,./thermolysin_dw/thl_1p8A_grid_predictions_1.mtz,1,1,2722,0.97249466
5882,./thermolysin_dw/thl_1p8A_grid_predictions_1.mtz,1,1,2723,0.9231488
5883,./thermolysin_dw/thl_1p8A_grid_predictions_1.mtz,1,1,2724,0.9178865
5884,./thermolysin_dw/thl_1p8A_grid_predictions_1.mtz,1,1,2725,0.77146846
5885,./thermolysin_dw/thl_1p8A_grid_predictions_1.mtz,1,1,2726,0.86981565
5886,./thermolysin_dw/thl_1p8A_grid_predictions_1.mtz,1,1,2727,0.49814385
5887,./thermolysin_dw/thl_1p8A_grid_predictions_1.mtz,1,1,2728,0.8937347
5888,./thermolysin_dw/thl_1p8A_grid_predictions_1.mtz,1,1,2729,0.93576306
5889,./thermolysin_dw/thl_1p8A_grid_predictions_1.mtz,1,1,2730,0.94010943
5890,./thermolysin_dw/thl_1p8A_grid_predictions_1.mtz,1,1,2731,0.92245275
5891,./thermolysin_dw/thl_1p8A_grid_predictions_1.mtz,1,1,2732,0.90142936
5892,./thermolysin_dw/thl_1p8A_grid_predictions_1.mtz,1,1,2733,0.9572166
5893,./thermolysin_dw/thl_1p8A_grid_predictions_1.mtz,1,1,2734,0.9251642
5894,./thermolysin_dw/thl_1p8A_grid_predictions_1.mtz,1,1,2735,0.9726318
5895,./thermolysin_dw/thl_1p8A_grid_predictions_1.mtz,1,1,2736,0.9515574
5896,./thermolysin_dw/thl_1p8A_grid_predictions_1.mtz,1,1,2737,0.84660655
5897,./thermolysin_dw/thl_1p8A_grid_predictions_1.mtz,1,1,2738,0.90817964
5898,./thermolysin_dw/thl_1p8A_grid_predictions_1.mtz,1,1,2739,0.9480568
5899,./thermolysin_dw/thl_1p8A_grid_predictions_1.mtz,1,1,2740,0.86349934
5900,./thermolysin_dw/thl_1p8A_grid_predictions_1.mtz,1,1,2741,0.9632625
5901,./thermolysin_dw/thl_1p8A_grid_predictions_1.mtz,1,1,2742,0.89261234
5902,./thermolysin_dw/thl_1p8A_grid_predictions_1.mtz,1,1,2743,0.8223906
5903,./thermolysin_dw/thl_1p8A_grid_predictions_1.mtz,1,1,2744,0.91536725
5904,./thermolysin_dw/thl_1p8A_grid_predictions_1.mtz,1,1,2745,0.96248114
5905,./thermolysin_dw/thl_1p8A_grid_predictions_1.mtz,1,1,2746,0.9173823
5906,./thermolysin_dw/thl_1p8A_grid_predictions_1.mtz,1,1,2747,0.89459705
5907,./thermolysin_dw/thl_1p8A_grid_predictions_1.mtz,1,1,2748,0.8078224
5908,./thermolysin_dw/thl_1p8A_grid_predictions_1.mtz,1,1,2749,0.8555907
5909,./thermolysin_dw/thl_1p8A_grid_predictions_1.mtz,1,1,2750,0.9213503
5910,./thermolysin_dw/thl_1p8A_grid_predictions_1.mtz,1,1,2751,0.72429997
5911,./thermolysin_dw/thl_1p8A_grid_predictions_1.mtz,1,1,2752,0.97672284
5912,./thermolysin_dw/thl_1p8A_grid_predictions_1.mtz,1,1,2753,0.9828402
5913,./thermolysin_dw/thl_1p8A_grid_predictions_1.mtz,1,1,2754,0.8732082
5914,./thermolysin_dw/thl_1p8A_grid_predictions_1.mtz,1,1,2755,0.87750685
5915,./thermolysin_dw/thl_1p8A_grid_predictions_1.mtz,1,1,2756,0.9375472
5916,./thermolysin_dw/thl_1p8A_grid_predictions_1.mtz,1,1,2757,0.9096665
5917,./thermolysin_dw/thl_1p8A_grid_predictions_1.mtz,1,1,2758,0.93580025
5918,./thermolysin_dw/thl_1p8A_grid_predictions_1.mtz,1,1,2759,0.9346801
5919,./thermolysin_dw/thl_1p8A_grid_predictions_1.mtz,1,1,2760,0.96247154
5920,./thermolysin_dw/thl_1p8A_grid_predictions_1.mtz,1,1,2761,0.9536415
5921,./thermolysin_dw/thl_1p8A_grid_predictions_1.mtz,1,1,2762,0.9665065
5922,./thermolysin_dw/thl_1p8A_grid_predictions_1.mtz,1,1,2763,0.899487
5923,./thermolysin_dw/thl_1p8A_grid_predictions_1.mtz,1,1,2764,0.9766858
5924,./thermolysin_dw/thl_1p8A_grid_predictions_1.mtz,1,1,2765,0.94708973
5925,./thermolysin_dw/thl_1p8A_grid_predictions_1.mtz,1,1,2766,0.981284
5926,./thermolysin_dw/thl_1p8A_grid_predictions_1.mtz,1,1,2767,0.92936105
5927,./thermolysin_dw/thl_1p8A_grid_predictions_1.mtz,1,1,2768,0.9289364
5928,./thermolysin_dw/thl_1p8A_grid_predictions_1.mtz,1,1,2769,0.93733144
5929,./thermolysin_dw/thl_1p8A_grid_predictions_1.mtz,1,1,2770,0.9749037
5930,./thermolysin_dw/thl_1p8A_grid_predictions_1.mtz,1,1,2771,0.952988
5931,./thermolysin_dw/thl_1p8A_grid_predictions_1.mtz,1,1,2772,0.98144555
5932,./thermolysin_dw/thl_1p8A_grid_predictions_1.mtz,1,1,2773,0.96168214
5933,./thermolysin_dw/thl_1p8A_grid_predictions_1.mtz,1,1,2774,0.9292382
5934,./thermolysin_dw/thl_1p8A_grid_predictions_1.mtz,1,1,2775,0.8368484
5935,./thermolysin_dw/thl_1p8A_grid_predictions_1.mtz,1,1,2776,0.75633544
5936,./thermolysin_dw/thl_1p8A_grid_predictions_1.mtz,1,1,2777,0.88162124
5937,./thermolysin_dw/thl_1p8A_grid_predictions_1.mtz,1,1,2778,0.8341658
5938,./thermolysin_dw/thl_1p8A_grid_predictions_1.mtz,1,1,2779,0.92365825
5939,./thermolysin_dw/thl_1p8A_grid_predictions_1.mtz,1,1,2780,0.94801
5940,./thermolysin_dw/thl_1p8A_grid_predictions_1.mtz,1,1,2781,0.81579936
5941,./thermolysin_dw/thl_1p8A_grid_predictions_1.mtz,1,1,2782,0.8827676
5942,./thermolysin_dw/thl_1p8A_grid_predictions_1.mtz,1,1,2783,0.8060958
5943,./thermolysin_dw/thl_1p8A_grid_predictions_1.mtz,1,1,2784,0.7295866
5944,./thermolysin_dw/thl_1p8A_grid_predictions_1.mtz,1,1,2785,0.9216539
5945,./thermolysin_dw/thl_1p8A_grid_predictions_1.mtz,1,1,2786,0.94890565
5946,./thermolysin_dw/thl_1p8A_grid_predictions_1.mtz,1,1,2787,0.57899004
5947,./thermolysin_dw/thl_1p8A_grid_predictions_1.mtz,1,1,2788,0.94743156
5948,./thermolysin_dw/thl_1p8A_grid_predictions_1.mtz,1,1,2789,0.93065447
5949,./thermolysin_dw/thl_1p8A_grid_predictions_1.mtz,1,1,2790,0.96037567
5950,./thermolysin_dw/thl_1p8A_grid_predictions_1.mtz,1,1,2791,0.9793389
5951,./thermolysin_dw/thl_1p8A_grid_predictions_1.mtz,1,1,2792,0.879888
5952,./thermolysin_dw/thl_1p8A_grid_predictions_1.mtz,1,1,2793,0.919471
5953,./thermolysin_dw/thl_1p8A_grid_predictions_1.mtz,1,1,2794,0.9137618
5954,./thermolysin_dw/thl_1p8A_grid_predictions_1.mtz,1,1,2795,0.93371135
5955,./thermolysin_dw/thl_1p8A_grid_predictions_1.mtz,1,1,2796,0.9638539
5956,./thermolysin_dw/thl_1p8A_grid_predictions_1.mtz,1,1,2797,0.87665784
5957,./thermolysin_dw/thl_1p8A_grid_predictions_1.mtz,1,1,2798,0.9042934
5958,./thermolysin_dw/thl_1p8A_grid_predictions_1.mtz,1,1,2799,0.93185717
5959,./thermolysin_dw/thl_1p8A_grid_predictions_1.mtz,1,1,2800,0.81306696
5960,./thermolysin_dw/thl_1p8A_grid_predictions_1.mtz,1,1,2801,0.92435145
5961,./thermolysin_dw/thl_1p8A_grid_predictions_1.mtz,1,1,2802,0.9201128
5962,./thermolysin_dw/thl_1p8A_grid_predictions_1.mtz,1,1,2803,0.9009498
5963,./thermolysin_dw/thl_1p8A_grid_predictions_1.mtz,1,1,2804,0.9253175
5964,./thermolysin_dw/thl_1p8A_grid_predictions_1.mtz,1,1,2805,0.932834
5965,./thermolysin_dw/thl_1p8A_grid_predictions_1.mtz,1,1,2806,0.9474708
5966,./thermolysin_dw/thl_1p8A_grid_predictions_1.mtz,1,1,2807,0.88928187
5967,./thermolysin_dw/thl_1p8A_grid_predictions_1.mtz,1,1,2808,0.7860816
5968,./thermolysin_dw/thl_1p8A_grid_predictions_1.mtz,1,1,2809,0.96421534
5969,./thermolysin_dw/thl_1p8A_grid_predictions_1.mtz,1,1,2810,0.8812235
5970,./thermolysin_dw/thl_1p8A_grid_predictions_1.mtz,1,1,2811,0.91835594
5971,./thermolysin_dw/thl_1p8A_grid_predictions_1.mtz,1,1,2812,0.93484753
5972,./thermolysin_dw/thl_1p8A_grid_predictions_1.mtz,1,1,2813,0.8773858
5973,./thermolysin_dw/thl_1p8A_grid_predictions_1.mtz,1,1,2814,0.94455194
5974,./thermolysin_dw/thl_1p8A_grid_predictions_1.mtz,1,1,2815,0.97007984
5975,./thermolysin_dw/thl_1p8A_grid_predictions_1.mtz,1,1,2816,0.82071465
5976,./thermolysin_dw/thl_1p8A_grid_predictions_1.mtz,1,1,2817,0.6139275
5977,./thermolysin_dw/thl_1p8A_grid_predictions_1.mtz,1,1,2818,0.9133137
5978,./thermolysin_dw/thl_1p8A_grid_predictions_1.mtz,1,1,2819,0.93199205
5979,./thermolysin_dw/thl_1p8A_grid_predictions_1.mtz,1,1,2820,0.95286655
5980,./thermolysin_dw/thl_1p8A_grid_predictions_1.mtz,1,1,2821,0.9123342
5981,./thermolysin_dw/thl_1p8A_grid_predictions_1.mtz,1,1,2822,0.93414587
5982,./thermolysin_dw/thl_1p8A_grid_predictions_1.mtz,1,1,2823,0.9406088
5983,./thermolysin_dw/thl_1p8A_grid_predictions_1.mtz,1,1,2824,0.97822386
5984,./thermolysin_dw/thl_1p8A_grid_predictions_1.mtz,1,1,2825,0.91783094
5985,./thermolysin_dw/thl_1p8A_grid_predictions_1.mtz,1,1,2826,0.8001901
5986,./thermolysin_dw/thl_1p8A_grid_predictions_1.mtz,1,1,2827,0.9287072
5987,./thermolysin_dw/thl_1p8A_grid_predictions_1.mtz,1,1,2828,0.8920629
5988,./thermolysin_dw/thl_1p8A_grid_predictions_1.mtz,1,1,2829,0.90151125
5989,./thermolysin_dw/thl_1p8A_grid_predictions_1.mtz,1,1,2830,0.9256191
5990,./thermolysin_dw/thl_1p8A_grid_predictions_1.mtz,1,1,2831,0.7421211
5991,./thermolysin_dw/thl_1p8A_grid_predictions_1.mtz,1,1,2832,0.839351
5992,./thermolysin_dw/thl_1p8A_grid_predictions_1.mtz,1,1,2833,0.95843565
5993,./thermolysin_dw/thl_1p8A_grid_predictions_1.mtz,1,1,2834,0.88891006
5994,./thermolysin_dw/thl_1p8A_grid_predictions_1.mtz,1,1,2835,0.9024736
5995,./thermolysin_dw/thl_1p8A_grid_predictions_1.mtz,1,1,2836,0.8850035
5996,./thermolysin_dw/thl_1p8A_grid_predictions_1.mtz,1,1,2837,0.92426354
5997,./thermolysin_dw/thl_1p8A_grid_predictions_1.mtz,1,1,2838,0.81930465
5998,./thermolysin_dw/thl_1p8A_grid_predictions_1.mtz,1,1,2839,0.86406356
5999,./thermolysin_dw/thl_1p8A_grid_predictions_1.mtz,1,1,2840,0.89034176
6000,./thermolysin_dw/thl_1p8A_grid_predictions_1.mtz,1,1,2841,0.7059994
6001,./thermolysin_dw/thl_1p8A_grid_predictions_1.mtz,1,1,2842,0.7890163
6002,./thermolysin_dw/thl_1p8A_grid_predictions_1.mtz,1,1,2843,0.9088242
6003,./thermolysin_dw/thl_1p8A_grid_predictions_1.mtz,1,1,2844,0.90674376
6004,./thermolysin_dw/thl_1p8A_grid_predictions_1.mtz,1,1,2845,0.96487886
6005,./thermolysin_dw/thl_1p8A_grid_predictions_1.mtz,1,1,2846,0.941415
6006,./thermolysin_dw/thl_1p8A_grid_predictions_1.mtz,1,1,2847,0.9441791
6007,./thermolysin_dw/thl_1p8A_grid_predictions_1.mtz,1,1,2848,0.93776643
6008,./thermolysin_dw/thl_1p8A_grid_predictions_1.mtz,1,1,2849,0.90459067
6009,./thermolysin_dw/thl_1p8A_grid_predictions_1.mtz,1,1,2850,0.96277636
6010,./thermolysin_dw/thl_1p8A_grid_predictions_1.mtz,1,1,2851,0.93917435
6011,./thermolysin_dw/thl_1p8A_grid_predictions_1.mtz,1,1,2852,0.85671836
6012,./thermolysin_dw/thl_1p8A_grid_predictions_1.mtz,1,1,2853,0.6854424
6013,./thermolysin_dw/thl_1p8A_grid_predictions_1.mtz,1,1,2854,0.87326956
6014,./thermolysin_dw/thl_1p8A_grid_predictions_1.mtz,1,1,2855,0.9337916
6015,./thermolysin_dw/thl_1p8A_grid_predictions_1.mtz,1,1,2856,0.89516264
6016,./thermolysin_dw/thl_1p8A_grid_predictions_1.mtz,1,1,2857,0.9706377
6017,./thermolysin_dw/thl_1p8A_grid_predictions_1.mtz,1,1,2858,0.8618958
6018,./thermolysin_dw/thl_1p8A_grid_predictions_1.mtz,1,1,2859,0.9824701
6019,./thermolysin_dw/thl_1p8A_grid_predictions_1.mtz,1,1,2860,0.42093742
6020,./thermolysin_dw/thl_1p8A_grid_predictions_1.mtz,1,1,2861,0.770827
6021,./thermolysin_dw/thl_1p8A_grid_predictions_1.mtz,1,1,2862,0.9420109
6022,./thermolysin_dw/thl_1p8A_grid_predictions_1.mtz,1,1,2863,0.8919037
6023,./thermolysin_dw/thl_1p8A_grid_predictions_1.mtz,1,1,2864,0.91834325
6024,./thermolysin_dw/thl_1p8A_grid_predictions_1.mtz,1,1,2865,0.9183861
6025,./thermolysin_dw/thl_1p8A_grid_predictions_1.mtz,1,1,2866,0.9235915
6026,./thermolysin_dw/thl_1p8A_grid_predictions_1.mtz,1,1,2867,0.90552926
6027,./thermolysin_dw/thl_1p8A_grid_predictions_1.mtz,1,1,2868,0.7932948
6028,./thermolysin_dw/thl_1p8A_grid_predictions_1.mtz,1,1,2869,0.96371406
6029,./thermolysin_dw/thl_1p8A_grid_predictions_1.mtz,1,1,2870,0.90584224
6030,./thermolysin_dw/thl_1p8A_grid_predictions_1.mtz,1,1,2871,0.6617449
6031,./thermolysin_dw/thl_1p8A_grid_predictions_1.mtz,1,1,2872,0.91834056
6032,./thermolysin_dw/thl_1p8A_grid_predictions_1.mtz,1,1,2873,0.9654092
6033,./thermolysin_dw/thl_1p8A_grid_predictions_1.mtz,1,1,2874,0.814414
6034,./thermolysin_dw/thl_1p8A_grid_predictions_1.mtz,1,1,2875,0.89668155
6035,./thermolysin_dw/thl_1p8A_grid_predictions_1.mtz,1,1,2876,0.95233417
6036,./thermolysin_dw/thl_1p8A_grid_predictions_1.mtz,1,1,2877,0.8748363
6037,./thermolysin_dw/thl_1p8A_grid_predictions_1.mtz,1,1,2878,0.96051234
6038,./thermolysin_dw/thl_1p8A_grid_predictions_1.mtz,1,1,2879,0.9639594
6039,./thermolysin_dw/thl_1p8A_grid_predictions_1.mtz,1,1,2880,0.9231845
6040,./thermolysin_dw/thl_1p8A_grid_predictions_1.mtz,1,1,2881,0.9199933
6041,./thermolysin_dw/thl_1p8A_grid_predictions_1.mtz,1,1,2882,0.95847136
6042,./thermolysin_dw/thl_1p8A_grid_predictions_1.mtz,1,1,2883,0.7500382
6043,./thermolysin_dw/thl_1p8A_grid_predictions_1.mtz,1,1,2884,0.9293888
6044,./thermolysin_dw/thl_1p8A_grid_predictions_1.mtz,1,1,2885,0.88373667
6045,./thermolysin_dw/thl_1p8A_grid_predictions_1.mtz,1,1,2886,0.93834895
6046,./thermolysin_dw/thl_1p8A_grid_predictions_1.mtz,1,1,2887,0.95289946
6047,./thermolysin_dw/thl_1p8A_grid_predictions_1.mtz,1,1,2888,0.88653284
6048,./thermolysin_dw/thl_1p8A_grid_predictions_1.mtz,1,1,2889,0.9533296
6049,./thermolysin_dw/thl_1p8A_grid_predictions_1.mtz,1,1,2890,0.9567447
6050,./thermolysin_dw/thl_1p8A_grid_predictions_1.mtz,1,1,2891,0.96022683
6051,./thermolysin_dw/thl_1p8A_grid_predictions_1.mtz,1,1,2892,0.68005556
6052,./thermolysin_dw/thl_1p8A_grid_predictions_1.mtz,1,1,2893,0.9303839
6053,./thermolysin_dw/thl_1p8A_grid_predictions_1.mtz,1,1,2894,0.87959576
6054,./thermolysin_dw/thl_1p8A_grid_predictions_1.mtz,1,1,2895,0.8827815
6055,./thermolysin_dw/thl_1p8A_grid_predictions_1.mtz,1,1,2896,0.9588215
6056,./thermolysin_dw/thl_1p8A_grid_predictions_1.mtz,1,1,2897,0.9280722
6057,./thermolysin_dw/thl_1p8A_grid_predictions_1.mtz,1,1,2898,0.8958348
6058,./thermolysin_dw/thl_1p8A_grid_predictions_1.mtz,1,1,2899,0.8921489
6059,./thermolysin_dw/thl_1p8A_grid_predictions_1.mtz,1,1,2900,0.8952938
6060,./thermolysin_dw/thl_1p8A_grid_predictions_1.mtz,1,1,2901,0.86691093
6061,./thermolysin_dw/thl_1p8A_grid_predictions_1.mtz,1,1,2902,0.9348996
6062,./thermolysin_dw/thl_1p8A_grid_predictions_1.mtz,1,1,2903,0.8344831
6063,./thermolysin_dw/thl_1p8A_grid_predictions_1.mtz,1,1,2904,0.9484858
6064,./thermolysin_dw/thl_1p8A_grid_predictions_1.mtz,1,1,2905,0.82207733
6065,./thermolysin_dw/thl_1p8A_grid_predictions_1.mtz,1,1,2906,0.95658696
6066,./thermolysin_dw/thl_1p8A_grid_predictions_1.mtz,1,1,2907,0.87630653
6067,./thermolysin_dw/thl_1p8A_grid_predictions_1.mtz,1,1,2908,0.89232755
6068,./thermolysin_dw/thl_1p8A_grid_predictions_1.mtz,1,1,2909,0.88349783
6069,./thermolysin_dw/thl_1p8A_grid_predictions_1.mtz,1,1,2910,0.85528266
6070,./thermolysin_dw/thl_1p8A_grid_predictions_1.mtz,1,1,2911,0.88679796
6071,./thermolysin_dw/thl_1p8A_grid_predictions_1.mtz,1,1,2912,0.93689644
6072,./thermolysin_dw/thl_1p8A_grid_predictions_1.mtz,1,1,2913,0.9238105
6073,./thermolysin_dw/thl_1p8A_grid_predictions_1.mtz,1,1,2914,0.9397516
6074,./thermolysin_dw/thl_1p8A_grid_predictions_1.mtz,1,1,2915,0.91997135
6075,./thermolysin_dw/thl_1p8A_grid_predictions_1.mtz,1,1,2916,0.73662686
6076,./thermolysin_dw/thl_1p8A_grid_predictions_1.mtz,1,1,2917,0.95063704
6077,./thermolysin_dw/thl_1p8A_grid_predictions_1.mtz,1,1,2918,0.8632044
6078,./thermolysin_dw/thl_1p8A_grid_predictions_1.mtz,1,1,2919,0.9637676
6079,./thermolysin_dw/thl_1p8A_grid_predictions_1.mtz,1,1,2920,0.74819714
6080,./thermolysin_dw/thl_1p8A_grid_predictions_1.mtz,1,1,2921,0.93896997
6081,./thermolysin_dw/thl_1p8A_grid_predictions_1.mtz,1,1,2922,0.9027628
6082,./thermolysin_dw/thl_1p8A_grid_predictions_1.mtz,1,1,2923,0.9353142
6083,./thermolysin_dw/thl_1p8A_grid_predictions_1.mtz,1,1,2924,0.92255723
6084,./thermolysin_dw/thl_1p8A_grid_predictions_1.mtz,1,1,2925,0.18733874
6085,./thermolysin_dw/thl_1p8A_grid_predictions_1.mtz,1,1,2926,0.90141815
6086,./thermolysin_dw/thl_1p8A_grid_predictions_1.mtz,1,1,2927,0.94352347
6087,./thermolysin_dw/thl_1p8A_grid_predictions_1.mtz,1,1,2928,0.7985919
6088,./thermolysin_dw/thl_1p8A_grid_predictions_1.mtz,1,1,2929,0.90090054
6089,./thermolysin_dw/thl_1p8A_grid_predictions_1.mtz,1,1,2930,0.92345315
6090,./thermolysin_dw/thl_1p8A_grid_predictions_1.mtz,1,1,2931,0.94380516
6091,./thermolysin_dw/thl_1p8A_grid_predictions_1.mtz,1,1,2932,0.9081519
6092,./thermolysin_dw/thl_1p8A_grid_predictions_1.mtz,1,1,2933,0.9214187
6093,./thermolysin_dw/thl_1p8A_grid_predictions_1.mtz,1,1,2934,0.9586011
6094,./thermolysin_dw/thl_1p8A_grid_predictions_1.mtz,1,1,2935,0.85285515
6095,./thermolysin_dw/thl_1p8A_grid_predictions_1.mtz,1,1,2936,0.8944641
6096,./thermolysin_dw/thl_1p8A_grid_predictions_1.mtz,1,1,2937,0.96976906
6097,./thermolysin_dw/thl_1p8A_grid_predictions_1.mtz,1,1,2938,0.90185016
6098,./thermolysin_dw/thl_1p8A_grid_predictions_1.mtz,1,1,2939,0.9227966
6099,./thermolysin_dw/thl_1p8A_grid_predictions_1.mtz,1,1,2940,0.8875013
6100,./thermolysin_dw/thl_1p8A_grid_predictions_1.mtz,1,1,2941,0.932789
6101,./thermolysin_dw/thl_1p8A_grid_predictions_1.mtz,1,1,2942,0.8941389
6102,./thermolysin_dw/thl_1p8A_grid_predictions_1.mtz,1,1,2943,0.94283116
6103,./thermolysin_dw/thl_1p8A_grid_predictions_1.mtz,1,1,2944,0.9241428
6104,./thermolysin_dw/thl_1p8A_grid_predictions_1.mtz,1,1,2945,0.9621353
6105,./thermolysin_dw/thl_1p8A_grid_predictions_1.mtz,1,1,2946,0.9256466
6106,./thermolysin_dw/thl_1p8A_grid_predictions_1.mtz,1,1,2947,0.9399468
6107,./thermolysin_dw/thl_1p8A_grid_predictions_1.mtz,1,1,2948,0.89132905
6108,./thermolysin_dw/thl_1p8A_grid_predictions_1.mtz,1,1,2949,0.87342244
6109,./thermolysin_dw/thl_1p8A_grid_predictions_1.mtz,1,1,2950,0.9609779
6110,./thermolysin_dw/thl_1p8A_grid_predictions_1.mtz,1,1,2951,0.9601534
6111,./thermolysin_dw/thl_1p8A_grid_predictions_1.mtz,1,1,2952,0.7836702
6112,./thermolysin_dw/thl_1p8A_grid_predictions_1.mtz,1,1,2953,0.84167284
6113,./thermolysin_dw/thl_1p8A_grid_predictions_1.mtz,1,1,2954,0.9448378
6114,./thermolysin_dw/thl_1p8A_grid_predictions_1.mtz,1,1,2955,0.9419343
6115,./thermolysin_dw/thl_1p8A_grid_predictions_1.mtz,1,1,2956,0.85633737
6116,./thermolysin_dw/thl_1p8A_grid_predictions_1.mtz,1,1,2957,0.93053824
6117,./thermolysin_dw/thl_1p8A_grid_predictions_1.mtz,1,1,2958,0.84216547
6118,./thermolysin_dw/thl_1p8A_grid_predictions_1.mtz,1,1,2959,0.8018889
6119,./thermolysin_dw/thl_1p8A_grid_predictions_1.mtz,1,1,2960,0.93959194
6120,./thermolysin_dw/thl_1p8A_grid_predictions_1.mtz,1,1,2961,0.9440829
6121,./thermolysin_dw/thl_1p8A_grid_predictions_1.mtz,1,1,2962,0.95333713
6122,./thermolysin_dw/thl_1p8A_grid_predictions_1.mtz,1,1,2963,0.95803326
6123,./thermolysin_dw/thl_1p8A_grid_predictions_1.mtz,1,1,2964,0.8006245
6124,./thermolysin_dw/thl_1p8A_grid_predictions_1.mtz,1,1,2965,0.69450116
6125,./thermolysin_dw/thl_1p8A_grid_predictions_1.mtz,1,1,2966,0.96458775
6126,./thermolysin_dw/thl_1p8A_grid_predictions_1.mtz,1,1,2967,0.95910025
6127,./thermolysin_dw/thl_1p8A_grid_predictions_1.mtz,1,1,2968,0.96077776
6128,./thermolysin_dw/thl_1p8A_grid_predictions_1.mtz,1,1,2969,0.8373458
6129,./thermolysin_dw/thl_1p8A_grid_predictions_1.mtz,1,1,2970,0.8835864
6130,./thermolysin_dw/thl_1p8A_grid_predictions_1.mtz,1,1,2971,0.8867165
6131,./thermolysin_dw/thl_1p8A_grid_predictions_1.mtz,1,1,2972,0.897871
6132,./thermolysin_dw/thl_1p8A_grid_predictions_1.mtz,1,1,2973,0.92284685
6133,./thermolysin_dw/thl_1p8A_grid_predictions_1.mtz,1,1,2974,0.89345187
6134,./thermolysin_dw/thl_1p8A_grid_predictions_1.mtz,1,1,2975,0.9437638
6135,./thermolysin_dw/thl_1p8A_grid_predictions_1.mtz,1,1,2976,0.9503122
6136,./thermolysin_dw/thl_1p8A_grid_predictions_1.mtz,1,1,2977,0.8414452
6137,./thermolysin_dw/thl_1p8A_grid_predictions_1.mtz,1,1,2978,0.9024714
6138,./thermolysin_dw/thl_1p8A_grid_predictions_1.mtz,1,1,2979,0.88698363
6139,./thermolysin_dw/thl_1p8A_grid_predictions_1.mtz,1,1,2980,0.93607587
6140,./thermolysin_dw/thl_1p8A_grid_predictions_1.mtz,1,1,2981,0.89068365
6141,./thermolysin_dw/thl_1p8A_grid_predictions_1.mtz,1,1,2982,0.910625
6142,./thermolysin_dw/thl_1p8A_grid_predictions_1.mtz,1,1,2983,0.94348675
6143,./thermolysin_dw/thl_1p8A_grid_predictions_1.mtz,1,1,2984,0.87070775
6144,./thermolysin_dw/thl_1p8A_grid_predictions_1.mtz,1,1,2985,0.93992907
6145,./thermolysin_dw/thl_1p8A_grid_predictions_1.mtz,1,1,2986,0.9138156
6146,./thermolysin_dw/thl_1p8A_grid_predictions_1.mtz,1,1,2987,0.9339459
6147,./thermolysin_dw/thl_1p8A_grid_predictions_1.mtz,1,1,2988,0.89086604
6148,./thermolysin_dw/thl_1p8A_grid_predictions_1.mtz,1,1,2989,0.8884635
6149,./thermolysin_dw/thl_1p8A_grid_predictions_1.mtz,1,1,2990,0.904486
6150,./thermolysin_dw/thl_1p8A_grid_predictions_1.mtz,1,1,2991,0.86370945
6151,./thermolysin_dw/thl_1p8A_grid_predictions_1.mtz,1,1,2992,0.9378907
6152,./thermolysin_dw/thl_1p8A_grid_predictions_1.mtz,1,1,2993,0.94013596
6153,./thermolysin_dw/thl_1p8A_grid_predictions_1.mtz,1,1,2994,0.96263087
6154,./thermolysin_dw/thl_1p8A_grid_predictions_1.mtz,1,1,2995,0.950289
6155,./thermolysin_dw/thl_1p8A_grid_predictions_1.mtz,1,1,2996,0.8845996
6156,./thermolysin_dw/thl_1p8A_grid_predictions_1.mtz,1,1,2997,0.7912404
6157,./thermolysin_dw/thl_1p8A_grid_predictions_1.mtz,1,1,2998,0.9310473
6158,./thermolysin_dw/thl_1p8A_grid_predictions_1.mtz,1,1,2999,0.89813817
6159,./thermolysin_dw/thl_1p8A_grid_predictions_1.mtz,1,1,3000,0.8785029
6160,./thermolysin_dw/thl_1p8A_grid_predictions_1.mtz,1,1,3001,0.8957958
6161,./thermolysin_dw/thl_1p8A_grid_predictions_1.mtz,1,1,3002,0.90283483
6162,./thermolysin_dw/thl_1p8A_grid_predictions_1.mtz,1,1,3003,0.8724669
6163,./thermolysin_dw/thl_1p8A_grid_predictions_1.mtz,1,1,3004,0.85392743
6164,./thermolysin_dw/thl_1p8A_grid_predictions_1.mtz,1,1,3005,0.8959852
6165,./thermolysin_dw/thl_1p8A_grid_predictions_1.mtz,1,1,3006,0.82691735
6166,./thermolysin_dw/thl_1p8A_grid_predictions_1.mtz,1,1,3007,0.94193274
6167,./thermolysin_dw/thl_1p8A_grid_predictions_1.mtz,1,1,3008,0.8222801
6168,./thermolysin_dw/thl_1p8A_grid_predictions_1.mtz,1,1,3009,0.768728
6169,./thermolysin_dw/thl_1p8A_grid_predictions_1.mtz,1,1,3010,0.87633914
6170,./thermolysin_dw/thl_1p8A_grid_predictions_1.mtz,1,1,3011,0.9426467
6171,./thermolysin_dw/thl_1p8A_grid_predictions_1.mtz,1,1,3012,0.9454889
6172,./thermolysin_dw/thl_1p8A_grid_predictions_1.mtz,1,1,3013,0.8954932
6173,./thermolysin_dw/thl_1p8A_grid_predictions_1.mtz,1,1,3014,0.92814344
6174,./thermolysin_dw/thl_1p8A_grid_predictions_1.mtz,1,1,3015,0.9164776
6175,./thermolysin_dw/thl_1p8A_grid_predictions_1.mtz,1,1,3016,0.97908103
6176,./thermolysin_dw/thl_1p8A_grid_predictions_1.mtz,1,1,3017,0.910543
6177,./thermolysin_dw/thl_1p8A_grid_predictions_1.mtz,1,1,3018,0.8238865
6178,./thermolysin_dw/thl_1p8A_grid_predictions_1.mtz,1,1,3019,0.83174783
6179,./thermolysin_dw/thl_1p8A_grid_predictions_1.mtz,1,1,3020,0.8389942
6180,./thermolysin_dw/thl_1p8A_grid_predictions_1.mtz,1,1,3021,0.96657676
6181,./thermolysin_dw/thl_1p8A_grid_predictions_1.mtz,1,1,3022,0.794781
6182,./thermolysin_dw/thl_1p8A_grid_predictions_1.mtz,1,1,3023,0.936888
6183,./thermolysin_dw/thl_1p8A_grid_predictions_1.mtz,1,1,3024,0.69490147
6184,./thermolysin_dw/thl_1p8A_grid_predictions_1.mtz,1,1,3025,0.892126
6185,./thermolysin_dw/thl_1p8A_grid_predictions_1.mtz,1,1,3026,0.91177183
6186,./thermolysin_dw/thl_1p8A_grid_predictions_1.mtz,1,1,3027,0.9383314
6187,./thermolysin_dw/thl_1p8A_grid_predictions_1.mtz,1,1,3028,0.9363685
6188,./thermolysin_dw/thl_1p8A_grid_predictions_1.mtz,1,1,3029,0.8497001
6189,./thermolysin_dw/thl_1p8A_grid_predictions_1.mtz,1,1,3030,0.9473324
6190,./thermolysin_dw/thl_1p8A_grid_predictions_1.mtz,1,1,3031,0.872555
6191,./thermolysin_dw/thl_1p8A_grid_predictions_1.mtz,1,1,3032,0.9293692
6192,./thermolysin_dw/thl_1p8A_grid_predictions_1.mtz,1,1,3033,0.9502052
6193,./thermolysin_dw/thl_1p8A_grid_predictions_1.mtz,1,1,3034,0.83503854
6194,./thermolysin_dw/thl_1p8A_grid_predictions_1.mtz,1,1,3035,0.93253076
6195,./thermolysin_dw/thl_1p8A_grid_predictions_1.mtz,1,1,3036,0.9119714
6196,./thermolysin_dw/thl_1p8A_grid_predictions_1.mtz,1,1,3037,0.9149002
6197,./thermolysin_dw/thl_1p8A_grid_predictions_1.mtz,1,1,3038,0.8824108
6198,./thermolysin_dw/thl_1p8A_grid_predictions_1.mtz,1,1,3039,0.96378636
6199,./thermolysin_dw/thl_1p8A_grid_predictions_1.mtz,1,1,3040,0.89245075
6200,./thermolysin_dw/thl_1p8A_grid_predictions_1.mtz,1,1,3041,0.89356333
6201,./thermolysin_dw/thl_1p8A_grid_predictions_1.mtz,1,1,3042,0.9415895
6202,./thermolysin_dw/thl_1p8A_grid_predictions_1.mtz,1,1,3043,0.86833525
6203,./thermolysin_dw/thl_1p8A_grid_predictions_1.mtz,1,1,3044,0.840021
6204,./thermolysin_dw/thl_1p8A_grid_predictions_1.mtz,1,1,3045,0.91872233
6205,./thermolysin_dw/thl_1p8A_grid_predictions_1.mtz,1,1,3046,0.9212076
6206,./thermolysin_dw/thl_1p8A_grid_predictions_1.mtz,1,1,3047,0.9299987
6207,./thermolysin_dw/thl_1p8A_grid_predictions_1.mtz,1,1,3048,0.9628188
6208,./thermolysin_dw/thl_1p8A_grid_predictions_1.mtz,1,1,3049,0.75236493
6209,./thermolysin_dw/thl_1p8A_grid_predictions_1.mtz,1,1,3050,0.8958096
6210,./thermolysin_dw/thl_1p8A_grid_predictions_1.mtz,1,1,3051,0.96535444
6211,./thermolysin_dw/thl_1p8A_grid_predictions_1.mtz,1,1,3052,0.88833123
6212,./thermolysin_dw/thl_1p8A_grid_predictions_1.mtz,1,1,3053,0.9298045
6213,./thermolysin_dw/thl_1p8A_grid_predictions_1.mtz,1,1,3054,0.94981176
6214,./thermolysin_dw/thl_1p8A_grid_predictions_1.mtz,1,1,3055,0.94418204
6215,./thermolysin_dw/thl_1p8A_grid_predictions_1.mtz,1,1,3056,0.9326346
6216,./thermolysin_dw/thl_1p8A_grid_predictions_1.mtz,1,1,3057,0.9037193
6217,./thermolysin_dw/thl_1p8A_grid_predictions_1.mtz,1,1,3058,0.9100584
6218,./thermolysin_dw/thl_1p8A_grid_predictions_1.mtz,1,1,3059,0.28350812
6219,./thermolysin_dw/thl_1p8A_grid_predictions_1.mtz,1,1,3060,0.9282673
6220,./thermolysin_dw/thl_1p8A_grid_predictions_1.mtz,1,1,3061,0.90909463
6221,./thermolysin_dw/thl_1p8A_grid_predictions_1.mtz,1,1,3062,0.87357724
6222,./thermolysin_dw/thl_1p8A_grid_predictions_1.mtz,1,1,3063,0.9612505
6223,./thermolysin_dw/thl_1p8A_grid_predictions_1.mtz,1,1,3064,0.96385026
6224,./thermolysin_dw/thl_1p8A_grid_predictions_1.mtz,1,1,3065,0.97434574
6225,./thermolysin_dw/thl_1p8A_grid_predictions_1.mtz,1,1,3066,0.9906891
6226,./thermolysin_dw/thl_1p8A_grid_predictions_1.mtz,1,1,3067,0.9122293
6227,./thermolysin_dw/thl_1p8A_grid_predictions_1.mtz,1,1,3068,0.9561495
6228,./thermolysin_dw/thl_1p8A_grid_predictions_1.mtz,1,1,3069,0.88567275
6229,./thermolysin_dw/thl_1p8A_grid_predictions_1.mtz,1,1,3070,0.93852717
6230,./thermolysin_dw/thl_1p8A_grid_predictions_1.mtz,1,1,3071,0.92614484
6231,./thermolysin_dw/thl_1p8A_grid_predictions_1.mtz,1,1,3072,0.93206155
6232,./thermolysin_dw/thl_1p8A_grid_predictions_1.mtz,1,1,3073,0.93892574
6233,./thermolysin_dw/thl_1p8A_grid_predictions_1.mtz,1,1,3074,0.9210565
6234,./thermolysin_dw/thl_1p8A_grid_predictions_1.mtz,1,1,3075,0.8948212
6235,./thermolysin_dw/thl_1p8A_grid_predictions_1.mtz,1,1,3076,0.8751786
6236,./thermolysin_dw/thl_1p8A_grid_predictions_1.mtz,1,1,3077,0.9270919
6237,./thermolysin_dw/thl_1p8A_grid_predictions_1.mtz,1,1,3078,0.9549491
6238,./thermolysin_dw/thl_1p8A_grid_predictions_1.mtz,1,1,3079,0.9205366
6239,./thermolysin_dw/thl_1p8A_grid_predictions_1.mtz,1,1,3080,0.93733865
6240,./thermolysin_dw/thl_1p8A_grid_predictions_1.mtz,1,1,3081,0.9311371
6241,./thermolysin_dw/thl_1p8A_grid_predictions_1.mtz,1,1,3082,0.87960917
6242,./thermolysin_dw/thl_1p8A_grid_predictions_1.mtz,1,1,3083,0.884616
6243,./thermolysin_dw/thl_1p8A_grid_predictions_1.mtz,1,1,3084,0.8825445
6244,./thermolysin_dw/thl_1p8A_grid_predictions_1.mtz,1,1,3085,0.91872483
6245,./thermolysin_dw/thl_1p8A_grid_predictions_1.mtz,1,1,3086,0.8896836
6246,./thermolysin_dw/thl_1p8A_grid_predictions_1.mtz,1,1,3087,0.9349508
6247,./thermolysin_dw/thl_1p8A_grid_predictions_1.mtz,1,1,3088,0.8782271
6248,./thermolysin_dw/thl_1p8A_grid_predictions_1.mtz,1,1,3089,0.9621104
6249,./thermolysin_dw/thl_1p8A_grid_predictions_1.mtz,1,1,3090,0.8817176
6250,./thermolysin_dw/thl_1p8A_grid_predictions_1.mtz,1,1,3091,0.8476076
6251,./thermolysin_dw/thl_1p8A_grid_predictions_1.mtz,1,1,3092,0.9288062
6252,./thermolysin_dw/thl_1p8A_grid_predictions_1.mtz,1,1,3093,0.8654095
6253,./thermolysin_dw/thl_1p8A_grid_predictions_1.mtz,1,1,3094,0.83514035
6254,./thermolysin_dw/thl_1p8A_grid_predictions_1.mtz,1,1,3095,0.8661235
6255,./thermolysin_dw/thl_1p8A_grid_predictions_1.mtz,1,1,3096,0.90435356
6256,./thermolysin_dw/thl_1p8A_grid_predictions_1.mtz,1,1,3097,0.9265938
6257,./thermolysin_dw/thl_1p8A_grid_predictions_1.mtz,1,1,3098,0.8955461
6258,./thermolysin_dw/thl_1p8A_grid_predictions_1.mtz,1,1,3099,0.9482718
6259,./thermolysin_dw/thl_1p8A_grid_predictions_1.mtz,1,1,3100,0.8741083
6260,./thermolysin_dw/thl_1p8A_grid_predictions_1.mtz,1,1,3101,0.8569773
6261,./thermolysin_dw/thl_1p8A_grid_predictions_1.mtz,1,1,3102,0.9356358
6262,./thermolysin_dw/thl_1p8A_grid_predictions_1.mtz,1,1,3103,0.9606863
6263,./thermolysin_dw/thl_1p8A_grid_predictions_1.mtz,1,1,3104,0.9332474
6264,./thermolysin_dw/thl_1p8A_grid_predictions_1.mtz,1,1,3105,0.8976064
6265,./thermolysin_dw/thl_1p8A_grid_predictions_1.mtz,1,1,3106,0.91829103
6266,./thermolysin_dw/thl_1p8A_grid_predictions_1.mtz,1,1,3107,0.94543296
6267,./thermolysin_dw/thl_1p8A_grid_predictions_1.mtz,1,1,3108,0.9025465
6268,./thermolysin_dw/thl_1p8A_grid_predictions_1.mtz,1,1,3109,0.93132025
6269,./thermolysin_dw/thl_1p8A_grid_predictions_1.mtz,1,1,3110,0.92005455
6270,./thermolysin_dw/thl_1p8A_grid_predictions_1.mtz,1,1,3111,0.9610779
6271,./thermolysin_dw/thl_1p8A_grid_predictions_1.mtz,1,1,3112,0.90338176
6272,./thermolysin_dw/thl_1p8A_grid_predictions_1.mtz,1,1,3113,0.7929602
6273,./thermolysin_dw/thl_1p8A_grid_predictions_1.mtz,1,1,3114,0.9186076
6274,./thermolysin_dw/thl_1p8A_grid_predictions_1.mtz,1,1,3115,0.9141212
6275,./thermolysin_dw/thl_1p8A_grid_predictions_1.mtz,1,1,3116,0.9286669
6276,./thermolysin_dw/thl_1p8A_grid_predictions_1.mtz,1,1,3117,0.8533373
6277,./thermolysin_dw/thl_1p8A_grid_predictions_1.mtz,1,1,3118,0.88842285
6278,./thermolysin_dw/thl_1p8A_grid_predictions_1.mtz,1,1,3119,0.95381945
6279,./thermolysin_dw/thl_1p8A_grid_predictions_1.mtz,1,1,3120,0.9265921
6280,./thermolysin_dw/thl_1p8A_grid_predictions_1.mtz,1,1,3121,0.93696696
6281,./thermolysin_dw/thl_1p8A_grid_predictions_1.mtz,1,1,3122,0.83093697
6282,./thermolysin_dw/thl_1p8A_grid_predictions_1.mtz,1,1,3123,0.95247865
6283,./thermolysin_dw/thl_1p8A_grid_predictions_1.mtz,1,1,3124,0.83562326
6284,./thermolysin_dw/thl_1p8A_grid_predictions_1.mtz,1,1,3125,0.9352028
6285,./thermolysin_dw/thl_1p8A_grid_predictions_1.mtz,1,1,3126,0.77540654
6286,./thermolysin_dw/thl_1p8A_grid_predictions_1.mtz,1,1,3127,0.885314
6287,./thermolysin_dw/thl_1p8A_grid_predictions_1.mtz,1,1,3128,0.92281014
6288,./thermolysin_dw/thl_1p8A_grid_predictions_1.mtz,1,1,3129,0.88716596
6289,./thermolysin_dw/thl_1p8A_grid_predictions_1.mtz,1,1,3130,0.9097856
6290,./thermolysin_dw/thl_1p8A_grid_predictions_1.mtz,1,1,3131,0.62393427
6291,./thermolysin_dw/thl_1p8A_grid_predictions_1.mtz,1,1,3132,0.95632184
6292,./thermolysin_dw/thl_1p8A_grid_predictions_1.mtz,1,1,3133,0.90611136
6293,./thermolysin_dw/thl_1p8A_grid_predictions_1.mtz,1,1,3134,0.8855482
6294,./thermolysin_dw/thl_1p8A_grid_predictions_1.mtz,1,1,3135,0.912917
6295,./thermolysin_dw/thl_1p8A_grid_predictions_1.mtz,1,1,3136,0.92483556
6296,./thermolysin_dw/thl_1p8A_grid_predictions_1.mtz,1,1,3137,0.96109
6297,./thermolysin_dw/thl_1p8A_grid_predictions_1.mtz,1,1,3138,0.9214281
6298,./thermolysin_dw/thl_1p8A_grid_predictions_1.mtz,1,1,3139,0.8888745
6299,./thermolysin_dw/thl_1p8A_grid_predictions_1.mtz,1,1,3140,0.93679714
6300,./thermolysin_dw/thl_1p8A_grid_predictions_1.mtz,1,1,3141,0.92529064
6301,./thermolysin_dw/thl_1p8A_grid_predictions_1.mtz,1,1,3142,0.9041271
6302,./thermolysin_dw/thl_1p8A_grid_predictions_1.mtz,1,1,3143,0.95153785
6303,./thermolysin_dw/thl_1p8A_grid_predictions_1.mtz,1,1,3144,0.9283292
6304,./thermolysin_dw/thl_1p8A_grid_predictions_1.mtz,1,1,3145,0.89894134
6305,./thermolysin_dw/thl_1p8A_grid_predictions_1.mtz,1,1,3146,0.91533214
6306,./thermolysin_dw/thl_1p8A_grid_predictions_1.mtz,1,1,3147,0.95765775
6307,./thermolysin_dw/thl_1p8A_grid_predictions_1.mtz,1,1,3148,0.8578998
6308,./thermolysin_dw/thl_1p8A_grid_predictions_1.mtz,1,1,3149,0.8633499
6309,./thermolysin_dw/thl_1p8A_grid_predictions_1.mtz,1,1,3150,0.9560846
6310,./thermolysin_dw/thl_1p8A_grid_predictions_1.mtz,1,1,3151,0.8386322
6311,./thermolysin_dw/thl_1p8A_grid_predictions_1.mtz,1,1,3152,0.9134101
6312,./thermolysin_dw/thl_1p8A_grid_predictions_1.mtz,1,1,3153,0.90666753
6313,./thermolysin_dw/thl_1p8A_grid_predictions_1.mtz,1,1,3154,0.9631131
6314,./thermolysin_dw/thl_1p8A_grid_predictions_1.mtz,1,1,3155,0.89575815
6315,./thermolysin_dw/thl_1p8A_grid_predictions_1.mtz,1,1,3156,0.9368693
6316,./thermolysin_dw/thl_1p8A_grid_predictions_1.mtz,1,1,3157,0.95356
6317,./thermolysin_dw/thl_1p8A_grid_predictions_1.mtz,1,1,3158,0.7730614
6318,./thermolysin_dw/thl_1p8A_grid_predictions_1.mtz,1,1,3159,0.9013608
6319,./thermolysin_dw/thl_1p8A_grid_predictions_1.mtz,1,1,3160,0.8946017
